<?xml version="1.0" encoding="ISO-8859-1" ?>
<link_info>
   <banner>TI ARM Clang Linker PC v3.2.2.LTS</banner>
   <copyright>Copyright (c) 1996-2018 Texas Instruments Incorporated</copyright>
   <link_time>0x673ab823</link_time>
   <link_errors>0x0</link_errors>
   <output_file>C:\Users\roger_lin\Desktop\Meter\adc12_Meter\Debug\adc12_Meter.out</output_file>
   <entry_point>
      <name>_c_int00_noargs</name>
      <address>0x7d9</address>
   </entry_point>
   <input_file_list>
      <input_file id="fl-1">
         <path>C:\Users\roger_lin\Desktop\Meter\adc12_Meter\Debug\.\</path>
         <kind>object</kind>
         <file>adc12_single_conversion.o</file>
         <name>adc12_single_conversion.o</name>
      </input_file>
      <input_file id="fl-2">
         <path>C:\Users\roger_lin\Desktop\Meter\adc12_Meter\Debug\.\</path>
         <kind>object</kind>
         <file>ti_msp_dl_config.o</file>
         <name>ti_msp_dl_config.o</name>
      </input_file>
      <input_file id="fl-3">
         <path>C:\Users\roger_lin\Desktop\Meter\adc12_Meter\Debug\.\</path>
         <kind>object</kind>
         <file>startup_mspm0g350x_ticlang.o</file>
         <name>startup_mspm0g350x_ticlang.o</name>
      </input_file>
      <input_file id="fl-10">
         <path>C:\Users\roger_lin\Desktop\Meter\adc12_Meter\Debug\</path>
         <kind>object</kind>
         <file>&lt;internal&gt;</file>
         <name>&lt;internal&gt;</name>
      </input_file>
      <input_file id="fl-11">
         <path>C:\ti\mspm0_sdk_2_02_00_05\source\ti\driverlib\lib\ticlang\m0p\mspm0g1x0x_g3x0x\</path>
         <kind>archive</kind>
         <file>driverlib.a</file>
         <name>dl_adc12.o</name>
      </input_file>
      <input_file id="fl-12">
         <path>C:\ti\mspm0_sdk_2_02_00_05\source\ti\driverlib\lib\ticlang\m0p\mspm0g1x0x_g3x0x\</path>
         <kind>archive</kind>
         <file>driverlib.a</file>
         <name>dl_common.o</name>
      </input_file>
      <input_file id="fl-13">
         <path>C:\ti\mspm0_sdk_2_02_00_05\source\ti\driverlib\lib\ticlang\m0p\mspm0g1x0x_g3x0x\</path>
         <kind>archive</kind>
         <file>driverlib.a</file>
         <name>dl_timer.o</name>
      </input_file>
      <input_file id="fl-22">
         <path>C:\ti\ccs1280\ccs\tools\compiler\ti-cgt-armllvm_3.2.2.LTS\lib\armv6m-ti-none-eabi\c\</path>
         <kind>archive</kind>
         <file>libc.a</file>
         <name>boot_cortex_m.c.obj</name>
      </input_file>
      <input_file id="fl-23">
         <path>C:\ti\ccs1280\ccs\tools\compiler\ti-cgt-armllvm_3.2.2.LTS\lib\armv6m-ti-none-eabi\c\</path>
         <kind>archive</kind>
         <file>libc.a</file>
         <name>mathacl_init.c.obj</name>
      </input_file>
      <input_file id="fl-24">
         <path>C:\ti\ccs1280\ccs\tools\compiler\ti-cgt-armllvm_3.2.2.LTS\lib\armv6m-ti-none-eabi\c\</path>
         <kind>archive</kind>
         <file>libc.a</file>
         <name>autoinit.c.obj</name>
      </input_file>
      <input_file id="fl-25">
         <path>C:\ti\ccs1280\ccs\tools\compiler\ti-cgt-armllvm_3.2.2.LTS\lib\armv6m-ti-none-eabi\c\</path>
         <kind>archive</kind>
         <file>libc.a</file>
         <name>pre_init.c.obj</name>
      </input_file>
      <input_file id="fl-26">
         <path>C:\ti\ccs1280\ccs\tools\compiler\ti-cgt-armllvm_3.2.2.LTS\lib\armv6m-ti-none-eabi\c\</path>
         <kind>archive</kind>
         <file>libc.a</file>
         <name>cpy_tbl.c.obj</name>
      </input_file>
      <input_file id="fl-27">
         <path>C:\ti\ccs1280\ccs\tools\compiler\ti-cgt-armllvm_3.2.2.LTS\lib\armv6m-ti-none-eabi\c\</path>
         <kind>archive</kind>
         <file>libc.a</file>
         <name>copy_zero_init.c.obj</name>
      </input_file>
      <input_file id="fl-28">
         <path>C:\ti\ccs1280\ccs\tools\compiler\ti-cgt-armllvm_3.2.2.LTS\lib\armv6m-ti-none-eabi\c\</path>
         <kind>archive</kind>
         <file>libc.a</file>
         <name>copy_decompress_none.c.obj</name>
      </input_file>
      <input_file id="fl-29">
         <path>C:\ti\ccs1280\ccs\tools\compiler\ti-cgt-armllvm_3.2.2.LTS\lib\armv6m-ti-none-eabi\c\</path>
         <kind>archive</kind>
         <file>libc.a</file>
         <name>copy_decompress_lzss.c.obj</name>
      </input_file>
      <input_file id="fl-2a">
         <path>C:\ti\ccs1280\ccs\tools\compiler\ti-cgt-armllvm_3.2.2.LTS\lib\armv6m-ti-none-eabi\c\</path>
         <kind>archive</kind>
         <file>libc.a</file>
         <name>exit.c.obj</name>
      </input_file>
      <input_file id="fl-2b">
         <path>C:\ti\ccs1280\ccs\tools\compiler\ti-cgt-armllvm_3.2.2.LTS\lib\armv6m-ti-none-eabi\c\</path>
         <kind>archive</kind>
         <file>libc.a</file>
         <name>_lock.c.obj</name>
      </input_file>
      <input_file id="fl-2c">
         <path>C:\ti\ccs1280\ccs\tools\compiler\ti-cgt-armllvm_3.2.2.LTS\lib\armv6m-ti-none-eabi\c\</path>
         <kind>archive</kind>
         <file>libc.a</file>
         <name>args_main.c.obj</name>
      </input_file>
      <input_file id="fl-92">
         <path>C:\ti\ccs1280\ccs\tools\compiler\ti-cgt-armllvm_3.2.2.LTS\lib\clang\15.0.7\lib\armv6m-ti-none-eabi\</path>
         <kind>archive</kind>
         <file>libclang_rt.builtins.a</file>
         <name>addsf3.S.obj</name>
      </input_file>
      <input_file id="fl-93">
         <path>C:\ti\ccs1280\ccs\tools\compiler\ti-cgt-armllvm_3.2.2.LTS\lib\clang\15.0.7\lib\armv6m-ti-none-eabi\</path>
         <kind>archive</kind>
         <file>libclang_rt.builtins.a</file>
         <name>muldf3.S.obj</name>
      </input_file>
      <input_file id="fl-94">
         <path>C:\ti\ccs1280\ccs\tools\compiler\ti-cgt-armllvm_3.2.2.LTS\lib\clang\15.0.7\lib\armv6m-ti-none-eabi\</path>
         <kind>archive</kind>
         <file>libclang_rt.builtins.a</file>
         <name>muldsi3.S.obj</name>
      </input_file>
      <input_file id="fl-95">
         <path>C:\ti\ccs1280\ccs\tools\compiler\ti-cgt-armllvm_3.2.2.LTS\lib\clang\15.0.7\lib\armv6m-ti-none-eabi\</path>
         <kind>archive</kind>
         <file>libclang_rt.builtins.a</file>
         <name>mulsf3.S.obj</name>
      </input_file>
      <input_file id="fl-96">
         <path>C:\ti\ccs1280\ccs\tools\compiler\ti-cgt-armllvm_3.2.2.LTS\lib\clang\15.0.7\lib\armv6m-ti-none-eabi\</path>
         <kind>archive</kind>
         <file>libclang_rt.builtins.a</file>
         <name>divsf3.S.obj</name>
      </input_file>
      <input_file id="fl-97">
         <path>C:\ti\ccs1280\ccs\tools\compiler\ti-cgt-armllvm_3.2.2.LTS\lib\clang\15.0.7\lib\armv6m-ti-none-eabi\</path>
         <kind>archive</kind>
         <file>libclang_rt.builtins.a</file>
         <name>extendsfdf2.S.obj</name>
      </input_file>
      <input_file id="fl-98">
         <path>C:\ti\ccs1280\ccs\tools\compiler\ti-cgt-armllvm_3.2.2.LTS\lib\clang\15.0.7\lib\armv6m-ti-none-eabi\</path>
         <kind>archive</kind>
         <file>libclang_rt.builtins.a</file>
         <name>floatunsisf.S.obj</name>
      </input_file>
      <input_file id="fl-99">
         <path>C:\ti\ccs1280\ccs\tools\compiler\ti-cgt-armllvm_3.2.2.LTS\lib\clang\15.0.7\lib\armv6m-ti-none-eabi\</path>
         <kind>archive</kind>
         <file>libclang_rt.builtins.a</file>
         <name>truncdfsf2.S.obj</name>
      </input_file>
      <input_file id="fl-9a">
         <path>C:\ti\ccs1280\ccs\tools\compiler\ti-cgt-armllvm_3.2.2.LTS\lib\clang\15.0.7\lib\armv6m-ti-none-eabi\</path>
         <kind>archive</kind>
         <file>libclang_rt.builtins.a</file>
         <name>aeabi_memcpy.S.obj</name>
      </input_file>
      <input_file id="fl-9b">
         <path>C:\ti\ccs1280\ccs\tools\compiler\ti-cgt-armllvm_3.2.2.LTS\lib\clang\15.0.7\lib\armv6m-ti-none-eabi\</path>
         <kind>archive</kind>
         <file>libclang_rt.builtins.a</file>
         <name>aeabi_memset.S.obj</name>
      </input_file>
      <input_file id="fl-9c">
         <path>C:\ti\ccs1280\ccs\tools\compiler\ti-cgt-armllvm_3.2.2.LTS\lib\armv6m-ti-none-eabi\c\</path>
         <kind>archive</kind>
         <file>libc.a</file>
         <name>memcpy16.S.obj</name>
      </input_file>
      <input_file id="fl-9d">
         <path>C:\ti\ccs1280\ccs\tools\compiler\ti-cgt-armllvm_3.2.2.LTS\lib\armv6m-ti-none-eabi\c\</path>
         <kind>archive</kind>
         <file>libc.a</file>
         <name>memset16.S.obj</name>
      </input_file>
   </input_file_list>
   <object_component_list>
      <object_component id="oc-18">
         <name>.intvecs</name>
         <load_address>0x0</load_address>
         <readonly>true</readonly>
         <run_address>0x0</run_address>
         <size>0xc0</size>
         <alignment>0x4</alignment>
         <input_file_ref idref="fl-3"/>
      </object_component>
      <object_component id="oc-f1">
         <name>.text.DL_Timer_initTimerMode</name>
         <load_address>0xc0</load_address>
         <readonly>true</readonly>
         <executable>true</executable>
         <run_address>0xc0</run_address>
         <size>0xe8</size>
         <alignment>0x4</alignment>
         <input_file_ref idref="fl-13"/>
      </object_component>
      <object_component id="oc-67">
         <name>.text.__muldf3</name>
         <load_address>0x1a8</load_address>
         <readonly>true</readonly>
         <executable>true</executable>
         <run_address>0x1a8</run_address>
         <size>0xe4</size>
         <alignment>0x4</alignment>
         <input_file_ref idref="fl-93"/>
      </object_component>
      <object_component id="oc-6f">
         <name>.text</name>
         <load_address>0x28c</load_address>
         <readonly>true</readonly>
         <executable>true</executable>
         <run_address>0x28c</run_address>
         <size>0xd8</size>
         <alignment>0x4</alignment>
         <input_file_ref idref="fl-92"/>
      </object_component>
      <object_component id="oc-73">
         <name>.text.__mulsf3</name>
         <load_address>0x364</load_address>
         <readonly>true</readonly>
         <executable>true</executable>
         <run_address>0x364</run_address>
         <size>0x8c</size>
         <alignment>0x4</alignment>
         <input_file_ref idref="fl-95"/>
      </object_component>
      <object_component id="oc-5f">
         <name>.text.__divsf3</name>
         <load_address>0x3f0</load_address>
         <readonly>true</readonly>
         <executable>true</executable>
         <run_address>0x3f0</run_address>
         <size>0x82</size>
         <alignment>0x4</alignment>
         <input_file_ref idref="fl-96"/>
      </object_component>
      <object_component id="oc-33">
         <name>.text.Default_Handler</name>
         <load_address>0x472</load_address>
         <readonly>true</readonly>
         <executable>true</executable>
         <run_address>0x472</run_address>
         <size>0x2</size>
         <alignment>0x2</alignment>
         <input_file_ref idref="fl-3"/>
      </object_component>
      <object_component id="oc-34">
         <name>.text.TIMG6_IRQHandler</name>
         <load_address>0x474</load_address>
         <readonly>true</readonly>
         <executable>true</executable>
         <run_address>0x474</run_address>
         <size>0x80</size>
         <alignment>0x4</alignment>
         <input_file_ref idref="fl-1"/>
      </object_component>
      <object_component id="oc-e7">
         <name>.text.DL_Common_delayCycles</name>
         <load_address>0x4f4</load_address>
         <readonly>true</readonly>
         <executable>true</executable>
         <run_address>0x4f4</run_address>
         <size>0xa</size>
         <alignment>0x2</alignment>
         <input_file_ref idref="fl-12"/>
      </object_component>
      <object_component id="oc-6b">
         <name>.text.__truncdfsf2</name>
         <load_address>0x500</load_address>
         <readonly>true</readonly>
         <executable>true</executable>
         <run_address>0x500</run_address>
         <size>0x74</size>
         <alignment>0x10</alignment>
         <input_file_ref idref="fl-99"/>
      </object_component>
      <object_component id="oc-d6">
         <name>.text.SYSCFG_DL_ADC12_0_init</name>
         <load_address>0x574</load_address>
         <readonly>true</readonly>
         <executable>true</executable>
         <run_address>0x574</run_address>
         <size>0x68</size>
         <alignment>0x4</alignment>
         <input_file_ref idref="fl-2"/>
      </object_component>
      <object_component id="oc-f4">
         <name>.text.DL_ADC12_setClockConfig</name>
         <load_address>0x5dc</load_address>
         <readonly>true</readonly>
         <executable>true</executable>
         <run_address>0x5dc</run_address>
         <size>0x40</size>
         <alignment>0x4</alignment>
         <input_file_ref idref="fl-11"/>
      </object_component>
      <object_component id="oc-d1">
         <name>.text.SYSCFG_DL_initPower</name>
         <load_address>0x61c</load_address>
         <readonly>true</readonly>
         <executable>true</executable>
         <run_address>0x61c</run_address>
         <size>0x40</size>
         <alignment>0x4</alignment>
         <input_file_ref idref="fl-2"/>
      </object_component>
      <object_component id="oc-63">
         <name>.text.__extendsfdf2</name>
         <load_address>0x65c</load_address>
         <readonly>true</readonly>
         <executable>true</executable>
         <run_address>0x65c</run_address>
         <size>0x40</size>
         <alignment>0x4</alignment>
         <input_file_ref idref="fl-97"/>
      </object_component>
      <object_component id="oc-b7">
         <name>.text:__TI_auto_init_nobinit_nopinit</name>
         <load_address>0x69c</load_address>
         <readonly>true</readonly>
         <executable>true</executable>
         <run_address>0x69c</run_address>
         <size>0x3c</size>
         <alignment>0x4</alignment>
         <input_file_ref idref="fl-24"/>
      </object_component>
      <object_component id="oc-99">
         <name>.text.__muldsi3</name>
         <load_address>0x6d8</load_address>
         <readonly>true</readonly>
         <executable>true</executable>
         <run_address>0x6d8</run_address>
         <size>0x3a</size>
         <alignment>0x4</alignment>
         <input_file_ref idref="fl-94"/>
      </object_component>
      <object_component id="oc-d5">
         <name>.text.SYSCFG_DL_TIMER_0_init</name>
         <load_address>0x714</load_address>
         <readonly>true</readonly>
         <executable>true</executable>
         <run_address>0x714</run_address>
         <size>0x38</size>
         <alignment>0x4</alignment>
         <input_file_ref idref="fl-2"/>
      </object_component>
      <object_component id="oc-8b">
         <name>.text.main</name>
         <load_address>0x74c</load_address>
         <readonly>true</readonly>
         <executable>true</executable>
         <run_address>0x74c</run_address>
         <size>0x34</size>
         <alignment>0x4</alignment>
         <input_file_ref idref="fl-1"/>
      </object_component>
      <object_component id="oc-d3">
         <name>.text.SYSCFG_DL_SYSCTL_init</name>
         <load_address>0x780</load_address>
         <readonly>true</readonly>
         <executable>true</executable>
         <run_address>0x780</run_address>
         <size>0x30</size>
         <alignment>0x4</alignment>
         <input_file_ref idref="fl-2"/>
      </object_component>
      <object_component id="oc-5b">
         <name>.text.__floatunsisf</name>
         <load_address>0x7b0</load_address>
         <readonly>true</readonly>
         <executable>true</executable>
         <run_address>0x7b0</run_address>
         <size>0x28</size>
         <alignment>0x4</alignment>
         <input_file_ref idref="fl-98"/>
      </object_component>
      <object_component id="oc-54">
         <name>.text:_c_int00_noargs</name>
         <load_address>0x7d8</load_address>
         <readonly>true</readonly>
         <executable>true</executable>
         <run_address>0x7d8</run_address>
         <size>0x28</size>
         <alignment>0x4</alignment>
         <input_file_ref idref="fl-22"/>
      </object_component>
      <object_component id="oc-ab">
         <name>.text.SYSCFG_DL_init</name>
         <load_address>0x800</load_address>
         <readonly>true</readonly>
         <executable>true</executable>
         <run_address>0x800</run_address>
         <size>0x24</size>
         <alignment>0x4</alignment>
         <input_file_ref idref="fl-2"/>
      </object_component>
      <object_component id="oc-eb">
         <name>.text.DL_Timer_setClockConfig</name>
         <load_address>0x824</load_address>
         <readonly>true</readonly>
         <executable>true</executable>
         <run_address>0x824</run_address>
         <size>0x1c</size>
         <alignment>0x4</alignment>
         <input_file_ref idref="fl-13"/>
      </object_component>
      <object_component id="oc-d2">
         <name>.text.SYSCFG_DL_GPIO_init</name>
         <load_address>0x840</load_address>
         <readonly>true</readonly>
         <executable>true</executable>
         <run_address>0x840</run_address>
         <size>0x18</size>
         <alignment>0x4</alignment>
         <input_file_ref idref="fl-2"/>
      </object_component>
      <object_component id="oc-4b">
         <name>.text:decompress:ZI:__TI_zero_init_nomemset</name>
         <load_address>0x858</load_address>
         <readonly>true</readonly>
         <executable>true</executable>
         <run_address>0x858</run_address>
         <size>0x16</size>
         <alignment>0x2</alignment>
         <input_file_ref idref="fl-27"/>
      </object_component>
      <object_component id="oc-2f">
         <name>.text.Reset_Handler</name>
         <load_address>0x86e</load_address>
         <readonly>true</readonly>
         <executable>true</executable>
         <run_address>0x86e</run_address>
         <size>0x4</size>
         <alignment>0x2</alignment>
         <input_file_ref idref="fl-3"/>
      </object_component>
      <object_component id="oc-87">
         <name>.text._system_pre_init</name>
         <load_address>0x872</load_address>
         <readonly>true</readonly>
         <executable>true</executable>
         <run_address>0x872</run_address>
         <size>0x4</size>
         <alignment>0x2</alignment>
         <input_file_ref idref="fl-25"/>
      </object_component>
      <object_component id="oc-b0">
         <name>.text:abort</name>
         <load_address>0x876</load_address>
         <readonly>true</readonly>
         <executable>true</executable>
         <run_address>0x876</run_address>
         <size>0x4</size>
         <alignment>0x2</alignment>
         <input_file_ref idref="fl-2a"/>
      </object_component>
      <object_component id="oc-14c">
         <name>.cinit..bss.load</name>
         <load_address>0x8a0</load_address>
         <readonly>true</readonly>
         <run_address>0x8a0</run_address>
         <size>0x8</size>
         <alignment>0x4</alignment>
      </object_component>
      <object_component id="oc-14a">
         <name>__TI_handler_table</name>
         <load_address>0x8a8</load_address>
         <readonly>true</readonly>
         <run_address>0x8a8</run_address>
         <size>0x4</size>
         <alignment>0x4</alignment>
      </object_component>
      <object_component id="oc-14b">
         <name>__TI_cinit_table</name>
         <load_address>0x8ac</load_address>
         <readonly>true</readonly>
         <run_address>0x8ac</run_address>
         <size>0x8</size>
         <alignment>0x4</alignment>
      </object_component>
      <object_component id="oc-f3">
         <name>.rodata.gTIMER_0TimerConfig</name>
         <load_address>0x880</load_address>
         <readonly>true</readonly>
         <run_address>0x880</run_address>
         <size>0x14</size>
         <alignment>0x4</alignment>
         <input_file_ref idref="fl-2"/>
      </object_component>
      <object_component id="oc-fa">
         <name>.rodata.gADC12_0ClockConfig</name>
         <load_address>0x894</load_address>
         <readonly>true</readonly>
         <run_address>0x894</run_address>
         <size>0x8</size>
         <alignment>0x4</alignment>
         <input_file_ref idref="fl-2"/>
      </object_component>
      <object_component id="oc-f2">
         <name>.rodata.gTIMER_0ClockConfig</name>
         <load_address>0x89c</load_address>
         <readonly>true</readonly>
         <run_address>0x89c</run_address>
         <size>0x3</size>
         <alignment>0x1</alignment>
         <input_file_ref idref="fl-2"/>
      </object_component>
      <object_component id="oc-114">
         <name>.binit</name>
         <load_address>0x0</load_address>
         <readonly>true</readonly>
         <run_address>0x0</run_address>
         <size>0x0</size>
         <alignment>0x4</alignment>
      </object_component>
      <object_component id="oc-77">
         <name>.common:AdcResult</name>
         <uninitialized>true</uninitialized>
         <readwrite>true</readwrite>
         <run_address>0x202000b0</run_address>
         <size>0x2</size>
         <alignment>0x2</alignment>
      </object_component>
      <object_component id="oc-78">
         <name>.common:measured_voltage</name>
         <uninitialized>true</uninitialized>
         <readwrite>true</readwrite>
         <run_address>0x202000ac</run_address>
         <size>0x4</size>
         <alignment>0x4</alignment>
      </object_component>
      <object_component id="oc-79">
         <name>.common:OFFSET</name>
         <uninitialized>true</uninitialized>
         <readwrite>true</readwrite>
         <run_address>0x202000a4</run_address>
         <size>0x4</size>
         <alignment>0x4</alignment>
      </object_component>
      <object_component id="oc-7a">
         <name>.common:GAIN</name>
         <uninitialized>true</uninitialized>
         <readwrite>true</readwrite>
         <run_address>0x202000a0</run_address>
         <size>0x4</size>
         <alignment>0x4</alignment>
      </object_component>
      <object_component id="oc-7b">
         <name>.common:corrected_voltage</name>
         <uninitialized>true</uninitialized>
         <readwrite>true</readwrite>
         <run_address>0x202000a8</run_address>
         <size>0x4</size>
         <alignment>0x4</alignment>
      </object_component>
      <object_component id="oc-d7">
         <name>.common:gTIMER_0Backup</name>
         <uninitialized>true</uninitialized>
         <readwrite>true</readwrite>
         <run_address>0x20200000</run_address>
         <size>0xa0</size>
         <alignment>0x4</alignment>
      </object_component>
      <object_component id="oc-1a">
         <name>.stack</name>
         <uninitialized>true</uninitialized>
         <readwrite>true</readwrite>
         <run_address>0x20207e00</run_address>
         <size>0x4</size>
         <alignment>0x4</alignment>
         <input_file_ref idref="fl-22"/>
      </object_component>
      <object_component id="oc-14e">
         <name>.stack</name>
         <uninitialized>true</uninitialized>
         <readwrite>true</readwrite>
         <run_address>0x20207e00</run_address>
         <size>0x0</size>
         <alignment>0x8</alignment>
      </object_component>
      <object_component id="oc-7c">
         <name>.debug_abbrev</name>
         <load_address>0x0</load_address>
         <run_address>0x0</run_address>
         <size>0x1af</size>
         <alignment>0x1</alignment>
         <input_file_ref idref="fl-1"/>
      </object_component>
      <object_component id="oc-d8">
         <name>.debug_abbrev</name>
         <load_address>0x1af</load_address>
         <run_address>0x1af</run_address>
         <size>0x222</size>
         <alignment>0x1</alignment>
         <input_file_ref idref="fl-2"/>
      </object_component>
      <object_component id="oc-39">
         <name>.debug_abbrev</name>
         <load_address>0x3d1</load_address>
         <run_address>0x3d1</run_address>
         <size>0x6d</size>
         <alignment>0x1</alignment>
         <input_file_ref idref="fl-3"/>
      </object_component>
      <object_component id="oc-109">
         <name>.debug_abbrev</name>
         <load_address>0x43e</load_address>
         <run_address>0x43e</run_address>
         <size>0x171</size>
         <alignment>0x1</alignment>
         <input_file_ref idref="fl-11"/>
      </object_component>
      <object_component id="oc-104">
         <name>.debug_abbrev</name>
         <load_address>0x5af</load_address>
         <run_address>0x5af</run_address>
         <size>0x62</size>
         <alignment>0x1</alignment>
         <input_file_ref idref="fl-12"/>
      </object_component>
      <object_component id="oc-107">
         <name>.debug_abbrev</name>
         <load_address>0x611</load_address>
         <run_address>0x611</run_address>
         <size>0x23b</size>
         <alignment>0x1</alignment>
         <input_file_ref idref="fl-13"/>
      </object_component>
      <object_component id="oc-3b">
         <name>.debug_abbrev</name>
         <load_address>0x84c</load_address>
         <run_address>0x84c</run_address>
         <size>0xaf</size>
         <alignment>0x1</alignment>
         <input_file_ref idref="fl-22"/>
      </object_component>
      <object_component id="oc-e0">
         <name>.debug_abbrev</name>
         <load_address>0x8fb</load_address>
         <run_address>0x8fb</run_address>
         <size>0x186</size>
         <alignment>0x1</alignment>
         <input_file_ref idref="fl-24"/>
      </object_component>
      <object_component id="oc-a9">
         <name>.debug_abbrev</name>
         <load_address>0xa81</load_address>
         <run_address>0xa81</run_address>
         <size>0x39</size>
         <alignment>0x1</alignment>
         <input_file_ref idref="fl-25"/>
      </object_component>
      <object_component id="oc-80">
         <name>.debug_abbrev</name>
         <load_address>0xaba</load_address>
         <run_address>0xaba</run_address>
         <size>0xc2</size>
         <alignment>0x1</alignment>
         <input_file_ref idref="fl-27"/>
      </object_component>
      <object_component id="oc-da">
         <name>.debug_abbrev</name>
         <load_address>0xb7c</load_address>
         <run_address>0xb7c</run_address>
         <size>0xb3</size>
         <alignment>0x1</alignment>
         <input_file_ref idref="fl-2a"/>
      </object_component>
      <object_component id="oc-9f">
         <name>.debug_abbrev</name>
         <load_address>0xc2f</load_address>
         <run_address>0xc2f</run_address>
         <size>0x27</size>
         <alignment>0x1</alignment>
         <input_file_ref idref="fl-92"/>
      </object_component>
      <object_component id="oc-9d">
         <name>.debug_abbrev</name>
         <load_address>0xc56</load_address>
         <run_address>0xc56</run_address>
         <size>0x27</size>
         <alignment>0x1</alignment>
         <input_file_ref idref="fl-93"/>
      </object_component>
      <object_component id="oc-c9">
         <name>.debug_abbrev</name>
         <load_address>0xc7d</load_address>
         <run_address>0xc7d</run_address>
         <size>0x27</size>
         <alignment>0x1</alignment>
         <input_file_ref idref="fl-94"/>
      </object_component>
      <object_component id="oc-a0">
         <name>.debug_abbrev</name>
         <load_address>0xca4</load_address>
         <run_address>0xca4</run_address>
         <size>0x27</size>
         <alignment>0x1</alignment>
         <input_file_ref idref="fl-95"/>
      </object_component>
      <object_component id="oc-97">
         <name>.debug_abbrev</name>
         <load_address>0xccb</load_address>
         <run_address>0xccb</run_address>
         <size>0x27</size>
         <alignment>0x1</alignment>
         <input_file_ref idref="fl-96"/>
      </object_component>
      <object_component id="oc-98">
         <name>.debug_abbrev</name>
         <load_address>0xcf2</load_address>
         <run_address>0xcf2</run_address>
         <size>0x27</size>
         <alignment>0x1</alignment>
         <input_file_ref idref="fl-97"/>
      </object_component>
      <object_component id="oc-96">
         <name>.debug_abbrev</name>
         <load_address>0xd19</load_address>
         <run_address>0xd19</run_address>
         <size>0x27</size>
         <alignment>0x1</alignment>
         <input_file_ref idref="fl-98"/>
      </object_component>
      <object_component id="oc-9e">
         <name>.debug_abbrev</name>
         <load_address>0xd40</load_address>
         <run_address>0xd40</run_address>
         <size>0x27</size>
         <alignment>0x1</alignment>
         <input_file_ref idref="fl-99"/>
      </object_component>
      <object_component id="oc-150">
         <name>.debug_abbrev</name>
         <load_address>0xd67</load_address>
         <run_address>0xd67</run_address>
         <size>0xf</size>
         <alignment>0x0</alignment>
      </object_component>
      <object_component id="oc-35">
         <name>.debug_info</name>
         <load_address>0x0</load_address>
         <run_address>0x0</run_address>
         <size>0x1595</size>
         <alignment>0x1</alignment>
         <input_file_ref idref="fl-1"/>
      </object_component>
      <object_component id="oc-af">
         <name>.debug_info</name>
         <load_address>0x1595</load_address>
         <run_address>0x1595</run_address>
         <size>0x33ed</size>
         <alignment>0x1</alignment>
         <input_file_ref idref="fl-2"/>
      </object_component>
      <object_component id="oc-19">
         <name>.debug_info</name>
         <load_address>0x4982</load_address>
         <run_address>0x4982</run_address>
         <size>0x80</size>
         <alignment>0x1</alignment>
         <input_file_ref idref="fl-3"/>
      </object_component>
      <object_component id="oc-f6">
         <name>.debug_info</name>
         <load_address>0x4a02</load_address>
         <run_address>0x4a02</run_address>
         <size>0x731</size>
         <alignment>0x1</alignment>
         <input_file_ref idref="fl-11"/>
      </object_component>
      <object_component id="oc-e9">
         <name>.debug_info</name>
         <load_address>0x5133</load_address>
         <run_address>0x5133</run_address>
         <size>0x75</size>
         <alignment>0x1</alignment>
         <input_file_ref idref="fl-12"/>
      </object_component>
      <object_component id="oc-ee">
         <name>.debug_info</name>
         <load_address>0x51a8</load_address>
         <run_address>0x51a8</run_address>
         <size>0x2f4b</size>
         <alignment>0x1</alignment>
         <input_file_ref idref="fl-13"/>
      </object_component>
      <object_component id="oc-1b">
         <name>.debug_info</name>
         <load_address>0x80f3</load_address>
         <run_address>0x80f3</run_address>
         <size>0x423</size>
         <alignment>0x1</alignment>
         <input_file_ref idref="fl-22"/>
      </object_component>
      <object_component id="oc-bc">
         <name>.debug_info</name>
         <load_address>0x8516</load_address>
         <run_address>0x8516</run_address>
         <size>0x74a</size>
         <alignment>0x1</alignment>
         <input_file_ref idref="fl-24"/>
      </object_component>
      <object_component id="oc-8a">
         <name>.debug_info</name>
         <load_address>0x8c60</load_address>
         <run_address>0x8c60</run_address>
         <size>0x46</size>
         <alignment>0x1</alignment>
         <input_file_ref idref="fl-25"/>
      </object_component>
      <object_component id="oc-50">
         <name>.debug_info</name>
         <load_address>0x8ca6</load_address>
         <run_address>0x8ca6</run_address>
         <size>0x192</size>
         <alignment>0x1</alignment>
         <input_file_ref idref="fl-27"/>
      </object_component>
      <object_component id="oc-b1">
         <name>.debug_info</name>
         <load_address>0x8e38</load_address>
         <run_address>0x8e38</run_address>
         <size>0xed</size>
         <alignment>0x1</alignment>
         <input_file_ref idref="fl-2a"/>
      </object_component>
      <object_component id="oc-72">
         <name>.debug_info</name>
         <load_address>0x8f25</load_address>
         <run_address>0x8f25</run_address>
         <size>0x1ac</size>
         <alignment>0x1</alignment>
         <input_file_ref idref="fl-92"/>
      </object_component>
      <object_component id="oc-69">
         <name>.debug_info</name>
         <load_address>0x90d1</load_address>
         <run_address>0x90d1</run_address>
         <size>0x192</size>
         <alignment>0x1</alignment>
         <input_file_ref idref="fl-93"/>
      </object_component>
      <object_component id="oc-9b">
         <name>.debug_info</name>
         <load_address>0x9263</load_address>
         <run_address>0x9263</run_address>
         <size>0x194</size>
         <alignment>0x1</alignment>
         <input_file_ref idref="fl-94"/>
      </object_component>
      <object_component id="oc-74">
         <name>.debug_info</name>
         <load_address>0x93f7</load_address>
         <run_address>0x93f7</run_address>
         <size>0x192</size>
         <alignment>0x1</alignment>
         <input_file_ref idref="fl-95"/>
      </object_component>
      <object_component id="oc-61">
         <name>.debug_info</name>
         <load_address>0x9589</load_address>
         <run_address>0x9589</run_address>
         <size>0x192</size>
         <alignment>0x1</alignment>
         <input_file_ref idref="fl-96"/>
      </object_component>
      <object_component id="oc-65">
         <name>.debug_info</name>
         <load_address>0x971b</load_address>
         <run_address>0x971b</run_address>
         <size>0x19c</size>
         <alignment>0x1</alignment>
         <input_file_ref idref="fl-97"/>
      </object_component>
      <object_component id="oc-5e">
         <name>.debug_info</name>
         <load_address>0x98b7</load_address>
         <run_address>0x98b7</run_address>
         <size>0x19c</size>
         <alignment>0x1</alignment>
         <input_file_ref idref="fl-98"/>
      </object_component>
      <object_component id="oc-6c">
         <name>.debug_info</name>
         <load_address>0x9a53</load_address>
         <run_address>0x9a53</run_address>
         <size>0x19a</size>
         <alignment>0x1</alignment>
         <input_file_ref idref="fl-99"/>
      </object_component>
      <object_component id="oc-14f">
         <name>.debug_info</name>
         <load_address>0x9bed</load_address>
         <run_address>0x9bed</run_address>
         <size>0xa6</size>
         <alignment>0x0</alignment>
      </object_component>
      <object_component id="oc-36">
         <name>.debug_ranges</name>
         <load_address>0x0</load_address>
         <run_address>0x0</run_address>
         <size>0x18</size>
         <alignment>0x1</alignment>
         <input_file_ref idref="fl-1"/>
      </object_component>
      <object_component id="oc-ae">
         <name>.debug_ranges</name>
         <load_address>0x18</load_address>
         <run_address>0x18</run_address>
         <size>0x48</size>
         <alignment>0x1</alignment>
         <input_file_ref idref="fl-2"/>
      </object_component>
      <object_component id="oc-30">
         <name>.debug_ranges</name>
         <load_address>0x60</load_address>
         <run_address>0x60</run_address>
         <size>0x18</size>
         <alignment>0x1</alignment>
         <input_file_ref idref="fl-3"/>
      </object_component>
      <object_component id="oc-f7">
         <name>.debug_ranges</name>
         <load_address>0x78</load_address>
         <run_address>0x78</run_address>
         <size>0x18</size>
         <alignment>0x1</alignment>
         <input_file_ref idref="fl-11"/>
      </object_component>
      <object_component id="oc-ec">
         <name>.debug_ranges</name>
         <load_address>0x90</load_address>
         <run_address>0x90</run_address>
         <size>0x168</size>
         <alignment>0x1</alignment>
         <input_file_ref idref="fl-13"/>
      </object_component>
      <object_component id="oc-3e">
         <name>.debug_ranges</name>
         <load_address>0x1f8</load_address>
         <run_address>0x1f8</run_address>
         <size>0x48</size>
         <alignment>0x1</alignment>
         <input_file_ref idref="fl-22"/>
      </object_component>
      <object_component id="oc-ba">
         <name>.debug_ranges</name>
         <load_address>0x240</load_address>
         <run_address>0x240</run_address>
         <size>0xa8</size>
         <alignment>0x1</alignment>
         <input_file_ref idref="fl-24"/>
      </object_component>
      <object_component id="oc-4e">
         <name>.debug_ranges</name>
         <load_address>0x2e8</load_address>
         <run_address>0x2e8</run_address>
         <size>0x18</size>
         <alignment>0x1</alignment>
         <input_file_ref idref="fl-27"/>
      </object_component>
      <object_component id="oc-b2">
         <name>.debug_ranges</name>
         <load_address>0x300</load_address>
         <run_address>0x300</run_address>
         <size>0x18</size>
         <alignment>0x1</alignment>
         <input_file_ref idref="fl-2a"/>
      </object_component>
      <object_component id="oc-7d">
         <name>.debug_str</name>
         <load_address>0x0</load_address>
         <run_address>0x0</run_address>
         <size>0xcea</size>
         <alignment>0x1</alignment>
         <input_file_ref idref="fl-1"/>
      </object_component>
      <object_component id="oc-d9">
         <name>.debug_str</name>
         <load_address>0xcea</load_address>
         <run_address>0xcea</run_address>
         <size>0x218e</size>
         <alignment>0x1</alignment>
         <input_file_ref idref="fl-2"/>
      </object_component>
      <object_component id="oc-3a">
         <name>.debug_str</name>
         <load_address>0x2e78</load_address>
         <run_address>0x2e78</run_address>
         <size>0x15d</size>
         <alignment>0x1</alignment>
         <input_file_ref idref="fl-3"/>
      </object_component>
      <object_component id="oc-10a">
         <name>.debug_str</name>
         <load_address>0x2fd5</load_address>
         <run_address>0x2fd5</run_address>
         <size>0x63b</size>
         <alignment>0x1</alignment>
         <input_file_ref idref="fl-11"/>
      </object_component>
      <object_component id="oc-105">
         <name>.debug_str</name>
         <load_address>0x3610</load_address>
         <run_address>0x3610</run_address>
         <size>0x177</size>
         <alignment>0x1</alignment>
         <input_file_ref idref="fl-12"/>
      </object_component>
      <object_component id="oc-108">
         <name>.debug_str</name>
         <load_address>0x3787</load_address>
         <run_address>0x3787</run_address>
         <size>0x1c1d</size>
         <alignment>0x1</alignment>
         <input_file_ref idref="fl-13"/>
      </object_component>
      <object_component id="oc-3c">
         <name>.debug_str</name>
         <load_address>0x53a4</load_address>
         <run_address>0x53a4</run_address>
         <size>0x225</size>
         <alignment>0x1</alignment>
         <input_file_ref idref="fl-22"/>
      </object_component>
      <object_component id="oc-e1">
         <name>.debug_str</name>
         <load_address>0x55c9</load_address>
         <run_address>0x55c9</run_address>
         <size>0x32f</size>
         <alignment>0x1</alignment>
         <input_file_ref idref="fl-24"/>
      </object_component>
      <object_component id="oc-aa">
         <name>.debug_str</name>
         <load_address>0x58f8</load_address>
         <run_address>0x58f8</run_address>
         <size>0xf5</size>
         <alignment>0x1</alignment>
         <input_file_ref idref="fl-25"/>
      </object_component>
      <object_component id="oc-81">
         <name>.debug_str</name>
         <load_address>0x59ed</load_address>
         <run_address>0x59ed</run_address>
         <size>0x19b</size>
         <alignment>0x1</alignment>
         <input_file_ref idref="fl-27"/>
      </object_component>
      <object_component id="oc-db">
         <name>.debug_str</name>
         <load_address>0x5b88</load_address>
         <run_address>0x5b88</run_address>
         <size>0x13f</size>
         <alignment>0x1</alignment>
         <input_file_ref idref="fl-2a"/>
      </object_component>
      <object_component id="oc-37">
         <name>.debug_frame</name>
         <load_address>0x0</load_address>
         <run_address>0x0</run_address>
         <size>0x38</size>
         <alignment>0x4</alignment>
         <input_file_ref idref="fl-1"/>
      </object_component>
      <object_component id="oc-ad">
         <name>.debug_frame</name>
         <load_address>0x38</load_address>
         <run_address>0x38</run_address>
         <size>0xc0</size>
         <alignment>0x4</alignment>
         <input_file_ref idref="fl-2"/>
      </object_component>
      <object_component id="oc-31">
         <name>.debug_frame</name>
         <load_address>0xf8</load_address>
         <run_address>0xf8</run_address>
         <size>0x30</size>
         <alignment>0x4</alignment>
         <input_file_ref idref="fl-3"/>
      </object_component>
      <object_component id="oc-f9">
         <name>.debug_frame</name>
         <load_address>0x128</load_address>
         <run_address>0x128</run_address>
         <size>0x4c</size>
         <alignment>0x4</alignment>
         <input_file_ref idref="fl-11"/>
      </object_component>
      <object_component id="oc-ea">
         <name>.debug_frame</name>
         <load_address>0x174</load_address>
         <run_address>0x174</run_address>
         <size>0x20</size>
         <alignment>0x4</alignment>
         <input_file_ref idref="fl-12"/>
      </object_component>
      <object_component id="oc-f0">
         <name>.debug_frame</name>
         <load_address>0x194</load_address>
         <run_address>0x194</run_address>
         <size>0x3e0</size>
         <alignment>0x4</alignment>
         <input_file_ref idref="fl-13"/>
      </object_component>
      <object_component id="oc-53">
         <name>.debug_frame</name>
         <load_address>0x574</load_address>
         <run_address>0x574</run_address>
         <size>0x90</size>
         <alignment>0x4</alignment>
         <input_file_ref idref="fl-22"/>
      </object_component>
      <object_component id="oc-b9">
         <name>.debug_frame</name>
         <load_address>0x604</load_address>
         <run_address>0x604</run_address>
         <size>0x100</size>
         <alignment>0x4</alignment>
         <input_file_ref idref="fl-24"/>
      </object_component>
      <object_component id="oc-88">
         <name>.debug_frame</name>
         <load_address>0x704</load_address>
         <run_address>0x704</run_address>
         <size>0x20</size>
         <alignment>0x4</alignment>
         <input_file_ref idref="fl-25"/>
      </object_component>
      <object_component id="oc-4f">
         <name>.debug_frame</name>
         <load_address>0x724</load_address>
         <run_address>0x724</run_address>
         <size>0x38</size>
         <alignment>0x4</alignment>
         <input_file_ref idref="fl-27"/>
      </object_component>
      <object_component id="oc-b3">
         <name>.debug_frame</name>
         <load_address>0x75c</load_address>
         <run_address>0x75c</run_address>
         <size>0x30</size>
         <alignment>0x4</alignment>
         <input_file_ref idref="fl-2a"/>
      </object_component>
      <object_component id="oc-38">
         <name>.debug_line</name>
         <load_address>0x0</load_address>
         <run_address>0x0</run_address>
         <size>0x2fd</size>
         <alignment>0x1</alignment>
         <input_file_ref idref="fl-1"/>
      </object_component>
      <object_component id="oc-ac">
         <name>.debug_line</name>
         <load_address>0x2fd</load_address>
         <run_address>0x2fd</run_address>
         <size>0x4d9</size>
         <alignment>0x1</alignment>
         <input_file_ref idref="fl-2"/>
      </object_component>
      <object_component id="oc-32">
         <name>.debug_line</name>
         <load_address>0x7d6</load_address>
         <run_address>0x7d6</run_address>
         <size>0xba</size>
         <alignment>0x1</alignment>
         <input_file_ref idref="fl-3"/>
      </object_component>
      <object_component id="oc-f8">
         <name>.debug_line</name>
         <load_address>0x890</load_address>
         <run_address>0x890</run_address>
         <size>0x1f1</size>
         <alignment>0x1</alignment>
         <input_file_ref idref="fl-11"/>
      </object_component>
      <object_component id="oc-e8">
         <name>.debug_line</name>
         <load_address>0xa81</load_address>
         <run_address>0xa81</run_address>
         <size>0xe4</size>
         <alignment>0x1</alignment>
         <input_file_ref idref="fl-12"/>
      </object_component>
      <object_component id="oc-ed">
         <name>.debug_line</name>
         <load_address>0xb65</load_address>
         <run_address>0xb65</run_address>
         <size>0x15e8</size>
         <alignment>0x1</alignment>
         <input_file_ref idref="fl-13"/>
      </object_component>
      <object_component id="oc-3d">
         <name>.debug_line</name>
         <load_address>0x214d</load_address>
         <run_address>0x214d</run_address>
         <size>0x1fe</size>
         <alignment>0x1</alignment>
         <input_file_ref idref="fl-22"/>
      </object_component>
      <object_component id="oc-bb">
         <name>.debug_line</name>
         <load_address>0x234b</load_address>
         <run_address>0x234b</run_address>
         <size>0x4fb</size>
         <alignment>0x1</alignment>
         <input_file_ref idref="fl-24"/>
      </object_component>
      <object_component id="oc-89">
         <name>.debug_line</name>
         <load_address>0x2846</load_address>
         <run_address>0x2846</run_address>
         <size>0x3e</size>
         <alignment>0x1</alignment>
         <input_file_ref idref="fl-25"/>
      </object_component>
      <object_component id="oc-4d">
         <name>.debug_line</name>
         <load_address>0x2884</load_address>
         <run_address>0x2884</run_address>
         <size>0xf8</size>
         <alignment>0x1</alignment>
         <input_file_ref idref="fl-27"/>
      </object_component>
      <object_component id="oc-b4">
         <name>.debug_line</name>
         <load_address>0x297c</load_address>
         <run_address>0x297c</run_address>
         <size>0x6b</size>
         <alignment>0x1</alignment>
         <input_file_ref idref="fl-2a"/>
      </object_component>
      <object_component id="oc-71">
         <name>.debug_line</name>
         <load_address>0x29e7</load_address>
         <run_address>0x29e7</run_address>
         <size>0x107</size>
         <alignment>0x1</alignment>
         <input_file_ref idref="fl-92"/>
      </object_component>
      <object_component id="oc-6a">
         <name>.debug_line</name>
         <load_address>0x2aee</load_address>
         <run_address>0x2aee</run_address>
         <size>0x10c</size>
         <alignment>0x1</alignment>
         <input_file_ref idref="fl-93"/>
      </object_component>
      <object_component id="oc-9a">
         <name>.debug_line</name>
         <load_address>0x2bfa</load_address>
         <run_address>0x2bfa</run_address>
         <size>0xb9</size>
         <alignment>0x1</alignment>
         <input_file_ref idref="fl-94"/>
      </object_component>
      <object_component id="oc-76">
         <name>.debug_line</name>
         <load_address>0x2cb3</load_address>
         <run_address>0x2cb3</run_address>
         <size>0xe0</size>
         <alignment>0x1</alignment>
         <input_file_ref idref="fl-95"/>
      </object_component>
      <object_component id="oc-62">
         <name>.debug_line</name>
         <load_address>0x2d93</load_address>
         <run_address>0x2d93</run_address>
         <size>0xdc</size>
         <alignment>0x1</alignment>
         <input_file_ref idref="fl-96"/>
      </object_component>
      <object_component id="oc-64">
         <name>.debug_line</name>
         <load_address>0x2e6f</load_address>
         <run_address>0x2e6f</run_address>
         <size>0xc0</size>
         <alignment>0x1</alignment>
         <input_file_ref idref="fl-97"/>
      </object_component>
      <object_component id="oc-5d">
         <name>.debug_line</name>
         <load_address>0x2f2f</load_address>
         <run_address>0x2f2f</run_address>
         <size>0xb4</size>
         <alignment>0x1</alignment>
         <input_file_ref idref="fl-98"/>
      </object_component>
      <object_component id="oc-6e">
         <name>.debug_line</name>
         <load_address>0x2fe3</load_address>
         <run_address>0x2fe3</run_address>
         <size>0xd1</size>
         <alignment>0x1</alignment>
         <input_file_ref idref="fl-99"/>
      </object_component>
      <object_component id="oc-d4">
         <name>.debug_loc</name>
         <load_address>0x0</load_address>
         <run_address>0x0</run_address>
         <size>0x9d</size>
         <alignment>0x1</alignment>
         <input_file_ref idref="fl-2"/>
      </object_component>
      <object_component id="oc-f5">
         <name>.debug_loc</name>
         <load_address>0x9d</load_address>
         <run_address>0x9d</run_address>
         <size>0xc7</size>
         <alignment>0x1</alignment>
         <input_file_ref idref="fl-11"/>
      </object_component>
      <object_component id="oc-106">
         <name>.debug_loc</name>
         <load_address>0x164</load_address>
         <run_address>0x164</run_address>
         <size>0x13</size>
         <alignment>0x1</alignment>
         <input_file_ref idref="fl-12"/>
      </object_component>
      <object_component id="oc-ef">
         <name>.debug_loc</name>
         <load_address>0x177</load_address>
         <run_address>0x177</run_address>
         <size>0x1879</size>
         <alignment>0x1</alignment>
         <input_file_ref idref="fl-13"/>
      </object_component>
      <object_component id="oc-3f">
         <name>.debug_loc</name>
         <load_address>0x19f0</load_address>
         <run_address>0x19f0</run_address>
         <size>0xd8</size>
         <alignment>0x1</alignment>
         <input_file_ref idref="fl-22"/>
      </object_component>
      <object_component id="oc-b8">
         <name>.debug_loc</name>
         <load_address>0x1ac8</load_address>
         <run_address>0x1ac8</run_address>
         <size>0x480</size>
         <alignment>0x1</alignment>
         <input_file_ref idref="fl-24"/>
      </object_component>
      <object_component id="oc-4c">
         <name>.debug_loc</name>
         <load_address>0x1f48</load_address>
         <run_address>0x1f48</run_address>
         <size>0x16c</size>
         <alignment>0x1</alignment>
         <input_file_ref idref="fl-27"/>
      </object_component>
      <object_component id="oc-b6">
         <name>.debug_loc</name>
         <load_address>0x20b4</load_address>
         <run_address>0x20b4</run_address>
         <size>0x26</size>
         <alignment>0x1</alignment>
         <input_file_ref idref="fl-2a"/>
      </object_component>
      <object_component id="oc-70">
         <name>.debug_aranges</name>
         <load_address>0x0</load_address>
         <run_address>0x0</run_address>
         <size>0x20</size>
         <alignment>0x1</alignment>
         <input_file_ref idref="fl-92"/>
      </object_component>
      <object_component id="oc-68">
         <name>.debug_aranges</name>
         <load_address>0x20</load_address>
         <run_address>0x20</run_address>
         <size>0x20</size>
         <alignment>0x1</alignment>
         <input_file_ref idref="fl-93"/>
      </object_component>
      <object_component id="oc-9c">
         <name>.debug_aranges</name>
         <load_address>0x40</load_address>
         <run_address>0x40</run_address>
         <size>0x20</size>
         <alignment>0x1</alignment>
         <input_file_ref idref="fl-94"/>
      </object_component>
      <object_component id="oc-75">
         <name>.debug_aranges</name>
         <load_address>0x60</load_address>
         <run_address>0x60</run_address>
         <size>0x20</size>
         <alignment>0x1</alignment>
         <input_file_ref idref="fl-95"/>
      </object_component>
      <object_component id="oc-60">
         <name>.debug_aranges</name>
         <load_address>0x80</load_address>
         <run_address>0x80</run_address>
         <size>0x20</size>
         <alignment>0x1</alignment>
         <input_file_ref idref="fl-96"/>
      </object_component>
      <object_component id="oc-66">
         <name>.debug_aranges</name>
         <load_address>0xa0</load_address>
         <run_address>0xa0</run_address>
         <size>0x20</size>
         <alignment>0x1</alignment>
         <input_file_ref idref="fl-97"/>
      </object_component>
      <object_component id="oc-5c">
         <name>.debug_aranges</name>
         <load_address>0xc0</load_address>
         <run_address>0xc0</run_address>
         <size>0x20</size>
         <alignment>0x1</alignment>
         <input_file_ref idref="fl-98"/>
      </object_component>
      <object_component id="oc-6d">
         <name>.debug_aranges</name>
         <load_address>0xe0</load_address>
         <run_address>0xe0</run_address>
         <size>0x20</size>
         <alignment>0x1</alignment>
         <input_file_ref idref="fl-99"/>
      </object_component>
   </object_component_list>
   <logical_group_list>
      <logical_group id="lg-2" display="no" color="cyan">
         <name>.intvecs</name>
         <load_address>0x0</load_address>
         <run_address>0x0</run_address>
         <size>0xc0</size>
         <contents>
            <object_component_ref idref="oc-18"/>
         </contents>
      </logical_group>
      <logical_group id="lg-3" display="no" color="cyan">
         <name>.text</name>
         <load_address>0xc0</load_address>
         <run_address>0xc0</run_address>
         <size>0x7c0</size>
         <contents>
            <object_component_ref idref="oc-f1"/>
            <object_component_ref idref="oc-67"/>
            <object_component_ref idref="oc-6f"/>
            <object_component_ref idref="oc-73"/>
            <object_component_ref idref="oc-5f"/>
            <object_component_ref idref="oc-33"/>
            <object_component_ref idref="oc-34"/>
            <object_component_ref idref="oc-e7"/>
            <object_component_ref idref="oc-6b"/>
            <object_component_ref idref="oc-d6"/>
            <object_component_ref idref="oc-f4"/>
            <object_component_ref idref="oc-d1"/>
            <object_component_ref idref="oc-63"/>
            <object_component_ref idref="oc-b7"/>
            <object_component_ref idref="oc-99"/>
            <object_component_ref idref="oc-d5"/>
            <object_component_ref idref="oc-8b"/>
            <object_component_ref idref="oc-d3"/>
            <object_component_ref idref="oc-5b"/>
            <object_component_ref idref="oc-54"/>
            <object_component_ref idref="oc-ab"/>
            <object_component_ref idref="oc-eb"/>
            <object_component_ref idref="oc-d2"/>
            <object_component_ref idref="oc-4b"/>
            <object_component_ref idref="oc-2f"/>
            <object_component_ref idref="oc-87"/>
            <object_component_ref idref="oc-b0"/>
         </contents>
      </logical_group>
      <logical_group id="lg-4" display="no" color="cyan">
         <name>.const</name>
         <run_address>0x0</run_address>
         <size>0x0</size>
         <contents>
         </contents>
      </logical_group>
      <logical_group id="lg-5" display="no" color="cyan">
         <name>.cinit</name>
         <load_address>0x8a0</load_address>
         <run_address>0x8a0</run_address>
         <size>0x18</size>
         <contents>
            <object_component_ref idref="oc-14c"/>
            <object_component_ref idref="oc-14a"/>
            <object_component_ref idref="oc-14b"/>
         </contents>
      </logical_group>
      <logical_group id="lg-6" display="no" color="cyan">
         <name>.pinit</name>
         <run_address>0x0</run_address>
         <size>0x0</size>
         <contents>
         </contents>
      </logical_group>
      <logical_group id="lg-7" display="no" color="cyan">
         <name>.rodata</name>
         <load_address>0x880</load_address>
         <run_address>0x880</run_address>
         <size>0x20</size>
         <contents>
            <object_component_ref idref="oc-f3"/>
            <object_component_ref idref="oc-fa"/>
            <object_component_ref idref="oc-f2"/>
         </contents>
      </logical_group>
      <logical_group id="lg-8" display="no" color="cyan">
         <name>.ARM.exidx</name>
         <run_address>0x0</run_address>
         <size>0x0</size>
         <contents>
         </contents>
      </logical_group>
      <logical_group id="lg-9" display="no" color="cyan">
         <name>.init_array</name>
         <run_address>0x0</run_address>
         <size>0x0</size>
         <contents>
         </contents>
      </logical_group>
      <logical_group id="lg-a" display="no" color="cyan">
         <name>.binit</name>
         <load_address>0x0</load_address>
         <run_address>0x0</run_address>
         <size>0x0</size>
         <contents>
            <object_component_ref idref="oc-114"/>
         </contents>
      </logical_group>
      <logical_group id="lg-b" display="no" color="cyan">
         <name>.TI.ramfunc</name>
         <run_address>0x0</run_address>
         <size>0x0</size>
         <contents>
         </contents>
      </logical_group>
      <logical_group id="lg-c" display="no" color="cyan">
         <name>.vtable</name>
         <run_address>0x0</run_address>
         <size>0x0</size>
         <contents>
         </contents>
      </logical_group>
      <logical_group id="lg-d" display="no" color="cyan">
         <name>.args</name>
         <run_address>0x0</run_address>
         <size>0x0</size>
         <contents>
         </contents>
      </logical_group>
      <logical_group id="lg-e" display="no" color="cyan">
         <name>.data</name>
         <run_address>0x0</run_address>
         <size>0x0</size>
         <contents>
         </contents>
      </logical_group>
      <logical_group id="lg-f" display="no" color="cyan">
         <name>.bss</name>
         <run_address>0x20200000</run_address>
         <size>0xb2</size>
         <contents>
            <object_component_ref idref="oc-77"/>
            <object_component_ref idref="oc-78"/>
            <object_component_ref idref="oc-79"/>
            <object_component_ref idref="oc-7a"/>
            <object_component_ref idref="oc-7b"/>
            <object_component_ref idref="oc-d7"/>
         </contents>
      </logical_group>
      <logical_group id="lg-10" display="no" color="cyan">
         <name>.sysmem</name>
         <run_address>0x0</run_address>
         <size>0x0</size>
         <contents>
         </contents>
      </logical_group>
      <logical_group id="lg-11" display="no" color="cyan">
         <name>.stack</name>
         <run_address>0x20207e00</run_address>
         <size>0x200</size>
         <contents>
            <object_component_ref idref="oc-1a"/>
            <object_component_ref idref="oc-14e"/>
         </contents>
      </logical_group>
      <logical_group id="lg-12" display="no" color="cyan">
         <name>.BCRConfig</name>
         <run_address>0x0</run_address>
         <size>0x0</size>
         <contents>
         </contents>
      </logical_group>
      <logical_group id="lg-13" display="no" color="cyan">
         <name>.BSLConfig</name>
         <run_address>0x0</run_address>
         <size>0x0</size>
         <contents>
         </contents>
      </logical_group>
      <logical_group id="lg-10b" display="no" color="cyan">
         <name>.TI.noinit</name>
         <run_address>0x0</run_address>
         <size>0x0</size>
         <contents>
         </contents>
      </logical_group>
      <logical_group id="lg-10c" display="no" color="cyan">
         <name>.TI.persistent</name>
         <run_address>0x0</run_address>
         <size>0x0</size>
         <contents>
         </contents>
      </logical_group>
      <logical_group id="lg-10d" display="no" color="cyan">
         <name>.TI.local</name>
         <run_address>0x0</run_address>
         <size>0x0</size>
         <contents>
         </contents>
      </logical_group>
      <logical_group id="lg-10e" display="no" color="cyan">
         <name>.TI.onchip</name>
         <run_address>0x0</run_address>
         <size>0x0</size>
         <contents>
         </contents>
      </logical_group>
      <logical_group id="lg-10f" display="no" color="cyan">
         <name>.TI.offchip</name>
         <run_address>0x0</run_address>
         <size>0x0</size>
         <contents>
         </contents>
      </logical_group>
      <logical_group id="lg-110" display="no" color="cyan">
         <name>__llvm_prf_cnts</name>
         <run_address>0x20200000</run_address>
         <size>0x0</size>
         <contents>
         </contents>
      </logical_group>
      <logical_group id="lg-112" display="no" color="cyan">
         <name>__llvm_prf_bits</name>
         <run_address>0x20200000</run_address>
         <size>0x0</size>
         <contents>
         </contents>
      </logical_group>
      <logical_group id="lg-12e" display="never" color="cyan">
         <name>.debug_abbrev</name>
         <load_address>0x0</load_address>
         <run_address>0x0</run_address>
         <size>0xd76</size>
         <contents>
            <object_component_ref idref="oc-7c"/>
            <object_component_ref idref="oc-d8"/>
            <object_component_ref idref="oc-39"/>
            <object_component_ref idref="oc-109"/>
            <object_component_ref idref="oc-104"/>
            <object_component_ref idref="oc-107"/>
            <object_component_ref idref="oc-3b"/>
            <object_component_ref idref="oc-e0"/>
            <object_component_ref idref="oc-a9"/>
            <object_component_ref idref="oc-80"/>
            <object_component_ref idref="oc-da"/>
            <object_component_ref idref="oc-9f"/>
            <object_component_ref idref="oc-9d"/>
            <object_component_ref idref="oc-c9"/>
            <object_component_ref idref="oc-a0"/>
            <object_component_ref idref="oc-97"/>
            <object_component_ref idref="oc-98"/>
            <object_component_ref idref="oc-96"/>
            <object_component_ref idref="oc-9e"/>
            <object_component_ref idref="oc-150"/>
         </contents>
      </logical_group>
      <logical_group id="lg-130" display="never" color="cyan">
         <name>.debug_info</name>
         <load_address>0x0</load_address>
         <run_address>0x0</run_address>
         <size>0x9c93</size>
         <contents>
            <object_component_ref idref="oc-35"/>
            <object_component_ref idref="oc-af"/>
            <object_component_ref idref="oc-19"/>
            <object_component_ref idref="oc-f6"/>
            <object_component_ref idref="oc-e9"/>
            <object_component_ref idref="oc-ee"/>
            <object_component_ref idref="oc-1b"/>
            <object_component_ref idref="oc-bc"/>
            <object_component_ref idref="oc-8a"/>
            <object_component_ref idref="oc-50"/>
            <object_component_ref idref="oc-b1"/>
            <object_component_ref idref="oc-72"/>
            <object_component_ref idref="oc-69"/>
            <object_component_ref idref="oc-9b"/>
            <object_component_ref idref="oc-74"/>
            <object_component_ref idref="oc-61"/>
            <object_component_ref idref="oc-65"/>
            <object_component_ref idref="oc-5e"/>
            <object_component_ref idref="oc-6c"/>
            <object_component_ref idref="oc-14f"/>
         </contents>
      </logical_group>
      <logical_group id="lg-132" display="never" color="cyan">
         <name>.debug_ranges</name>
         <load_address>0x0</load_address>
         <run_address>0x0</run_address>
         <size>0x318</size>
         <contents>
            <object_component_ref idref="oc-36"/>
            <object_component_ref idref="oc-ae"/>
            <object_component_ref idref="oc-30"/>
            <object_component_ref idref="oc-f7"/>
            <object_component_ref idref="oc-ec"/>
            <object_component_ref idref="oc-3e"/>
            <object_component_ref idref="oc-ba"/>
            <object_component_ref idref="oc-4e"/>
            <object_component_ref idref="oc-b2"/>
         </contents>
      </logical_group>
      <logical_group id="lg-134" display="never" color="cyan">
         <name>.debug_str</name>
         <load_address>0x0</load_address>
         <run_address>0x0</run_address>
         <size>0x5cc7</size>
         <contents>
            <object_component_ref idref="oc-7d"/>
            <object_component_ref idref="oc-d9"/>
            <object_component_ref idref="oc-3a"/>
            <object_component_ref idref="oc-10a"/>
            <object_component_ref idref="oc-105"/>
            <object_component_ref idref="oc-108"/>
            <object_component_ref idref="oc-3c"/>
            <object_component_ref idref="oc-e1"/>
            <object_component_ref idref="oc-aa"/>
            <object_component_ref idref="oc-81"/>
            <object_component_ref idref="oc-db"/>
         </contents>
      </logical_group>
      <logical_group id="lg-136" display="never" color="cyan">
         <name>.debug_frame</name>
         <load_address>0x0</load_address>
         <run_address>0x0</run_address>
         <size>0x78c</size>
         <contents>
            <object_component_ref idref="oc-37"/>
            <object_component_ref idref="oc-ad"/>
            <object_component_ref idref="oc-31"/>
            <object_component_ref idref="oc-f9"/>
            <object_component_ref idref="oc-ea"/>
            <object_component_ref idref="oc-f0"/>
            <object_component_ref idref="oc-53"/>
            <object_component_ref idref="oc-b9"/>
            <object_component_ref idref="oc-88"/>
            <object_component_ref idref="oc-4f"/>
            <object_component_ref idref="oc-b3"/>
         </contents>
      </logical_group>
      <logical_group id="lg-138" display="never" color="cyan">
         <name>.debug_line</name>
         <load_address>0x0</load_address>
         <run_address>0x0</run_address>
         <size>0x30b4</size>
         <contents>
            <object_component_ref idref="oc-38"/>
            <object_component_ref idref="oc-ac"/>
            <object_component_ref idref="oc-32"/>
            <object_component_ref idref="oc-f8"/>
            <object_component_ref idref="oc-e8"/>
            <object_component_ref idref="oc-ed"/>
            <object_component_ref idref="oc-3d"/>
            <object_component_ref idref="oc-bb"/>
            <object_component_ref idref="oc-89"/>
            <object_component_ref idref="oc-4d"/>
            <object_component_ref idref="oc-b4"/>
            <object_component_ref idref="oc-71"/>
            <object_component_ref idref="oc-6a"/>
            <object_component_ref idref="oc-9a"/>
            <object_component_ref idref="oc-76"/>
            <object_component_ref idref="oc-62"/>
            <object_component_ref idref="oc-64"/>
            <object_component_ref idref="oc-5d"/>
            <object_component_ref idref="oc-6e"/>
         </contents>
      </logical_group>
      <logical_group id="lg-13a" display="never" color="cyan">
         <name>.debug_loc</name>
         <load_address>0x0</load_address>
         <run_address>0x0</run_address>
         <size>0x20da</size>
         <contents>
            <object_component_ref idref="oc-d4"/>
            <object_component_ref idref="oc-f5"/>
            <object_component_ref idref="oc-106"/>
            <object_component_ref idref="oc-ef"/>
            <object_component_ref idref="oc-3f"/>
            <object_component_ref idref="oc-b8"/>
            <object_component_ref idref="oc-4c"/>
            <object_component_ref idref="oc-b6"/>
         </contents>
      </logical_group>
      <logical_group id="lg-144" display="never" color="cyan">
         <name>.debug_aranges</name>
         <load_address>0x0</load_address>
         <run_address>0x0</run_address>
         <size>0x100</size>
         <contents>
            <object_component_ref idref="oc-70"/>
            <object_component_ref idref="oc-68"/>
            <object_component_ref idref="oc-9c"/>
            <object_component_ref idref="oc-75"/>
            <object_component_ref idref="oc-60"/>
            <object_component_ref idref="oc-66"/>
            <object_component_ref idref="oc-5c"/>
            <object_component_ref idref="oc-6d"/>
         </contents>
      </logical_group>
      <logical_group id="lg-14d" display="no" color="cyan">
         <name>Veneer$$CMSE</name>
         <run_address>0x0</run_address>
         <size>0x0</size>
         <contents>
         </contents>
      </logical_group>
      <load_segment id="lg-156" display="no" color="cyan">
         <name>SEGMENT_0</name>
         <load_address>0x0</load_address>
         <run_address>0x0</run_address>
         <size>0x8b8</size>
         <flags>0x5</flags>
         <contents>
            <logical_group_ref idref="lg-2"/>
            <logical_group_ref idref="lg-3"/>
            <logical_group_ref idref="lg-7"/>
            <logical_group_ref idref="lg-5"/>
         </contents>
      </load_segment>
      <load_segment id="lg-157" display="no" color="cyan">
         <name>SEGMENT_1</name>
         <run_address>0x20200000</run_address>
         <size>0xb2</size>
         <flags>0x6</flags>
         <contents>
            <logical_group_ref idref="lg-f"/>
         </contents>
      </load_segment>
      <load_segment id="lg-158" display="no" color="cyan">
         <name>SEGMENT_2</name>
         <run_address>0x20207e00</run_address>
         <size>0x200</size>
         <flags>0x6</flags>
         <contents>
            <logical_group_ref idref="lg-11"/>
         </contents>
      </load_segment>
   </logical_group_list>
   <placement_map>
      <memory_area display="yes" color="green">
         <name>FLASH</name>
         <page_id>0x0</page_id>
         <origin>0x0</origin>
         <length>0x20000</length>
         <used_space>0x8b8</used_space>
         <unused_space>0x1f748</unused_space>
         <attributes>RX</attributes>
         <usage_details>
            <allocated_space>
               <start_address>0x0</start_address>
               <size>0x0</size>
               <logical_group_ref idref="lg-a"/>
            </allocated_space>
            <allocated_space>
               <start_address>0x0</start_address>
               <size>0xc0</size>
               <logical_group_ref idref="lg-2"/>
            </allocated_space>
            <allocated_space>
               <start_address>0xc0</start_address>
               <size>0x7c0</size>
               <logical_group_ref idref="lg-3"/>
            </allocated_space>
            <allocated_space>
               <start_address>0x880</start_address>
               <size>0x20</size>
               <logical_group_ref idref="lg-7"/>
            </allocated_space>
            <allocated_space>
               <start_address>0x8a0</start_address>
               <size>0x18</size>
               <logical_group_ref idref="lg-5"/>
            </allocated_space>
            <available_space>
               <start_address>0x8b8</start_address>
               <size>0x1f748</size>
            </available_space>
         </usage_details>
      </memory_area>
      <memory_area display="yes" color="green">
         <name>SRAM</name>
         <page_id>0x0</page_id>
         <origin>0x20200000</origin>
         <length>0x8000</length>
         <used_space>0x2b2</used_space>
         <unused_space>0x7d4e</unused_space>
         <attributes>RWX</attributes>
         <usage_details>
            <allocated_space>
               <start_address>0x20200000</start_address>
               <size>0x0</size>
               <logical_group_ref idref="lg-110"/>
            </allocated_space>
            <allocated_space>
               <start_address>0x20200000</start_address>
               <size>0x0</size>
               <logical_group_ref idref="lg-112"/>
            </allocated_space>
            <allocated_space>
               <start_address>0x20200000</start_address>
               <size>0xb2</size>
               <logical_group_ref idref="lg-f"/>
            </allocated_space>
            <available_space>
               <start_address>0x202000b2</start_address>
               <size>0x7d4e</size>
            </available_space>
            <allocated_space>
               <start_address>0x20207e00</start_address>
               <size>0x200</size>
               <logical_group_ref idref="lg-11"/>
            </allocated_space>
         </usage_details>
      </memory_area>
      <memory_area display="yes" color="green">
         <name>BCR_CONFIG</name>
         <page_id>0x0</page_id>
         <origin>0x41c00000</origin>
         <length>0x80</length>
         <used_space>0x0</used_space>
         <unused_space>0x80</unused_space>
         <attributes>R</attributes>
         <usage_details>
         </usage_details>
      </memory_area>
      <memory_area display="yes" color="green">
         <name>BSL_CONFIG</name>
         <page_id>0x0</page_id>
         <origin>0x41c00100</origin>
         <length>0x80</length>
         <used_space>0x0</used_space>
         <unused_space>0x80</unused_space>
         <attributes>R</attributes>
         <usage_details>
         </usage_details>
      </memory_area>
   </placement_map>
   <cptbl_list>
      <cptbl>
         <name>__TI_cinit_table</name>
         <cprec>
            <name>.bss</name>
            <load_address>0x8a0</load_address>
            <load_size>0x8</load_size>
            <run_address>0x20200000</run_address>
            <run_size>0xb2</run_size>
            <compression>zero_init</compression>
         </cprec>
      </cptbl>
   </cptbl_list>
   <handler_table>
      <handler_table_name>__TI_handler_table</handler_table_name>
      <handler>
         <index>0x0</index>
         <name>__TI_zero_init</name>
      </handler>
   </handler_table>
   <symbol_table>
      <symbol id="sm-1">
         <name>__start___llvm_prf_cnts</name>
         <value>0x20200000</value>
      </symbol>
      <symbol id="sm-2">
         <name>__stop___llvm_prf_cnts</name>
         <value>0x20200000</value>
      </symbol>
      <symbol id="sm-3">
         <name>__start___llvm_prf_bits</name>
         <value>0x20200000</value>
      </symbol>
      <symbol id="sm-4">
         <name>__stop___llvm_prf_bits</name>
         <value>0x20200000</value>
      </symbol>
      <symbol id="sm-5">
         <name>__TI_CINIT_Base</name>
         <value>0x8ac</value>
      </symbol>
      <symbol id="sm-6">
         <name>__TI_CINIT_Limit</name>
         <value>0x8b4</value>
      </symbol>
      <symbol id="sm-7">
         <name>__TI_CINIT_Warm</name>
         <value>0x8b4</value>
      </symbol>
      <symbol id="sm-8">
         <name>__TI_Handler_Table_Base</name>
         <value>0x8a8</value>
      </symbol>
      <symbol id="sm-9">
         <name>__TI_Handler_Table_Limit</name>
         <value>0x8ac</value>
      </symbol>
      <symbol id="sm-a">
         <name>binit</name>
         <value>0xffffffff</value>
      </symbol>
      <symbol id="sm-b">
         <name>__binit__</name>
         <value>0xffffffff</value>
      </symbol>
      <symbol id="sm-c">
         <name>__STACK_SIZE</name>
         <value>0x200</value>
      </symbol>
      <symbol id="sm-d">
         <name>__STACK_END</name>
         <value>0x20208000</value>
      </symbol>
      <symbol id="sm-e">
         <name>__TI_pprof_out_hndl</name>
         <value>0xffffffff</value>
      </symbol>
      <symbol id="sm-f">
         <name>__TI_prof_data_start</name>
         <value>0xffffffff</value>
      </symbol>
      <symbol id="sm-10">
         <name>__TI_prof_data_size</name>
         <value>0xffffffff</value>
      </symbol>
      <symbol id="sm-3f">
         <name>main</name>
         <value>0x74d</value>
         <object_component_ref idref="oc-8b"/>
      </symbol>
      <symbol id="sm-40">
         <name>TIMG6_IRQHandler</name>
         <value>0x475</value>
         <object_component_ref idref="oc-34"/>
      </symbol>
      <symbol id="sm-41">
         <name>AdcResult</name>
         <value>0x202000b0</value>
      </symbol>
      <symbol id="sm-42">
         <name>measured_voltage</name>
         <value>0x202000ac</value>
      </symbol>
      <symbol id="sm-43">
         <name>OFFSET</name>
         <value>0x202000a4</value>
      </symbol>
      <symbol id="sm-44">
         <name>GAIN</name>
         <value>0x202000a0</value>
      </symbol>
      <symbol id="sm-45">
         <name>corrected_voltage</name>
         <value>0x202000a8</value>
      </symbol>
      <symbol id="sm-65">
         <name>SYSCFG_DL_init</name>
         <value>0x801</value>
         <object_component_ref idref="oc-ab"/>
      </symbol>
      <symbol id="sm-66">
         <name>SYSCFG_DL_initPower</name>
         <value>0x61d</value>
         <object_component_ref idref="oc-d1"/>
      </symbol>
      <symbol id="sm-67">
         <name>SYSCFG_DL_GPIO_init</name>
         <value>0x841</value>
         <object_component_ref idref="oc-d2"/>
      </symbol>
      <symbol id="sm-68">
         <name>SYSCFG_DL_SYSCTL_init</name>
         <value>0x781</value>
         <object_component_ref idref="oc-d3"/>
      </symbol>
      <symbol id="sm-69">
         <name>SYSCFG_DL_TIMER_0_init</name>
         <value>0x715</value>
         <object_component_ref idref="oc-d5"/>
      </symbol>
      <symbol id="sm-6a">
         <name>SYSCFG_DL_ADC12_0_init</name>
         <value>0x575</value>
         <object_component_ref idref="oc-d6"/>
      </symbol>
      <symbol id="sm-6b">
         <name>gTIMER_0Backup</name>
         <value>0x20200000</value>
      </symbol>
      <symbol id="sm-76">
         <name>Default_Handler</name>
         <value>0x473</value>
         <object_component_ref idref="oc-33"/>
      </symbol>
      <symbol id="sm-77">
         <name>Reset_Handler</name>
         <value>0x86f</value>
         <object_component_ref idref="oc-2f"/>
      </symbol>
      <symbol id="sm-78">
         <name>interruptVectors</name>
         <value>0x0</value>
         <object_component_ref idref="oc-18"/>
      </symbol>
      <symbol id="sm-79">
         <name>NMI_Handler</name>
         <value>0x473</value>
         <object_component_ref idref="oc-33"/>
      </symbol>
      <symbol id="sm-7a">
         <name>HardFault_Handler</name>
         <value>0x473</value>
         <object_component_ref idref="oc-33"/>
      </symbol>
      <symbol id="sm-7b">
         <name>SVC_Handler</name>
         <value>0x473</value>
         <object_component_ref idref="oc-33"/>
      </symbol>
      <symbol id="sm-7c">
         <name>PendSV_Handler</name>
         <value>0x473</value>
         <object_component_ref idref="oc-33"/>
      </symbol>
      <symbol id="sm-7d">
         <name>SysTick_Handler</name>
         <value>0x473</value>
         <object_component_ref idref="oc-33"/>
      </symbol>
      <symbol id="sm-7e">
         <name>GROUP0_IRQHandler</name>
         <value>0x473</value>
         <object_component_ref idref="oc-33"/>
      </symbol>
      <symbol id="sm-7f">
         <name>GROUP1_IRQHandler</name>
         <value>0x473</value>
         <object_component_ref idref="oc-33"/>
      </symbol>
      <symbol id="sm-80">
         <name>TIMG8_IRQHandler</name>
         <value>0x473</value>
         <object_component_ref idref="oc-33"/>
      </symbol>
      <symbol id="sm-81">
         <name>UART3_IRQHandler</name>
         <value>0x473</value>
         <object_component_ref idref="oc-33"/>
      </symbol>
      <symbol id="sm-82">
         <name>ADC0_IRQHandler</name>
         <value>0x473</value>
         <object_component_ref idref="oc-33"/>
      </symbol>
      <symbol id="sm-83">
         <name>ADC1_IRQHandler</name>
         <value>0x473</value>
         <object_component_ref idref="oc-33"/>
      </symbol>
      <symbol id="sm-84">
         <name>CANFD0_IRQHandler</name>
         <value>0x473</value>
         <object_component_ref idref="oc-33"/>
      </symbol>
      <symbol id="sm-85">
         <name>DAC0_IRQHandler</name>
         <value>0x473</value>
         <object_component_ref idref="oc-33"/>
      </symbol>
      <symbol id="sm-86">
         <name>SPI0_IRQHandler</name>
         <value>0x473</value>
         <object_component_ref idref="oc-33"/>
      </symbol>
      <symbol id="sm-87">
         <name>SPI1_IRQHandler</name>
         <value>0x473</value>
         <object_component_ref idref="oc-33"/>
      </symbol>
      <symbol id="sm-88">
         <name>UART1_IRQHandler</name>
         <value>0x473</value>
         <object_component_ref idref="oc-33"/>
      </symbol>
      <symbol id="sm-89">
         <name>UART2_IRQHandler</name>
         <value>0x473</value>
         <object_component_ref idref="oc-33"/>
      </symbol>
      <symbol id="sm-8a">
         <name>UART0_IRQHandler</name>
         <value>0x473</value>
         <object_component_ref idref="oc-33"/>
      </symbol>
      <symbol id="sm-8b">
         <name>TIMG0_IRQHandler</name>
         <value>0x473</value>
         <object_component_ref idref="oc-33"/>
      </symbol>
      <symbol id="sm-8c">
         <name>TIMA0_IRQHandler</name>
         <value>0x473</value>
         <object_component_ref idref="oc-33"/>
      </symbol>
      <symbol id="sm-8d">
         <name>TIMA1_IRQHandler</name>
         <value>0x473</value>
         <object_component_ref idref="oc-33"/>
      </symbol>
      <symbol id="sm-8e">
         <name>TIMG7_IRQHandler</name>
         <value>0x473</value>
         <object_component_ref idref="oc-33"/>
      </symbol>
      <symbol id="sm-8f">
         <name>TIMG12_IRQHandler</name>
         <value>0x473</value>
         <object_component_ref idref="oc-33"/>
      </symbol>
      <symbol id="sm-90">
         <name>I2C0_IRQHandler</name>
         <value>0x473</value>
         <object_component_ref idref="oc-33"/>
      </symbol>
      <symbol id="sm-91">
         <name>I2C1_IRQHandler</name>
         <value>0x473</value>
         <object_component_ref idref="oc-33"/>
      </symbol>
      <symbol id="sm-92">
         <name>AES_IRQHandler</name>
         <value>0x473</value>
         <object_component_ref idref="oc-33"/>
      </symbol>
      <symbol id="sm-93">
         <name>RTC_IRQHandler</name>
         <value>0x473</value>
         <object_component_ref idref="oc-33"/>
      </symbol>
      <symbol id="sm-94">
         <name>DMA_IRQHandler</name>
         <value>0x473</value>
         <object_component_ref idref="oc-33"/>
      </symbol>
      <symbol id="sm-95">
         <name>__TI_ATRegion0_src_addr</name>
         <value>0x0</value>
      </symbol>
      <symbol id="sm-96">
         <name>__TI_ATRegion0_trg_addr</name>
         <value>0x0</value>
      </symbol>
      <symbol id="sm-97">
         <name>__TI_ATRegion0_region_sz</name>
         <value>0x0</value>
      </symbol>
      <symbol id="sm-98">
         <name>__TI_ATRegion1_src_addr</name>
         <value>0x0</value>
      </symbol>
      <symbol id="sm-99">
         <name>__TI_ATRegion1_trg_addr</name>
         <value>0x0</value>
      </symbol>
      <symbol id="sm-9a">
         <name>__TI_ATRegion1_region_sz</name>
         <value>0x0</value>
      </symbol>
      <symbol id="sm-9b">
         <name>__TI_ATRegion2_src_addr</name>
         <value>0x0</value>
      </symbol>
      <symbol id="sm-9c">
         <name>__TI_ATRegion2_trg_addr</name>
         <value>0x0</value>
      </symbol>
      <symbol id="sm-9d">
         <name>__TI_ATRegion2_region_sz</name>
         <value>0x0</value>
      </symbol>
      <symbol id="sm-a8">
         <name>DL_ADC12_setClockConfig</name>
         <value>0x5dd</value>
         <object_component_ref idref="oc-f4"/>
      </symbol>
      <symbol id="sm-b1">
         <name>DL_Common_delayCycles</name>
         <value>0x4f5</value>
         <object_component_ref idref="oc-e7"/>
      </symbol>
      <symbol id="sm-c1">
         <name>DL_Timer_setClockConfig</name>
         <value>0x825</value>
         <object_component_ref idref="oc-eb"/>
      </symbol>
      <symbol id="sm-c2">
         <name>DL_Timer_initTimerMode</name>
         <value>0xc1</value>
         <object_component_ref idref="oc-f1"/>
      </symbol>
      <symbol id="sm-cd">
         <name>_c_int00_noargs</name>
         <value>0x7d9</value>
         <object_component_ref idref="oc-54"/>
      </symbol>
      <symbol id="sm-ce">
         <name>__stack</name>
         <value>0x20207e00</value>
         <object_component_ref idref="oc-1a"/>
      </symbol>
      <symbol id="sm-da">
         <name>__TI_auto_init_nobinit_nopinit</name>
         <value>0x69d</value>
         <object_component_ref idref="oc-b7"/>
      </symbol>
      <symbol id="sm-e2">
         <name>_system_pre_init</name>
         <value>0x873</value>
         <object_component_ref idref="oc-87"/>
      </symbol>
      <symbol id="sm-ed">
         <name>__TI_zero_init_nomemset</name>
         <value>0x859</value>
         <object_component_ref idref="oc-4b"/>
      </symbol>
      <symbol id="sm-f9">
         <name>abort</name>
         <value>0x877</value>
         <object_component_ref idref="oc-b0"/>
      </symbol>
      <symbol id="sm-fa">
         <name>C$$EXIT</name>
         <value>0x876</value>
         <object_component_ref idref="oc-b0"/>
      </symbol>
      <symbol id="sm-102">
         <name>__aeabi_fadd</name>
         <value>0x297</value>
         <object_component_ref idref="oc-6f"/>
      </symbol>
      <symbol id="sm-103">
         <name>__addsf3</name>
         <value>0x297</value>
         <object_component_ref idref="oc-6f"/>
      </symbol>
      <symbol id="sm-104">
         <name>__aeabi_fsub</name>
         <value>0x28d</value>
         <object_component_ref idref="oc-6f"/>
      </symbol>
      <symbol id="sm-105">
         <name>__subsf3</name>
         <value>0x28d</value>
         <object_component_ref idref="oc-6f"/>
      </symbol>
      <symbol id="sm-10b">
         <name>__aeabi_dmul</name>
         <value>0x1a9</value>
         <object_component_ref idref="oc-67"/>
      </symbol>
      <symbol id="sm-10c">
         <name>__muldf3</name>
         <value>0x1a9</value>
         <object_component_ref idref="oc-67"/>
      </symbol>
      <symbol id="sm-112">
         <name>__muldsi3</name>
         <value>0x6d9</value>
         <object_component_ref idref="oc-99"/>
      </symbol>
      <symbol id="sm-118">
         <name>__aeabi_fmul</name>
         <value>0x365</value>
         <object_component_ref idref="oc-73"/>
      </symbol>
      <symbol id="sm-119">
         <name>__mulsf3</name>
         <value>0x365</value>
         <object_component_ref idref="oc-73"/>
      </symbol>
      <symbol id="sm-11f">
         <name>__aeabi_fdiv</name>
         <value>0x3f1</value>
         <object_component_ref idref="oc-5f"/>
      </symbol>
      <symbol id="sm-120">
         <name>__divsf3</name>
         <value>0x3f1</value>
         <object_component_ref idref="oc-5f"/>
      </symbol>
      <symbol id="sm-126">
         <name>__aeabi_f2d</name>
         <value>0x65d</value>
         <object_component_ref idref="oc-63"/>
      </symbol>
      <symbol id="sm-127">
         <name>__extendsfdf2</name>
         <value>0x65d</value>
         <object_component_ref idref="oc-63"/>
      </symbol>
      <symbol id="sm-12d">
         <name>__aeabi_ui2f</name>
         <value>0x7b1</value>
         <object_component_ref idref="oc-5b"/>
      </symbol>
      <symbol id="sm-12e">
         <name>__floatunsisf</name>
         <value>0x7b1</value>
         <object_component_ref idref="oc-5b"/>
      </symbol>
      <symbol id="sm-135">
         <name>__aeabi_d2f</name>
         <value>0x501</value>
         <object_component_ref idref="oc-6b"/>
      </symbol>
      <symbol id="sm-136">
         <name>__truncdfsf2</name>
         <value>0x501</value>
         <object_component_ref idref="oc-6b"/>
      </symbol>
      <symbol id="sm-137">
         <name>__TI_static_base__</name>
         <value>0x0</value>
      </symbol>
      <symbol id="sm-139">
         <name>__mpu_init</name>
         <value>0x0</value>
      </symbol>
      <symbol id="sm-13a">
         <name>_system_post_cinit</name>
         <value>0x0</value>
      </symbol>
   </symbol_table>
   <title>Link successful</title>
</link_info>
