<?xml version="1.0" encoding="ISO-8859-1" ?>
<link_info>
   <banner>TI ARM Clang Linker PC v3.2.2.LTS</banner>
   <copyright>Copyright (c) 1996-2018 Texas Instruments Incorporated</copyright>
   <link_time>0x674040be</link_time>
   <link_errors>0x0</link_errors>
   <output_file>C:\Users\roger_lin\Desktop\g3507\CAN_ADC\Debug\CAN_ADC.out</output_file>
   <entry_point>
      <name>_c_int00_noargs</name>
      <address>0x74d</address>
   </entry_point>
   <input_file_list>
      <input_file id="fl-1">
         <path>C:\Users\roger_lin\Desktop\g3507\CAN_ADC\Debug\.\</path>
         <kind>object</kind>
         <file>ti_msp_dl_config.o</file>
         <name>ti_msp_dl_config.o</name>
      </input_file>
      <input_file id="fl-2">
         <path>C:\Users\roger_lin\Desktop\g3507\CAN_ADC\Debug\.\</path>
         <kind>object</kind>
         <file>startup_mspm0g350x_ticlang.o</file>
         <name>startup_mspm0g350x_ticlang.o</name>
      </input_file>
      <input_file id="fl-3">
         <path>C:\Users\roger_lin\Desktop\g3507\CAN_ADC\Debug\.\</path>
         <kind>object</kind>
         <file>main.o</file>
         <name>main.o</name>
      </input_file>
      <input_file id="fl-10">
         <path>C:\Users\roger_lin\Desktop\g3507\CAN_ADC\Debug\</path>
         <kind>object</kind>
         <file>&lt;internal&gt;</file>
         <name>&lt;internal&gt;</name>
      </input_file>
      <input_file id="fl-11">
         <path>C:\ti\mspm0_sdk_2_02_00_05\source\ti\driverlib\lib\ticlang\m0p\mspm0g1x0x_g3x0x\</path>
         <kind>archive</kind>
         <file>driverlib.a</file>
         <name>dl_adc12.o</name>
      </input_file>
      <input_file id="fl-12">
         <path>C:\ti\mspm0_sdk_2_02_00_05\source\ti\driverlib\lib\ticlang\m0p\mspm0g1x0x_g3x0x\</path>
         <kind>archive</kind>
         <file>driverlib.a</file>
         <name>dl_common.o</name>
      </input_file>
      <input_file id="fl-13">
         <path>C:\ti\mspm0_sdk_2_02_00_05\source\ti\driverlib\lib\ticlang\m0p\mspm0g1x0x_g3x0x\</path>
         <kind>archive</kind>
         <file>driverlib.a</file>
         <name>dl_timer.o</name>
      </input_file>
      <input_file id="fl-22">
         <path>C:\ti\ccs1280\ccs\tools\compiler\ti-cgt-armllvm_3.2.2.LTS\lib\armv6m-ti-none-eabi\c\</path>
         <kind>archive</kind>
         <file>libc.a</file>
         <name>boot_cortex_m.c.obj</name>
      </input_file>
      <input_file id="fl-23">
         <path>C:\ti\ccs1280\ccs\tools\compiler\ti-cgt-armllvm_3.2.2.LTS\lib\armv6m-ti-none-eabi\c\</path>
         <kind>archive</kind>
         <file>libc.a</file>
         <name>mathacl_init.c.obj</name>
      </input_file>
      <input_file id="fl-24">
         <path>C:\ti\ccs1280\ccs\tools\compiler\ti-cgt-armllvm_3.2.2.LTS\lib\armv6m-ti-none-eabi\c\</path>
         <kind>archive</kind>
         <file>libc.a</file>
         <name>autoinit.c.obj</name>
      </input_file>
      <input_file id="fl-25">
         <path>C:\ti\ccs1280\ccs\tools\compiler\ti-cgt-armllvm_3.2.2.LTS\lib\armv6m-ti-none-eabi\c\</path>
         <kind>archive</kind>
         <file>libc.a</file>
         <name>pre_init.c.obj</name>
      </input_file>
      <input_file id="fl-26">
         <path>C:\ti\ccs1280\ccs\tools\compiler\ti-cgt-armllvm_3.2.2.LTS\lib\armv6m-ti-none-eabi\c\</path>
         <kind>archive</kind>
         <file>libc.a</file>
         <name>cpy_tbl.c.obj</name>
      </input_file>
      <input_file id="fl-27">
         <path>C:\ti\ccs1280\ccs\tools\compiler\ti-cgt-armllvm_3.2.2.LTS\lib\armv6m-ti-none-eabi\c\</path>
         <kind>archive</kind>
         <file>libc.a</file>
         <name>copy_zero_init.c.obj</name>
      </input_file>
      <input_file id="fl-28">
         <path>C:\ti\ccs1280\ccs\tools\compiler\ti-cgt-armllvm_3.2.2.LTS\lib\armv6m-ti-none-eabi\c\</path>
         <kind>archive</kind>
         <file>libc.a</file>
         <name>copy_decompress_none.c.obj</name>
      </input_file>
      <input_file id="fl-29">
         <path>C:\ti\ccs1280\ccs\tools\compiler\ti-cgt-armllvm_3.2.2.LTS\lib\armv6m-ti-none-eabi\c\</path>
         <kind>archive</kind>
         <file>libc.a</file>
         <name>copy_decompress_lzss.c.obj</name>
      </input_file>
      <input_file id="fl-2a">
         <path>C:\ti\ccs1280\ccs\tools\compiler\ti-cgt-armllvm_3.2.2.LTS\lib\armv6m-ti-none-eabi\c\</path>
         <kind>archive</kind>
         <file>libc.a</file>
         <name>exit.c.obj</name>
      </input_file>
      <input_file id="fl-2b">
         <path>C:\ti\ccs1280\ccs\tools\compiler\ti-cgt-armllvm_3.2.2.LTS\lib\armv6m-ti-none-eabi\c\</path>
         <kind>archive</kind>
         <file>libc.a</file>
         <name>_lock.c.obj</name>
      </input_file>
      <input_file id="fl-2c">
         <path>C:\ti\ccs1280\ccs\tools\compiler\ti-cgt-armllvm_3.2.2.LTS\lib\armv6m-ti-none-eabi\c\</path>
         <kind>archive</kind>
         <file>libc.a</file>
         <name>args_main.c.obj</name>
      </input_file>
      <input_file id="fl-92">
         <path>C:\ti\ccs1280\ccs\tools\compiler\ti-cgt-armllvm_3.2.2.LTS\lib\clang\15.0.7\lib\armv6m-ti-none-eabi\</path>
         <kind>archive</kind>
         <file>libclang_rt.builtins.a</file>
         <name>muldf3.S.obj</name>
      </input_file>
      <input_file id="fl-93">
         <path>C:\ti\ccs1280\ccs\tools\compiler\ti-cgt-armllvm_3.2.2.LTS\lib\clang\15.0.7\lib\armv6m-ti-none-eabi\</path>
         <kind>archive</kind>
         <file>libclang_rt.builtins.a</file>
         <name>muldsi3.S.obj</name>
      </input_file>
      <input_file id="fl-94">
         <path>C:\ti\ccs1280\ccs\tools\compiler\ti-cgt-armllvm_3.2.2.LTS\lib\clang\15.0.7\lib\armv6m-ti-none-eabi\</path>
         <kind>archive</kind>
         <file>libclang_rt.builtins.a</file>
         <name>divdf3.S.obj</name>
      </input_file>
      <input_file id="fl-95">
         <path>C:\ti\ccs1280\ccs\tools\compiler\ti-cgt-armllvm_3.2.2.LTS\lib\clang\15.0.7\lib\armv6m-ti-none-eabi\</path>
         <kind>archive</kind>
         <file>libclang_rt.builtins.a</file>
         <name>floatunsidf.S.obj</name>
      </input_file>
      <input_file id="fl-96">
         <path>C:\ti\ccs1280\ccs\tools\compiler\ti-cgt-armllvm_3.2.2.LTS\lib\clang\15.0.7\lib\armv6m-ti-none-eabi\</path>
         <kind>archive</kind>
         <file>libclang_rt.builtins.a</file>
         <name>truncdfsf2.S.obj</name>
      </input_file>
      <input_file id="fl-97">
         <path>C:\ti\ccs1280\ccs\tools\compiler\ti-cgt-armllvm_3.2.2.LTS\lib\clang\15.0.7\lib\armv6m-ti-none-eabi\</path>
         <kind>archive</kind>
         <file>libclang_rt.builtins.a</file>
         <name>aeabi_memcpy.S.obj</name>
      </input_file>
      <input_file id="fl-98">
         <path>C:\ti\ccs1280\ccs\tools\compiler\ti-cgt-armllvm_3.2.2.LTS\lib\clang\15.0.7\lib\armv6m-ti-none-eabi\</path>
         <kind>archive</kind>
         <file>libclang_rt.builtins.a</file>
         <name>aeabi_memset.S.obj</name>
      </input_file>
      <input_file id="fl-99">
         <path>C:\ti\ccs1280\ccs\tools\compiler\ti-cgt-armllvm_3.2.2.LTS\lib\armv6m-ti-none-eabi\c\</path>
         <kind>archive</kind>
         <file>libc.a</file>
         <name>memcpy16.S.obj</name>
      </input_file>
      <input_file id="fl-9a">
         <path>C:\ti\ccs1280\ccs\tools\compiler\ti-cgt-armllvm_3.2.2.LTS\lib\armv6m-ti-none-eabi\c\</path>
         <kind>archive</kind>
         <file>libc.a</file>
         <name>memset16.S.obj</name>
      </input_file>
   </input_file_list>
   <object_component_list>
      <object_component id="oc-18">
         <name>.intvecs</name>
         <load_address>0x0</load_address>
         <readonly>true</readonly>
         <run_address>0x0</run_address>
         <size>0xc0</size>
         <alignment>0x4</alignment>
         <input_file_ref idref="fl-2"/>
      </object_component>
      <object_component id="oc-63">
         <name>.text.__divdf3</name>
         <load_address>0xc0</load_address>
         <readonly>true</readonly>
         <executable>true</executable>
         <run_address>0xc0</run_address>
         <size>0x10c</size>
         <alignment>0x4</alignment>
         <input_file_ref idref="fl-94"/>
      </object_component>
      <object_component id="oc-e3">
         <name>.text.DL_Timer_initTimerMode</name>
         <load_address>0x1cc</load_address>
         <readonly>true</readonly>
         <executable>true</executable>
         <run_address>0x1cc</run_address>
         <size>0xe8</size>
         <alignment>0x4</alignment>
         <input_file_ref idref="fl-13"/>
      </object_component>
      <object_component id="oc-5f">
         <name>.text.__muldf3</name>
         <load_address>0x2b4</load_address>
         <readonly>true</readonly>
         <executable>true</executable>
         <run_address>0x2b4</run_address>
         <size>0xe4</size>
         <alignment>0x4</alignment>
         <input_file_ref idref="fl-92"/>
      </object_component>
      <object_component id="oc-98">
         <name>.text:memcpy</name>
         <load_address>0x398</load_address>
         <readonly>true</readonly>
         <executable>true</executable>
         <run_address>0x398</run_address>
         <size>0x9a</size>
         <alignment>0x1</alignment>
         <input_file_ref idref="fl-99"/>
      </object_component>
      <object_component id="oc-33">
         <name>.text.Default_Handler</name>
         <load_address>0x432</load_address>
         <readonly>true</readonly>
         <executable>true</executable>
         <run_address>0x432</run_address>
         <size>0x2</size>
         <alignment>0x2</alignment>
         <input_file_ref idref="fl-2"/>
      </object_component>
      <object_component id="oc-34">
         <name>.text.TIMG6_IRQHandler</name>
         <load_address>0x434</load_address>
         <readonly>true</readonly>
         <executable>true</executable>
         <run_address>0x434</run_address>
         <size>0x7c</size>
         <alignment>0x4</alignment>
         <input_file_ref idref="fl-3"/>
      </object_component>
      <object_component id="oc-1c">
         <name>.text:decompress:lzss</name>
         <load_address>0x4b0</load_address>
         <readonly>true</readonly>
         <executable>true</executable>
         <run_address>0x4b0</run_address>
         <size>0x78</size>
         <alignment>0x4</alignment>
         <input_file_ref idref="fl-29"/>
      </object_component>
      <object_component id="oc-44">
         <name>.text.__aeabi_memcpy</name>
         <load_address>0x528</load_address>
         <readonly>true</readonly>
         <executable>true</executable>
         <run_address>0x528</run_address>
         <size>0x8</size>
         <alignment>0x4</alignment>
         <input_file_ref idref="fl-97"/>
      </object_component>
      <object_component id="oc-67">
         <name>.text.__truncdfsf2</name>
         <load_address>0x530</load_address>
         <readonly>true</readonly>
         <executable>true</executable>
         <run_address>0x530</run_address>
         <size>0x74</size>
         <alignment>0x10</alignment>
         <input_file_ref idref="fl-96"/>
      </object_component>
      <object_component id="oc-c8">
         <name>.text.SYSCFG_DL_ADC12_0_init</name>
         <load_address>0x5a4</load_address>
         <readonly>true</readonly>
         <executable>true</executable>
         <run_address>0x5a4</run_address>
         <size>0x48</size>
         <alignment>0x4</alignment>
         <input_file_ref idref="fl-1"/>
      </object_component>
      <object_component id="oc-e6">
         <name>.text.DL_ADC12_setClockConfig</name>
         <load_address>0x5ec</load_address>
         <readonly>true</readonly>
         <executable>true</executable>
         <run_address>0x5ec</run_address>
         <size>0x40</size>
         <alignment>0x4</alignment>
         <input_file_ref idref="fl-11"/>
      </object_component>
      <object_component id="oc-c3">
         <name>.text.SYSCFG_DL_initPower</name>
         <load_address>0x62c</load_address>
         <readonly>true</readonly>
         <executable>true</executable>
         <run_address>0x62c</run_address>
         <size>0x40</size>
         <alignment>0x4</alignment>
         <input_file_ref idref="fl-1"/>
      </object_component>
      <object_component id="oc-a9">
         <name>.text:__TI_auto_init_nobinit_nopinit</name>
         <load_address>0x66c</load_address>
         <readonly>true</readonly>
         <executable>true</executable>
         <run_address>0x66c</run_address>
         <size>0x3c</size>
         <alignment>0x4</alignment>
         <input_file_ref idref="fl-24"/>
      </object_component>
      <object_component id="oc-8c">
         <name>.text.__muldsi3</name>
         <load_address>0x6a8</load_address>
         <readonly>true</readonly>
         <executable>true</executable>
         <run_address>0x6a8</run_address>
         <size>0x3a</size>
         <alignment>0x4</alignment>
         <input_file_ref idref="fl-93"/>
      </object_component>
      <object_component id="oc-c7">
         <name>.text.SYSCFG_DL_TIMER_0_init</name>
         <load_address>0x6e4</load_address>
         <readonly>true</readonly>
         <executable>true</executable>
         <run_address>0x6e4</run_address>
         <size>0x38</size>
         <alignment>0x4</alignment>
         <input_file_ref idref="fl-1"/>
      </object_component>
      <object_component id="oc-c5">
         <name>.text.SYSCFG_DL_SYSCTL_init</name>
         <load_address>0x71c</load_address>
         <readonly>true</readonly>
         <executable>true</executable>
         <run_address>0x71c</run_address>
         <size>0x30</size>
         <alignment>0x4</alignment>
         <input_file_ref idref="fl-1"/>
      </object_component>
      <object_component id="oc-54">
         <name>.text:_c_int00_noargs</name>
         <load_address>0x74c</load_address>
         <readonly>true</readonly>
         <executable>true</executable>
         <run_address>0x74c</run_address>
         <size>0x28</size>
         <alignment>0x4</alignment>
         <input_file_ref idref="fl-22"/>
      </object_component>
      <object_component id="oc-9d">
         <name>.text.SYSCFG_DL_init</name>
         <load_address>0x774</load_address>
         <readonly>true</readonly>
         <executable>true</executable>
         <run_address>0x774</run_address>
         <size>0x24</size>
         <alignment>0x4</alignment>
         <input_file_ref idref="fl-1"/>
      </object_component>
      <object_component id="oc-5b">
         <name>.text.__floatunsidf</name>
         <load_address>0x798</load_address>
         <readonly>true</readonly>
         <executable>true</executable>
         <run_address>0x798</run_address>
         <size>0x24</size>
         <alignment>0x4</alignment>
         <input_file_ref idref="fl-95"/>
      </object_component>
      <object_component id="oc-80">
         <name>.text.main</name>
         <load_address>0x7bc</load_address>
         <readonly>true</readonly>
         <executable>true</executable>
         <run_address>0x7bc</run_address>
         <size>0x20</size>
         <alignment>0x4</alignment>
         <input_file_ref idref="fl-3"/>
      </object_component>
      <object_component id="oc-dd">
         <name>.text.DL_Timer_setClockConfig</name>
         <load_address>0x7dc</load_address>
         <readonly>true</readonly>
         <executable>true</executable>
         <run_address>0x7dc</run_address>
         <size>0x1c</size>
         <alignment>0x4</alignment>
         <input_file_ref idref="fl-13"/>
      </object_component>
      <object_component id="oc-c4">
         <name>.text.SYSCFG_DL_GPIO_init</name>
         <load_address>0x7f8</load_address>
         <readonly>true</readonly>
         <executable>true</executable>
         <run_address>0x7f8</run_address>
         <size>0x1c</size>
         <alignment>0x4</alignment>
         <input_file_ref idref="fl-1"/>
      </object_component>
      <object_component id="oc-4b">
         <name>.text:decompress:ZI:__TI_zero_init_nomemset</name>
         <load_address>0x814</load_address>
         <readonly>true</readonly>
         <executable>true</executable>
         <run_address>0x814</run_address>
         <size>0x16</size>
         <alignment>0x2</alignment>
         <input_file_ref idref="fl-27"/>
      </object_component>
      <object_component id="oc-20">
         <name>.text:decompress:none</name>
         <load_address>0x82a</load_address>
         <readonly>true</readonly>
         <executable>true</executable>
         <run_address>0x82a</run_address>
         <size>0x12</size>
         <alignment>0x2</alignment>
         <input_file_ref idref="fl-28"/>
      </object_component>
      <object_component id="oc-d9">
         <name>.text.DL_Common_delayCycles</name>
         <load_address>0x83c</load_address>
         <readonly>true</readonly>
         <executable>true</executable>
         <run_address>0x83c</run_address>
         <size>0xa</size>
         <alignment>0x2</alignment>
         <input_file_ref idref="fl-12"/>
      </object_component>
      <object_component id="oc-2f">
         <name>.text.Reset_Handler</name>
         <load_address>0x846</load_address>
         <readonly>true</readonly>
         <executable>true</executable>
         <run_address>0x846</run_address>
         <size>0x4</size>
         <alignment>0x2</alignment>
         <input_file_ref idref="fl-2"/>
      </object_component>
      <object_component id="oc-7c">
         <name>.text._system_pre_init</name>
         <load_address>0x84a</load_address>
         <readonly>true</readonly>
         <executable>true</executable>
         <run_address>0x84a</run_address>
         <size>0x4</size>
         <alignment>0x2</alignment>
         <input_file_ref idref="fl-25"/>
      </object_component>
      <object_component id="oc-a2">
         <name>.text:abort</name>
         <load_address>0x84e</load_address>
         <readonly>true</readonly>
         <executable>true</executable>
         <run_address>0x84e</run_address>
         <size>0x4</size>
         <alignment>0x2</alignment>
         <input_file_ref idref="fl-2a"/>
      </object_component>
      <object_component id="oc-13e">
         <name>.cinit..data.load</name>
         <load_address>0x880</load_address>
         <readonly>true</readonly>
         <run_address>0x880</run_address>
         <size>0xd</size>
         <alignment>0x1</alignment>
      </object_component>
      <object_component id="oc-13c">
         <name>__TI_handler_table</name>
         <load_address>0x890</load_address>
         <readonly>true</readonly>
         <run_address>0x890</run_address>
         <size>0xc</size>
         <alignment>0x4</alignment>
      </object_component>
      <object_component id="oc-13f">
         <name>.cinit..bss.load</name>
         <load_address>0x89c</load_address>
         <readonly>true</readonly>
         <run_address>0x89c</run_address>
         <size>0x8</size>
         <alignment>0x4</alignment>
      </object_component>
      <object_component id="oc-13d">
         <name>__TI_cinit_table</name>
         <load_address>0x8a4</load_address>
         <readonly>true</readonly>
         <run_address>0x8a4</run_address>
         <size>0x10</size>
         <alignment>0x4</alignment>
      </object_component>
      <object_component id="oc-e5">
         <name>.rodata.gTIMER_0TimerConfig</name>
         <load_address>0x860</load_address>
         <readonly>true</readonly>
         <run_address>0x860</run_address>
         <size>0x14</size>
         <alignment>0x4</alignment>
         <input_file_ref idref="fl-1"/>
      </object_component>
      <object_component id="oc-ec">
         <name>.rodata.gADC12_0ClockConfig</name>
         <load_address>0x874</load_address>
         <readonly>true</readonly>
         <run_address>0x874</run_address>
         <size>0x8</size>
         <alignment>0x4</alignment>
         <input_file_ref idref="fl-1"/>
      </object_component>
      <object_component id="oc-e4">
         <name>.rodata.gTIMER_0ClockConfig</name>
         <load_address>0x87c</load_address>
         <readonly>true</readonly>
         <run_address>0x87c</run_address>
         <size>0x3</size>
         <alignment>0x1</alignment>
         <input_file_ref idref="fl-1"/>
      </object_component>
      <object_component id="oc-106">
         <name>.binit</name>
         <load_address>0x0</load_address>
         <readonly>true</readonly>
         <run_address>0x0</run_address>
         <size>0x0</size>
         <alignment>0x4</alignment>
      </object_component>
      <object_component id="oc-6b">
         <name>.data.u16ADC</name>
         <load_address>0x202000b4</load_address>
         <readwrite>true</readwrite>
         <run_address>0x202000b4</run_address>
         <size>0x2</size>
         <alignment>0x2</alignment>
         <input_file_ref idref="fl-3"/>
      </object_component>
      <object_component id="oc-6c">
         <name>.data.s32Sum</name>
         <load_address>0x202000b0</load_address>
         <readwrite>true</readwrite>
         <run_address>0x202000b0</run_address>
         <size>0x4</size>
         <alignment>0x4</alignment>
         <input_file_ref idref="fl-3"/>
      </object_component>
      <object_component id="oc-6e">
         <name>.data.s32K</name>
         <load_address>0x202000ac</load_address>
         <readwrite>true</readwrite>
         <run_address>0x202000ac</run_address>
         <size>0x4</size>
         <alignment>0x4</alignment>
         <input_file_ref idref="fl-3"/>
      </object_component>
      <object_component id="oc-6d">
         <name>.data.s32Err</name>
         <load_address>0x202000a8</load_address>
         <readwrite>true</readwrite>
         <run_address>0x202000a8</run_address>
         <size>0x4</size>
         <alignment>0x4</alignment>
         <input_file_ref idref="fl-3"/>
      </object_component>
      <object_component id="oc-c9">
         <name>.common:gTIMER_0Backup</name>
         <uninitialized>true</uninitialized>
         <readwrite>true</readwrite>
         <run_address>0x20200000</run_address>
         <size>0xa0</size>
         <alignment>0x4</alignment>
      </object_component>
      <object_component id="oc-6f">
         <name>.common:AdcResult</name>
         <uninitialized>true</uninitialized>
         <readwrite>true</readwrite>
         <run_address>0x202000a4</run_address>
         <size>0x2</size>
         <alignment>0x2</alignment>
      </object_component>
      <object_component id="oc-70">
         <name>.common:Corrected_voltage</name>
         <uninitialized>true</uninitialized>
         <readwrite>true</readwrite>
         <run_address>0x202000a0</run_address>
         <size>0x4</size>
         <alignment>0x4</alignment>
      </object_component>
      <object_component id="oc-1a">
         <name>.stack</name>
         <uninitialized>true</uninitialized>
         <readwrite>true</readwrite>
         <run_address>0x20207e00</run_address>
         <size>0x4</size>
         <alignment>0x4</alignment>
         <input_file_ref idref="fl-22"/>
      </object_component>
      <object_component id="oc-141">
         <name>.stack</name>
         <uninitialized>true</uninitialized>
         <readwrite>true</readwrite>
         <run_address>0x20207e00</run_address>
         <size>0x0</size>
         <alignment>0x8</alignment>
      </object_component>
      <object_component id="oc-c6">
         <name>.debug_loc</name>
         <load_address>0x0</load_address>
         <run_address>0x0</run_address>
         <size>0x9d</size>
         <alignment>0x1</alignment>
         <input_file_ref idref="fl-1"/>
      </object_component>
      <object_component id="oc-eb">
         <name>.debug_loc</name>
         <load_address>0x9d</load_address>
         <run_address>0x9d</run_address>
         <size>0xc7</size>
         <alignment>0x1</alignment>
         <input_file_ref idref="fl-11"/>
      </object_component>
      <object_component id="oc-f8">
         <name>.debug_loc</name>
         <load_address>0x164</load_address>
         <run_address>0x164</run_address>
         <size>0x13</size>
         <alignment>0x1</alignment>
         <input_file_ref idref="fl-12"/>
      </object_component>
      <object_component id="oc-e1">
         <name>.debug_loc</name>
         <load_address>0x177</load_address>
         <run_address>0x177</run_address>
         <size>0x1879</size>
         <alignment>0x1</alignment>
         <input_file_ref idref="fl-13"/>
      </object_component>
      <object_component id="oc-3f">
         <name>.debug_loc</name>
         <load_address>0x19f0</load_address>
         <run_address>0x19f0</run_address>
         <size>0xd8</size>
         <alignment>0x1</alignment>
         <input_file_ref idref="fl-22"/>
      </object_component>
      <object_component id="oc-ac">
         <name>.debug_loc</name>
         <load_address>0x1ac8</load_address>
         <run_address>0x1ac8</run_address>
         <size>0x480</size>
         <alignment>0x1</alignment>
         <input_file_ref idref="fl-24"/>
      </object_component>
      <object_component id="oc-50">
         <name>.debug_loc</name>
         <load_address>0x1f48</load_address>
         <run_address>0x1f48</run_address>
         <size>0x16c</size>
         <alignment>0x1</alignment>
         <input_file_ref idref="fl-27"/>
      </object_component>
      <object_component id="oc-4a">
         <name>.debug_loc</name>
         <load_address>0x20b4</load_address>
         <run_address>0x20b4</run_address>
         <size>0x6f</size>
         <alignment>0x1</alignment>
         <input_file_ref idref="fl-28"/>
      </object_component>
      <object_component id="oc-42">
         <name>.debug_loc</name>
         <load_address>0x2123</load_address>
         <run_address>0x2123</run_address>
         <size>0x166</size>
         <alignment>0x1</alignment>
         <input_file_ref idref="fl-29"/>
      </object_component>
      <object_component id="oc-a8">
         <name>.debug_loc</name>
         <load_address>0x2289</load_address>
         <run_address>0x2289</run_address>
         <size>0x26</size>
         <alignment>0x1</alignment>
         <input_file_ref idref="fl-2a"/>
      </object_component>
      <object_component id="oc-ca">
         <name>.debug_abbrev</name>
         <load_address>0x0</load_address>
         <run_address>0x0</run_address>
         <size>0x21b</size>
         <alignment>0x1</alignment>
         <input_file_ref idref="fl-1"/>
      </object_component>
      <object_component id="oc-39">
         <name>.debug_abbrev</name>
         <load_address>0x21b</load_address>
         <run_address>0x21b</run_address>
         <size>0x6d</size>
         <alignment>0x1</alignment>
         <input_file_ref idref="fl-2"/>
      </object_component>
      <object_component id="oc-71">
         <name>.debug_abbrev</name>
         <load_address>0x288</load_address>
         <run_address>0x288</run_address>
         <size>0x1d0</size>
         <alignment>0x1</alignment>
         <input_file_ref idref="fl-3"/>
      </object_component>
      <object_component id="oc-fb">
         <name>.debug_abbrev</name>
         <load_address>0x458</load_address>
         <run_address>0x458</run_address>
         <size>0x171</size>
         <alignment>0x1</alignment>
         <input_file_ref idref="fl-11"/>
      </object_component>
      <object_component id="oc-f6">
         <name>.debug_abbrev</name>
         <load_address>0x5c9</load_address>
         <run_address>0x5c9</run_address>
         <size>0x62</size>
         <alignment>0x1</alignment>
         <input_file_ref idref="fl-12"/>
      </object_component>
      <object_component id="oc-f9">
         <name>.debug_abbrev</name>
         <load_address>0x62b</load_address>
         <run_address>0x62b</run_address>
         <size>0x23b</size>
         <alignment>0x1</alignment>
         <input_file_ref idref="fl-13"/>
      </object_component>
      <object_component id="oc-3b">
         <name>.debug_abbrev</name>
         <load_address>0x866</load_address>
         <run_address>0x866</run_address>
         <size>0xaf</size>
         <alignment>0x1</alignment>
         <input_file_ref idref="fl-22"/>
      </object_component>
      <object_component id="oc-d2">
         <name>.debug_abbrev</name>
         <load_address>0x915</load_address>
         <run_address>0x915</run_address>
         <size>0x186</size>
         <alignment>0x1</alignment>
         <input_file_ref idref="fl-24"/>
      </object_component>
      <object_component id="oc-9b">
         <name>.debug_abbrev</name>
         <load_address>0xa9b</load_address>
         <run_address>0xa9b</run_address>
         <size>0x39</size>
         <alignment>0x1</alignment>
         <input_file_ref idref="fl-25"/>
      </object_component>
      <object_component id="oc-75">
         <name>.debug_abbrev</name>
         <load_address>0xad4</load_address>
         <run_address>0xad4</run_address>
         <size>0xc2</size>
         <alignment>0x1</alignment>
         <input_file_ref idref="fl-27"/>
      </object_component>
      <object_component id="oc-48">
         <name>.debug_abbrev</name>
         <load_address>0xb96</load_address>
         <run_address>0xb96</run_address>
         <size>0x70</size>
         <alignment>0x1</alignment>
         <input_file_ref idref="fl-28"/>
      </object_component>
      <object_component id="oc-40">
         <name>.debug_abbrev</name>
         <load_address>0xc06</load_address>
         <run_address>0xc06</run_address>
         <size>0x8d</size>
         <alignment>0x1</alignment>
         <input_file_ref idref="fl-29"/>
      </object_component>
      <object_component id="oc-cc">
         <name>.debug_abbrev</name>
         <load_address>0xc93</load_address>
         <run_address>0xc93</run_address>
         <size>0xb3</size>
         <alignment>0x1</alignment>
         <input_file_ref idref="fl-2a"/>
      </object_component>
      <object_component id="oc-90">
         <name>.debug_abbrev</name>
         <load_address>0xd46</load_address>
         <run_address>0xd46</run_address>
         <size>0x27</size>
         <alignment>0x1</alignment>
         <input_file_ref idref="fl-92"/>
      </object_component>
      <object_component id="oc-bb">
         <name>.debug_abbrev</name>
         <load_address>0xd6d</load_address>
         <run_address>0xd6d</run_address>
         <size>0x27</size>
         <alignment>0x1</alignment>
         <input_file_ref idref="fl-93"/>
      </object_component>
      <object_component id="oc-91">
         <name>.debug_abbrev</name>
         <load_address>0xd94</load_address>
         <run_address>0xd94</run_address>
         <size>0x27</size>
         <alignment>0x1</alignment>
         <input_file_ref idref="fl-94"/>
      </object_component>
      <object_component id="oc-8b">
         <name>.debug_abbrev</name>
         <load_address>0xdbb</load_address>
         <run_address>0xdbb</run_address>
         <size>0x27</size>
         <alignment>0x1</alignment>
         <input_file_ref idref="fl-95"/>
      </object_component>
      <object_component id="oc-92">
         <name>.debug_abbrev</name>
         <load_address>0xde2</load_address>
         <run_address>0xde2</run_address>
         <size>0x27</size>
         <alignment>0x1</alignment>
         <input_file_ref idref="fl-96"/>
      </object_component>
      <object_component id="oc-74">
         <name>.debug_abbrev</name>
         <load_address>0xe09</load_address>
         <run_address>0xe09</run_address>
         <size>0x27</size>
         <alignment>0x1</alignment>
         <input_file_ref idref="fl-97"/>
      </object_component>
      <object_component id="oc-bc">
         <name>.debug_abbrev</name>
         <load_address>0xe30</load_address>
         <run_address>0xe30</run_address>
         <size>0x25</size>
         <alignment>0x1</alignment>
         <input_file_ref idref="fl-99"/>
      </object_component>
      <object_component id="oc-143">
         <name>.debug_abbrev</name>
         <load_address>0xe55</load_address>
         <run_address>0xe55</run_address>
         <size>0xf</size>
         <alignment>0x0</alignment>
      </object_component>
      <object_component id="oc-a0">
         <name>.debug_info</name>
         <load_address>0x0</load_address>
         <run_address>0x0</run_address>
         <size>0x32ce</size>
         <alignment>0x1</alignment>
         <input_file_ref idref="fl-1"/>
      </object_component>
      <object_component id="oc-19">
         <name>.debug_info</name>
         <load_address>0x32ce</load_address>
         <run_address>0x32ce</run_address>
         <size>0x80</size>
         <alignment>0x1</alignment>
         <input_file_ref idref="fl-2"/>
      </object_component>
      <object_component id="oc-38">
         <name>.debug_info</name>
         <load_address>0x334e</load_address>
         <run_address>0x334e</run_address>
         <size>0xffa</size>
         <alignment>0x1</alignment>
         <input_file_ref idref="fl-3"/>
      </object_component>
      <object_component id="oc-e7">
         <name>.debug_info</name>
         <load_address>0x4348</load_address>
         <run_address>0x4348</run_address>
         <size>0x731</size>
         <alignment>0x1</alignment>
         <input_file_ref idref="fl-11"/>
      </object_component>
      <object_component id="oc-db">
         <name>.debug_info</name>
         <load_address>0x4a79</load_address>
         <run_address>0x4a79</run_address>
         <size>0x75</size>
         <alignment>0x1</alignment>
         <input_file_ref idref="fl-12"/>
      </object_component>
      <object_component id="oc-e0">
         <name>.debug_info</name>
         <load_address>0x4aee</load_address>
         <run_address>0x4aee</run_address>
         <size>0x2f4b</size>
         <alignment>0x1</alignment>
         <input_file_ref idref="fl-13"/>
      </object_component>
      <object_component id="oc-1b">
         <name>.debug_info</name>
         <load_address>0x7a39</load_address>
         <run_address>0x7a39</run_address>
         <size>0x423</size>
         <alignment>0x1</alignment>
         <input_file_ref idref="fl-22"/>
      </object_component>
      <object_component id="oc-ab">
         <name>.debug_info</name>
         <load_address>0x7e5c</load_address>
         <run_address>0x7e5c</run_address>
         <size>0x74a</size>
         <alignment>0x1</alignment>
         <input_file_ref idref="fl-24"/>
      </object_component>
      <object_component id="oc-7f">
         <name>.debug_info</name>
         <load_address>0x85a6</load_address>
         <run_address>0x85a6</run_address>
         <size>0x46</size>
         <alignment>0x1</alignment>
         <input_file_ref idref="fl-25"/>
      </object_component>
      <object_component id="oc-4f">
         <name>.debug_info</name>
         <load_address>0x85ec</load_address>
         <run_address>0x85ec</run_address>
         <size>0x192</size>
         <alignment>0x1</alignment>
         <input_file_ref idref="fl-27"/>
      </object_component>
      <object_component id="oc-22">
         <name>.debug_info</name>
         <load_address>0x877e</load_address>
         <run_address>0x877e</run_address>
         <size>0xc6</size>
         <alignment>0x1</alignment>
         <input_file_ref idref="fl-28"/>
      </object_component>
      <object_component id="oc-1e">
         <name>.debug_info</name>
         <load_address>0x8844</load_address>
         <run_address>0x8844</run_address>
         <size>0x180</size>
         <alignment>0x1</alignment>
         <input_file_ref idref="fl-29"/>
      </object_component>
      <object_component id="oc-a4">
         <name>.debug_info</name>
         <load_address>0x89c4</load_address>
         <run_address>0x89c4</run_address>
         <size>0xed</size>
         <alignment>0x1</alignment>
         <input_file_ref idref="fl-2a"/>
      </object_component>
      <object_component id="oc-61">
         <name>.debug_info</name>
         <load_address>0x8ab1</load_address>
         <run_address>0x8ab1</run_address>
         <size>0x192</size>
         <alignment>0x1</alignment>
         <input_file_ref idref="fl-92"/>
      </object_component>
      <object_component id="oc-8d">
         <name>.debug_info</name>
         <load_address>0x8c43</load_address>
         <run_address>0x8c43</run_address>
         <size>0x194</size>
         <alignment>0x1</alignment>
         <input_file_ref idref="fl-93"/>
      </object_component>
      <object_component id="oc-64">
         <name>.debug_info</name>
         <load_address>0x8dd7</load_address>
         <run_address>0x8dd7</run_address>
         <size>0x192</size>
         <alignment>0x1</alignment>
         <input_file_ref idref="fl-94"/>
      </object_component>
      <object_component id="oc-5c">
         <name>.debug_info</name>
         <load_address>0x8f69</load_address>
         <run_address>0x8f69</run_address>
         <size>0x19c</size>
         <alignment>0x1</alignment>
         <input_file_ref idref="fl-95"/>
      </object_component>
      <object_component id="oc-68">
         <name>.debug_info</name>
         <load_address>0x9105</load_address>
         <run_address>0x9105</run_address>
         <size>0x19a</size>
         <alignment>0x1</alignment>
         <input_file_ref idref="fl-96"/>
      </object_component>
      <object_component id="oc-46">
         <name>.debug_info</name>
         <load_address>0x929f</load_address>
         <run_address>0x929f</run_address>
         <size>0x19e</size>
         <alignment>0x1</alignment>
         <input_file_ref idref="fl-97"/>
      </object_component>
      <object_component id="oc-97">
         <name>.debug_info</name>
         <load_address>0x943d</load_address>
         <run_address>0x943d</run_address>
         <size>0x2fa</size>
         <alignment>0x1</alignment>
         <input_file_ref idref="fl-99"/>
      </object_component>
      <object_component id="oc-142">
         <name>.debug_info</name>
         <load_address>0x9737</load_address>
         <run_address>0x9737</run_address>
         <size>0xa2</size>
         <alignment>0x0</alignment>
      </object_component>
      <object_component id="oc-9e">
         <name>.debug_ranges</name>
         <load_address>0x0</load_address>
         <run_address>0x0</run_address>
         <size>0x48</size>
         <alignment>0x1</alignment>
         <input_file_ref idref="fl-1"/>
      </object_component>
      <object_component id="oc-31">
         <name>.debug_ranges</name>
         <load_address>0x48</load_address>
         <run_address>0x48</run_address>
         <size>0x18</size>
         <alignment>0x1</alignment>
         <input_file_ref idref="fl-2"/>
      </object_component>
      <object_component id="oc-35">
         <name>.debug_ranges</name>
         <load_address>0x60</load_address>
         <run_address>0x60</run_address>
         <size>0x20</size>
         <alignment>0x1</alignment>
         <input_file_ref idref="fl-3"/>
      </object_component>
      <object_component id="oc-e8">
         <name>.debug_ranges</name>
         <load_address>0x80</load_address>
         <run_address>0x80</run_address>
         <size>0x18</size>
         <alignment>0x1</alignment>
         <input_file_ref idref="fl-11"/>
      </object_component>
      <object_component id="oc-df">
         <name>.debug_ranges</name>
         <load_address>0x98</load_address>
         <run_address>0x98</run_address>
         <size>0x168</size>
         <alignment>0x1</alignment>
         <input_file_ref idref="fl-13"/>
      </object_component>
      <object_component id="oc-3e">
         <name>.debug_ranges</name>
         <load_address>0x200</load_address>
         <run_address>0x200</run_address>
         <size>0x48</size>
         <alignment>0x1</alignment>
         <input_file_ref idref="fl-22"/>
      </object_component>
      <object_component id="oc-ad">
         <name>.debug_ranges</name>
         <load_address>0x248</load_address>
         <run_address>0x248</run_address>
         <size>0xa8</size>
         <alignment>0x1</alignment>
         <input_file_ref idref="fl-24"/>
      </object_component>
      <object_component id="oc-4e">
         <name>.debug_ranges</name>
         <load_address>0x2f0</load_address>
         <run_address>0x2f0</run_address>
         <size>0x18</size>
         <alignment>0x1</alignment>
         <input_file_ref idref="fl-27"/>
      </object_component>
      <object_component id="oc-43">
         <name>.debug_ranges</name>
         <load_address>0x308</load_address>
         <run_address>0x308</run_address>
         <size>0x30</size>
         <alignment>0x1</alignment>
         <input_file_ref idref="fl-29"/>
      </object_component>
      <object_component id="oc-a6">
         <name>.debug_ranges</name>
         <load_address>0x338</load_address>
         <run_address>0x338</run_address>
         <size>0x18</size>
         <alignment>0x1</alignment>
         <input_file_ref idref="fl-2a"/>
      </object_component>
      <object_component id="oc-96">
         <name>.debug_ranges</name>
         <load_address>0x350</load_address>
         <run_address>0x350</run_address>
         <size>0x28</size>
         <alignment>0x1</alignment>
         <input_file_ref idref="fl-99"/>
      </object_component>
      <object_component id="oc-cb">
         <name>.debug_str</name>
         <load_address>0x0</load_address>
         <run_address>0x0</run_address>
         <size>0x20ea</size>
         <alignment>0x1</alignment>
         <input_file_ref idref="fl-1"/>
      </object_component>
      <object_component id="oc-3a">
         <name>.debug_str</name>
         <load_address>0x20ea</load_address>
         <run_address>0x20ea</run_address>
         <size>0x159</size>
         <alignment>0x1</alignment>
         <input_file_ref idref="fl-2"/>
      </object_component>
      <object_component id="oc-72">
         <name>.debug_str</name>
         <load_address>0x2243</load_address>
         <run_address>0x2243</run_address>
         <size>0xacb</size>
         <alignment>0x1</alignment>
         <input_file_ref idref="fl-3"/>
      </object_component>
      <object_component id="oc-fc">
         <name>.debug_str</name>
         <load_address>0x2d0e</load_address>
         <run_address>0x2d0e</run_address>
         <size>0x63b</size>
         <alignment>0x1</alignment>
         <input_file_ref idref="fl-11"/>
      </object_component>
      <object_component id="oc-f7">
         <name>.debug_str</name>
         <load_address>0x3349</load_address>
         <run_address>0x3349</run_address>
         <size>0x177</size>
         <alignment>0x1</alignment>
         <input_file_ref idref="fl-12"/>
      </object_component>
      <object_component id="oc-fa">
         <name>.debug_str</name>
         <load_address>0x34c0</load_address>
         <run_address>0x34c0</run_address>
         <size>0x1c1d</size>
         <alignment>0x1</alignment>
         <input_file_ref idref="fl-13"/>
      </object_component>
      <object_component id="oc-3c">
         <name>.debug_str</name>
         <load_address>0x50dd</load_address>
         <run_address>0x50dd</run_address>
         <size>0x225</size>
         <alignment>0x1</alignment>
         <input_file_ref idref="fl-22"/>
      </object_component>
      <object_component id="oc-d3">
         <name>.debug_str</name>
         <load_address>0x5302</load_address>
         <run_address>0x5302</run_address>
         <size>0x32f</size>
         <alignment>0x1</alignment>
         <input_file_ref idref="fl-24"/>
      </object_component>
      <object_component id="oc-9c">
         <name>.debug_str</name>
         <load_address>0x5631</load_address>
         <run_address>0x5631</run_address>
         <size>0xf5</size>
         <alignment>0x1</alignment>
         <input_file_ref idref="fl-25"/>
      </object_component>
      <object_component id="oc-76">
         <name>.debug_str</name>
         <load_address>0x5726</load_address>
         <run_address>0x5726</run_address>
         <size>0x19b</size>
         <alignment>0x1</alignment>
         <input_file_ref idref="fl-27"/>
      </object_component>
      <object_component id="oc-49">
         <name>.debug_str</name>
         <load_address>0x58c1</load_address>
         <run_address>0x58c1</run_address>
         <size>0x168</size>
         <alignment>0x1</alignment>
         <input_file_ref idref="fl-28"/>
      </object_component>
      <object_component id="oc-41">
         <name>.debug_str</name>
         <load_address>0x5a29</load_address>
         <run_address>0x5a29</run_address>
         <size>0x1d5</size>
         <alignment>0x1</alignment>
         <input_file_ref idref="fl-29"/>
      </object_component>
      <object_component id="oc-cd">
         <name>.debug_str</name>
         <load_address>0x5bfe</load_address>
         <run_address>0x5bfe</run_address>
         <size>0x13f</size>
         <alignment>0x1</alignment>
         <input_file_ref idref="fl-2a"/>
      </object_component>
      <object_component id="oc-9f">
         <name>.debug_frame</name>
         <load_address>0x0</load_address>
         <run_address>0x0</run_address>
         <size>0xc0</size>
         <alignment>0x4</alignment>
         <input_file_ref idref="fl-1"/>
      </object_component>
      <object_component id="oc-30">
         <name>.debug_frame</name>
         <load_address>0xc0</load_address>
         <run_address>0xc0</run_address>
         <size>0x30</size>
         <alignment>0x4</alignment>
         <input_file_ref idref="fl-2"/>
      </object_component>
      <object_component id="oc-36">
         <name>.debug_frame</name>
         <load_address>0xf0</load_address>
         <run_address>0xf0</run_address>
         <size>0x48</size>
         <alignment>0x4</alignment>
         <input_file_ref idref="fl-3"/>
      </object_component>
      <object_component id="oc-e9">
         <name>.debug_frame</name>
         <load_address>0x138</load_address>
         <run_address>0x138</run_address>
         <size>0x4c</size>
         <alignment>0x4</alignment>
         <input_file_ref idref="fl-11"/>
      </object_component>
      <object_component id="oc-da">
         <name>.debug_frame</name>
         <load_address>0x184</load_address>
         <run_address>0x184</run_address>
         <size>0x20</size>
         <alignment>0x4</alignment>
         <input_file_ref idref="fl-12"/>
      </object_component>
      <object_component id="oc-e2">
         <name>.debug_frame</name>
         <load_address>0x1a4</load_address>
         <run_address>0x1a4</run_address>
         <size>0x3e0</size>
         <alignment>0x4</alignment>
         <input_file_ref idref="fl-13"/>
      </object_component>
      <object_component id="oc-53">
         <name>.debug_frame</name>
         <load_address>0x584</load_address>
         <run_address>0x584</run_address>
         <size>0x90</size>
         <alignment>0x4</alignment>
         <input_file_ref idref="fl-22"/>
      </object_component>
      <object_component id="oc-ae">
         <name>.debug_frame</name>
         <load_address>0x614</load_address>
         <run_address>0x614</run_address>
         <size>0x100</size>
         <alignment>0x4</alignment>
         <input_file_ref idref="fl-24"/>
      </object_component>
      <object_component id="oc-7e">
         <name>.debug_frame</name>
         <load_address>0x714</load_address>
         <run_address>0x714</run_address>
         <size>0x20</size>
         <alignment>0x4</alignment>
         <input_file_ref idref="fl-25"/>
      </object_component>
      <object_component id="oc-4d">
         <name>.debug_frame</name>
         <load_address>0x734</load_address>
         <run_address>0x734</run_address>
         <size>0x38</size>
         <alignment>0x4</alignment>
         <input_file_ref idref="fl-27"/>
      </object_component>
      <object_component id="oc-23">
         <name>.debug_frame</name>
         <load_address>0x76c</load_address>
         <run_address>0x76c</run_address>
         <size>0x28</size>
         <alignment>0x4</alignment>
         <input_file_ref idref="fl-28"/>
      </object_component>
      <object_component id="oc-1d">
         <name>.debug_frame</name>
         <load_address>0x794</load_address>
         <run_address>0x794</run_address>
         <size>0x30</size>
         <alignment>0x4</alignment>
         <input_file_ref idref="fl-29"/>
      </object_component>
      <object_component id="oc-a5">
         <name>.debug_frame</name>
         <load_address>0x7c4</load_address>
         <run_address>0x7c4</run_address>
         <size>0x30</size>
         <alignment>0x4</alignment>
         <input_file_ref idref="fl-2a"/>
      </object_component>
      <object_component id="oc-a1">
         <name>.debug_line</name>
         <load_address>0x0</load_address>
         <run_address>0x0</run_address>
         <size>0x4af</size>
         <alignment>0x1</alignment>
         <input_file_ref idref="fl-1"/>
      </object_component>
      <object_component id="oc-32">
         <name>.debug_line</name>
         <load_address>0x4af</load_address>
         <run_address>0x4af</run_address>
         <size>0xba</size>
         <alignment>0x1</alignment>
         <input_file_ref idref="fl-2"/>
      </object_component>
      <object_component id="oc-37">
         <name>.debug_line</name>
         <load_address>0x569</load_address>
         <run_address>0x569</run_address>
         <size>0x306</size>
         <alignment>0x1</alignment>
         <input_file_ref idref="fl-3"/>
      </object_component>
      <object_component id="oc-ea">
         <name>.debug_line</name>
         <load_address>0x86f</load_address>
         <run_address>0x86f</run_address>
         <size>0x1f1</size>
         <alignment>0x1</alignment>
         <input_file_ref idref="fl-11"/>
      </object_component>
      <object_component id="oc-dc">
         <name>.debug_line</name>
         <load_address>0xa60</load_address>
         <run_address>0xa60</run_address>
         <size>0xe4</size>
         <alignment>0x1</alignment>
         <input_file_ref idref="fl-12"/>
      </object_component>
      <object_component id="oc-de">
         <name>.debug_line</name>
         <load_address>0xb44</load_address>
         <run_address>0xb44</run_address>
         <size>0x15e8</size>
         <alignment>0x1</alignment>
         <input_file_ref idref="fl-13"/>
      </object_component>
      <object_component id="oc-3d">
         <name>.debug_line</name>
         <load_address>0x212c</load_address>
         <run_address>0x212c</run_address>
         <size>0x1fe</size>
         <alignment>0x1</alignment>
         <input_file_ref idref="fl-22"/>
      </object_component>
      <object_component id="oc-aa">
         <name>.debug_line</name>
         <load_address>0x232a</load_address>
         <run_address>0x232a</run_address>
         <size>0x4fb</size>
         <alignment>0x1</alignment>
         <input_file_ref idref="fl-24"/>
      </object_component>
      <object_component id="oc-7d">
         <name>.debug_line</name>
         <load_address>0x2825</load_address>
         <run_address>0x2825</run_address>
         <size>0x3e</size>
         <alignment>0x1</alignment>
         <input_file_ref idref="fl-25"/>
      </object_component>
      <object_component id="oc-4c">
         <name>.debug_line</name>
         <load_address>0x2863</load_address>
         <run_address>0x2863</run_address>
         <size>0xf8</size>
         <alignment>0x1</alignment>
         <input_file_ref idref="fl-27"/>
      </object_component>
      <object_component id="oc-21">
         <name>.debug_line</name>
         <load_address>0x295b</load_address>
         <run_address>0x295b</run_address>
         <size>0xbf</size>
         <alignment>0x1</alignment>
         <input_file_ref idref="fl-28"/>
      </object_component>
      <object_component id="oc-1f">
         <name>.debug_line</name>
         <load_address>0x2a1a</load_address>
         <run_address>0x2a1a</run_address>
         <size>0x1c7</size>
         <alignment>0x1</alignment>
         <input_file_ref idref="fl-29"/>
      </object_component>
      <object_component id="oc-a3">
         <name>.debug_line</name>
         <load_address>0x2be1</load_address>
         <run_address>0x2be1</run_address>
         <size>0x6b</size>
         <alignment>0x1</alignment>
         <input_file_ref idref="fl-2a"/>
      </object_component>
      <object_component id="oc-60">
         <name>.debug_line</name>
         <load_address>0x2c4c</load_address>
         <run_address>0x2c4c</run_address>
         <size>0x10c</size>
         <alignment>0x1</alignment>
         <input_file_ref idref="fl-92"/>
      </object_component>
      <object_component id="oc-8f">
         <name>.debug_line</name>
         <load_address>0x2d58</load_address>
         <run_address>0x2d58</run_address>
         <size>0xb9</size>
         <alignment>0x1</alignment>
         <input_file_ref idref="fl-93"/>
      </object_component>
      <object_component id="oc-66">
         <name>.debug_line</name>
         <load_address>0x2e11</load_address>
         <run_address>0x2e11</run_address>
         <size>0x122</size>
         <alignment>0x1</alignment>
         <input_file_ref idref="fl-94"/>
      </object_component>
      <object_component id="oc-5e">
         <name>.debug_line</name>
         <load_address>0x2f33</load_address>
         <run_address>0x2f33</run_address>
         <size>0xb2</size>
         <alignment>0x1</alignment>
         <input_file_ref idref="fl-95"/>
      </object_component>
      <object_component id="oc-6a">
         <name>.debug_line</name>
         <load_address>0x2fe5</load_address>
         <run_address>0x2fe5</run_address>
         <size>0xd1</size>
         <alignment>0x1</alignment>
         <input_file_ref idref="fl-96"/>
      </object_component>
      <object_component id="oc-45">
         <name>.debug_line</name>
         <load_address>0x30b6</load_address>
         <run_address>0x30b6</run_address>
         <size>0xa4</size>
         <alignment>0x1</alignment>
         <input_file_ref idref="fl-97"/>
      </object_component>
      <object_component id="oc-95">
         <name>.debug_line</name>
         <load_address>0x315a</load_address>
         <run_address>0x315a</run_address>
         <size>0xa0</size>
         <alignment>0x1</alignment>
         <input_file_ref idref="fl-99"/>
      </object_component>
      <object_component id="oc-62">
         <name>.debug_aranges</name>
         <load_address>0x0</load_address>
         <run_address>0x0</run_address>
         <size>0x20</size>
         <alignment>0x1</alignment>
         <input_file_ref idref="fl-92"/>
      </object_component>
      <object_component id="oc-8e">
         <name>.debug_aranges</name>
         <load_address>0x20</load_address>
         <run_address>0x20</run_address>
         <size>0x20</size>
         <alignment>0x1</alignment>
         <input_file_ref idref="fl-93"/>
      </object_component>
      <object_component id="oc-65">
         <name>.debug_aranges</name>
         <load_address>0x40</load_address>
         <run_address>0x40</run_address>
         <size>0x20</size>
         <alignment>0x1</alignment>
         <input_file_ref idref="fl-94"/>
      </object_component>
      <object_component id="oc-5d">
         <name>.debug_aranges</name>
         <load_address>0x60</load_address>
         <run_address>0x60</run_address>
         <size>0x20</size>
         <alignment>0x1</alignment>
         <input_file_ref idref="fl-95"/>
      </object_component>
      <object_component id="oc-69">
         <name>.debug_aranges</name>
         <load_address>0x80</load_address>
         <run_address>0x80</run_address>
         <size>0x20</size>
         <alignment>0x1</alignment>
         <input_file_ref idref="fl-96"/>
      </object_component>
      <object_component id="oc-47">
         <name>.debug_aranges</name>
         <load_address>0xa0</load_address>
         <run_address>0xa0</run_address>
         <size>0x20</size>
         <alignment>0x1</alignment>
         <input_file_ref idref="fl-97"/>
      </object_component>
      <object_component id="oc-94">
         <name>.debug_aranges</name>
         <load_address>0xc0</load_address>
         <run_address>0xc0</run_address>
         <size>0x28</size>
         <alignment>0x1</alignment>
         <input_file_ref idref="fl-99"/>
      </object_component>
   </object_component_list>
   <logical_group_list>
      <logical_group id="lg-2" display="no" color="cyan">
         <name>.intvecs</name>
         <load_address>0x0</load_address>
         <run_address>0x0</run_address>
         <size>0xc0</size>
         <contents>
            <object_component_ref idref="oc-18"/>
         </contents>
      </logical_group>
      <logical_group id="lg-3" display="no" color="cyan">
         <name>.text</name>
         <load_address>0xc0</load_address>
         <run_address>0xc0</run_address>
         <size>0x7a0</size>
         <contents>
            <object_component_ref idref="oc-63"/>
            <object_component_ref idref="oc-e3"/>
            <object_component_ref idref="oc-5f"/>
            <object_component_ref idref="oc-98"/>
            <object_component_ref idref="oc-33"/>
            <object_component_ref idref="oc-34"/>
            <object_component_ref idref="oc-1c"/>
            <object_component_ref idref="oc-44"/>
            <object_component_ref idref="oc-67"/>
            <object_component_ref idref="oc-c8"/>
            <object_component_ref idref="oc-e6"/>
            <object_component_ref idref="oc-c3"/>
            <object_component_ref idref="oc-a9"/>
            <object_component_ref idref="oc-8c"/>
            <object_component_ref idref="oc-c7"/>
            <object_component_ref idref="oc-c5"/>
            <object_component_ref idref="oc-54"/>
            <object_component_ref idref="oc-9d"/>
            <object_component_ref idref="oc-5b"/>
            <object_component_ref idref="oc-80"/>
            <object_component_ref idref="oc-dd"/>
            <object_component_ref idref="oc-c4"/>
            <object_component_ref idref="oc-4b"/>
            <object_component_ref idref="oc-20"/>
            <object_component_ref idref="oc-d9"/>
            <object_component_ref idref="oc-2f"/>
            <object_component_ref idref="oc-7c"/>
            <object_component_ref idref="oc-a2"/>
         </contents>
      </logical_group>
      <logical_group id="lg-4" display="no" color="cyan">
         <name>.const</name>
         <run_address>0x0</run_address>
         <size>0x0</size>
         <contents>
         </contents>
      </logical_group>
      <logical_group id="lg-5" display="no" color="cyan">
         <name>.cinit</name>
         <load_address>0x880</load_address>
         <run_address>0x880</run_address>
         <size>0x38</size>
         <contents>
            <object_component_ref idref="oc-13e"/>
            <object_component_ref idref="oc-13c"/>
            <object_component_ref idref="oc-13f"/>
            <object_component_ref idref="oc-13d"/>
         </contents>
      </logical_group>
      <logical_group id="lg-6" display="no" color="cyan">
         <name>.pinit</name>
         <run_address>0x0</run_address>
         <size>0x0</size>
         <contents>
         </contents>
      </logical_group>
      <logical_group id="lg-7" display="no" color="cyan">
         <name>.rodata</name>
         <load_address>0x860</load_address>
         <run_address>0x860</run_address>
         <size>0x20</size>
         <contents>
            <object_component_ref idref="oc-e5"/>
            <object_component_ref idref="oc-ec"/>
            <object_component_ref idref="oc-e4"/>
         </contents>
      </logical_group>
      <logical_group id="lg-8" display="no" color="cyan">
         <name>.ARM.exidx</name>
         <run_address>0x0</run_address>
         <size>0x0</size>
         <contents>
         </contents>
      </logical_group>
      <logical_group id="lg-9" display="no" color="cyan">
         <name>.init_array</name>
         <run_address>0x0</run_address>
         <size>0x0</size>
         <contents>
         </contents>
      </logical_group>
      <logical_group id="lg-a" display="no" color="cyan">
         <name>.binit</name>
         <load_address>0x0</load_address>
         <run_address>0x0</run_address>
         <size>0x0</size>
         <contents>
            <object_component_ref idref="oc-106"/>
         </contents>
      </logical_group>
      <logical_group id="lg-b" display="no" color="cyan">
         <name>.TI.ramfunc</name>
         <run_address>0x0</run_address>
         <size>0x0</size>
         <contents>
         </contents>
      </logical_group>
      <logical_group id="lg-c" display="no" color="cyan">
         <name>.vtable</name>
         <run_address>0x0</run_address>
         <size>0x0</size>
         <contents>
         </contents>
      </logical_group>
      <logical_group id="lg-d" display="no" color="cyan">
         <name>.args</name>
         <run_address>0x0</run_address>
         <size>0x0</size>
         <contents>
         </contents>
      </logical_group>
      <logical_group id="lg-e" display="no" color="cyan">
         <name>.data</name>
         <run_address>0x202000a8</run_address>
         <size>0xe</size>
         <contents>
            <object_component_ref idref="oc-6b"/>
            <object_component_ref idref="oc-6c"/>
            <object_component_ref idref="oc-6e"/>
            <object_component_ref idref="oc-6d"/>
         </contents>
      </logical_group>
      <logical_group id="lg-f" display="no" color="cyan">
         <name>.bss</name>
         <run_address>0x20200000</run_address>
         <size>0xa6</size>
         <contents>
            <object_component_ref idref="oc-c9"/>
            <object_component_ref idref="oc-6f"/>
            <object_component_ref idref="oc-70"/>
         </contents>
      </logical_group>
      <logical_group id="lg-10" display="no" color="cyan">
         <name>.sysmem</name>
         <run_address>0x0</run_address>
         <size>0x0</size>
         <contents>
         </contents>
      </logical_group>
      <logical_group id="lg-11" display="no" color="cyan">
         <name>.stack</name>
         <run_address>0x20207e00</run_address>
         <size>0x200</size>
         <contents>
            <object_component_ref idref="oc-1a"/>
            <object_component_ref idref="oc-141"/>
         </contents>
      </logical_group>
      <logical_group id="lg-12" display="no" color="cyan">
         <name>.BCRConfig</name>
         <run_address>0x0</run_address>
         <size>0x0</size>
         <contents>
         </contents>
      </logical_group>
      <logical_group id="lg-13" display="no" color="cyan">
         <name>.BSLConfig</name>
         <run_address>0x0</run_address>
         <size>0x0</size>
         <contents>
         </contents>
      </logical_group>
      <logical_group id="lg-fd" display="no" color="cyan">
         <name>.TI.noinit</name>
         <run_address>0x0</run_address>
         <size>0x0</size>
         <contents>
         </contents>
      </logical_group>
      <logical_group id="lg-fe" display="no" color="cyan">
         <name>.TI.persistent</name>
         <run_address>0x0</run_address>
         <size>0x0</size>
         <contents>
         </contents>
      </logical_group>
      <logical_group id="lg-ff" display="no" color="cyan">
         <name>.TI.local</name>
         <run_address>0x0</run_address>
         <size>0x0</size>
         <contents>
         </contents>
      </logical_group>
      <logical_group id="lg-100" display="no" color="cyan">
         <name>.TI.onchip</name>
         <run_address>0x0</run_address>
         <size>0x0</size>
         <contents>
         </contents>
      </logical_group>
      <logical_group id="lg-101" display="no" color="cyan">
         <name>.TI.offchip</name>
         <run_address>0x0</run_address>
         <size>0x0</size>
         <contents>
         </contents>
      </logical_group>
      <logical_group id="lg-102" display="no" color="cyan">
         <name>__llvm_prf_cnts</name>
         <run_address>0x20200000</run_address>
         <size>0x0</size>
         <contents>
         </contents>
      </logical_group>
      <logical_group id="lg-104" display="no" color="cyan">
         <name>__llvm_prf_bits</name>
         <run_address>0x20200000</run_address>
         <size>0x0</size>
         <contents>
         </contents>
      </logical_group>
      <logical_group id="lg-120" display="never" color="cyan">
         <name>.debug_loc</name>
         <load_address>0x0</load_address>
         <run_address>0x0</run_address>
         <size>0x22af</size>
         <contents>
            <object_component_ref idref="oc-c6"/>
            <object_component_ref idref="oc-eb"/>
            <object_component_ref idref="oc-f8"/>
            <object_component_ref idref="oc-e1"/>
            <object_component_ref idref="oc-3f"/>
            <object_component_ref idref="oc-ac"/>
            <object_component_ref idref="oc-50"/>
            <object_component_ref idref="oc-4a"/>
            <object_component_ref idref="oc-42"/>
            <object_component_ref idref="oc-a8"/>
         </contents>
      </logical_group>
      <logical_group id="lg-122" display="never" color="cyan">
         <name>.debug_abbrev</name>
         <load_address>0x0</load_address>
         <run_address>0x0</run_address>
         <size>0xe64</size>
         <contents>
            <object_component_ref idref="oc-ca"/>
            <object_component_ref idref="oc-39"/>
            <object_component_ref idref="oc-71"/>
            <object_component_ref idref="oc-fb"/>
            <object_component_ref idref="oc-f6"/>
            <object_component_ref idref="oc-f9"/>
            <object_component_ref idref="oc-3b"/>
            <object_component_ref idref="oc-d2"/>
            <object_component_ref idref="oc-9b"/>
            <object_component_ref idref="oc-75"/>
            <object_component_ref idref="oc-48"/>
            <object_component_ref idref="oc-40"/>
            <object_component_ref idref="oc-cc"/>
            <object_component_ref idref="oc-90"/>
            <object_component_ref idref="oc-bb"/>
            <object_component_ref idref="oc-91"/>
            <object_component_ref idref="oc-8b"/>
            <object_component_ref idref="oc-92"/>
            <object_component_ref idref="oc-74"/>
            <object_component_ref idref="oc-bc"/>
            <object_component_ref idref="oc-143"/>
         </contents>
      </logical_group>
      <logical_group id="lg-124" display="never" color="cyan">
         <name>.debug_info</name>
         <load_address>0x0</load_address>
         <run_address>0x0</run_address>
         <size>0x97d9</size>
         <contents>
            <object_component_ref idref="oc-a0"/>
            <object_component_ref idref="oc-19"/>
            <object_component_ref idref="oc-38"/>
            <object_component_ref idref="oc-e7"/>
            <object_component_ref idref="oc-db"/>
            <object_component_ref idref="oc-e0"/>
            <object_component_ref idref="oc-1b"/>
            <object_component_ref idref="oc-ab"/>
            <object_component_ref idref="oc-7f"/>
            <object_component_ref idref="oc-4f"/>
            <object_component_ref idref="oc-22"/>
            <object_component_ref idref="oc-1e"/>
            <object_component_ref idref="oc-a4"/>
            <object_component_ref idref="oc-61"/>
            <object_component_ref idref="oc-8d"/>
            <object_component_ref idref="oc-64"/>
            <object_component_ref idref="oc-5c"/>
            <object_component_ref idref="oc-68"/>
            <object_component_ref idref="oc-46"/>
            <object_component_ref idref="oc-97"/>
            <object_component_ref idref="oc-142"/>
         </contents>
      </logical_group>
      <logical_group id="lg-126" display="never" color="cyan">
         <name>.debug_ranges</name>
         <load_address>0x0</load_address>
         <run_address>0x0</run_address>
         <size>0x378</size>
         <contents>
            <object_component_ref idref="oc-9e"/>
            <object_component_ref idref="oc-31"/>
            <object_component_ref idref="oc-35"/>
            <object_component_ref idref="oc-e8"/>
            <object_component_ref idref="oc-df"/>
            <object_component_ref idref="oc-3e"/>
            <object_component_ref idref="oc-ad"/>
            <object_component_ref idref="oc-4e"/>
            <object_component_ref idref="oc-43"/>
            <object_component_ref idref="oc-a6"/>
            <object_component_ref idref="oc-96"/>
         </contents>
      </logical_group>
      <logical_group id="lg-128" display="never" color="cyan">
         <name>.debug_str</name>
         <load_address>0x0</load_address>
         <run_address>0x0</run_address>
         <size>0x5d3d</size>
         <contents>
            <object_component_ref idref="oc-cb"/>
            <object_component_ref idref="oc-3a"/>
            <object_component_ref idref="oc-72"/>
            <object_component_ref idref="oc-fc"/>
            <object_component_ref idref="oc-f7"/>
            <object_component_ref idref="oc-fa"/>
            <object_component_ref idref="oc-3c"/>
            <object_component_ref idref="oc-d3"/>
            <object_component_ref idref="oc-9c"/>
            <object_component_ref idref="oc-76"/>
            <object_component_ref idref="oc-49"/>
            <object_component_ref idref="oc-41"/>
            <object_component_ref idref="oc-cd"/>
         </contents>
      </logical_group>
      <logical_group id="lg-12a" display="never" color="cyan">
         <name>.debug_frame</name>
         <load_address>0x0</load_address>
         <run_address>0x0</run_address>
         <size>0x7f4</size>
         <contents>
            <object_component_ref idref="oc-9f"/>
            <object_component_ref idref="oc-30"/>
            <object_component_ref idref="oc-36"/>
            <object_component_ref idref="oc-e9"/>
            <object_component_ref idref="oc-da"/>
            <object_component_ref idref="oc-e2"/>
            <object_component_ref idref="oc-53"/>
            <object_component_ref idref="oc-ae"/>
            <object_component_ref idref="oc-7e"/>
            <object_component_ref idref="oc-4d"/>
            <object_component_ref idref="oc-23"/>
            <object_component_ref idref="oc-1d"/>
            <object_component_ref idref="oc-a5"/>
         </contents>
      </logical_group>
      <logical_group id="lg-12c" display="never" color="cyan">
         <name>.debug_line</name>
         <load_address>0x0</load_address>
         <run_address>0x0</run_address>
         <size>0x31fa</size>
         <contents>
            <object_component_ref idref="oc-a1"/>
            <object_component_ref idref="oc-32"/>
            <object_component_ref idref="oc-37"/>
            <object_component_ref idref="oc-ea"/>
            <object_component_ref idref="oc-dc"/>
            <object_component_ref idref="oc-de"/>
            <object_component_ref idref="oc-3d"/>
            <object_component_ref idref="oc-aa"/>
            <object_component_ref idref="oc-7d"/>
            <object_component_ref idref="oc-4c"/>
            <object_component_ref idref="oc-21"/>
            <object_component_ref idref="oc-1f"/>
            <object_component_ref idref="oc-a3"/>
            <object_component_ref idref="oc-60"/>
            <object_component_ref idref="oc-8f"/>
            <object_component_ref idref="oc-66"/>
            <object_component_ref idref="oc-5e"/>
            <object_component_ref idref="oc-6a"/>
            <object_component_ref idref="oc-45"/>
            <object_component_ref idref="oc-95"/>
         </contents>
      </logical_group>
      <logical_group id="lg-136" display="never" color="cyan">
         <name>.debug_aranges</name>
         <load_address>0x0</load_address>
         <run_address>0x0</run_address>
         <size>0xe8</size>
         <contents>
            <object_component_ref idref="oc-62"/>
            <object_component_ref idref="oc-8e"/>
            <object_component_ref idref="oc-65"/>
            <object_component_ref idref="oc-5d"/>
            <object_component_ref idref="oc-69"/>
            <object_component_ref idref="oc-47"/>
            <object_component_ref idref="oc-94"/>
         </contents>
      </logical_group>
      <logical_group id="lg-140" display="no" color="cyan">
         <name>Veneer$$CMSE</name>
         <run_address>0x0</run_address>
         <size>0x0</size>
         <contents>
         </contents>
      </logical_group>
      <load_segment id="lg-149" display="no" color="cyan">
         <name>SEGMENT_0</name>
         <load_address>0x0</load_address>
         <run_address>0x0</run_address>
         <size>0x8b8</size>
         <flags>0x5</flags>
         <contents>
            <logical_group_ref idref="lg-2"/>
            <logical_group_ref idref="lg-3"/>
            <logical_group_ref idref="lg-7"/>
            <logical_group_ref idref="lg-5"/>
         </contents>
      </load_segment>
      <load_segment id="lg-14a" display="no" color="cyan">
         <name>SEGMENT_1</name>
         <run_address>0x20200000</run_address>
         <size>0xb6</size>
         <flags>0x6</flags>
         <contents>
            <logical_group_ref idref="lg-f"/>
            <logical_group_ref idref="lg-e"/>
         </contents>
      </load_segment>
      <load_segment id="lg-14b" display="no" color="cyan">
         <name>SEGMENT_2</name>
         <run_address>0x20207e00</run_address>
         <size>0x200</size>
         <flags>0x6</flags>
         <contents>
            <logical_group_ref idref="lg-11"/>
         </contents>
      </load_segment>
   </logical_group_list>
   <placement_map>
      <memory_area display="yes" color="green">
         <name>FLASH</name>
         <page_id>0x0</page_id>
         <origin>0x0</origin>
         <length>0x20000</length>
         <used_space>0x8b8</used_space>
         <unused_space>0x1f748</unused_space>
         <attributes>RX</attributes>
         <usage_details>
            <allocated_space>
               <start_address>0x0</start_address>
               <size>0x0</size>
               <logical_group_ref idref="lg-a"/>
            </allocated_space>
            <allocated_space>
               <start_address>0x0</start_address>
               <size>0xc0</size>
               <logical_group_ref idref="lg-2"/>
            </allocated_space>
            <allocated_space>
               <start_address>0xc0</start_address>
               <size>0x7a0</size>
               <logical_group_ref idref="lg-3"/>
            </allocated_space>
            <allocated_space>
               <start_address>0x860</start_address>
               <size>0x20</size>
               <logical_group_ref idref="lg-7"/>
            </allocated_space>
            <allocated_space>
               <start_address>0x880</start_address>
               <size>0x38</size>
               <logical_group_ref idref="lg-5"/>
            </allocated_space>
            <available_space>
               <start_address>0x8b8</start_address>
               <size>0x1f748</size>
            </available_space>
         </usage_details>
      </memory_area>
      <memory_area display="yes" color="green">
         <name>SRAM</name>
         <page_id>0x0</page_id>
         <origin>0x20200000</origin>
         <length>0x8000</length>
         <used_space>0x2b4</used_space>
         <unused_space>0x7d4c</unused_space>
         <attributes>RWX</attributes>
         <usage_details>
            <allocated_space>
               <start_address>0x20200000</start_address>
               <size>0x0</size>
               <logical_group_ref idref="lg-102"/>
            </allocated_space>
            <allocated_space>
               <start_address>0x20200000</start_address>
               <size>0x0</size>
               <logical_group_ref idref="lg-104"/>
            </allocated_space>
            <allocated_space>
               <start_address>0x20200000</start_address>
               <size>0xa6</size>
               <logical_group_ref idref="lg-f"/>
            </allocated_space>
            <available_space>
               <start_address>0x202000a6</start_address>
               <size>0x2</size>
            </available_space>
            <allocated_space>
               <start_address>0x202000a8</start_address>
               <size>0xe</size>
               <logical_group_ref idref="lg-e"/>
            </allocated_space>
            <available_space>
               <start_address>0x202000b6</start_address>
               <size>0x7d4a</size>
            </available_space>
            <allocated_space>
               <start_address>0x20207e00</start_address>
               <size>0x200</size>
               <logical_group_ref idref="lg-11"/>
            </allocated_space>
         </usage_details>
      </memory_area>
      <memory_area display="yes" color="green">
         <name>BCR_CONFIG</name>
         <page_id>0x0</page_id>
         <origin>0x41c00000</origin>
         <length>0x80</length>
         <used_space>0x0</used_space>
         <unused_space>0x80</unused_space>
         <attributes>R</attributes>
         <usage_details>
         </usage_details>
      </memory_area>
      <memory_area display="yes" color="green">
         <name>BSL_CONFIG</name>
         <page_id>0x0</page_id>
         <origin>0x41c00100</origin>
         <length>0x80</length>
         <used_space>0x0</used_space>
         <unused_space>0x80</unused_space>
         <attributes>R</attributes>
         <usage_details>
         </usage_details>
      </memory_area>
   </placement_map>
   <cptbl_list>
      <cptbl>
         <name>__TI_cinit_table</name>
         <cprec>
            <name>.data</name>
            <load_address>0x880</load_address>
            <load_size>0xd</load_size>
            <run_address>0x202000a8</run_address>
            <run_size>0xe</run_size>
            <compression>lzss</compression>
         </cprec>
         <cprec>
            <name>.bss</name>
            <load_address>0x89c</load_address>
            <load_size>0x8</load_size>
            <run_address>0x20200000</run_address>
            <run_size>0xa6</run_size>
            <compression>zero_init</compression>
         </cprec>
      </cptbl>
   </cptbl_list>
   <handler_table>
      <handler_table_name>__TI_handler_table</handler_table_name>
      <handler>
         <index>0x0</index>
         <name>__TI_decompress_lzss</name>
      </handler>
      <handler>
         <index>0x1</index>
         <name>__TI_decompress_none</name>
      </handler>
      <handler>
         <index>0x2</index>
         <name>__TI_zero_init</name>
      </handler>
   </handler_table>
   <symbol_table>
      <symbol id="sm-1">
         <name>__start___llvm_prf_cnts</name>
         <value>0x20200000</value>
      </symbol>
      <symbol id="sm-2">
         <name>__stop___llvm_prf_cnts</name>
         <value>0x20200000</value>
      </symbol>
      <symbol id="sm-3">
         <name>__start___llvm_prf_bits</name>
         <value>0x20200000</value>
      </symbol>
      <symbol id="sm-4">
         <name>__stop___llvm_prf_bits</name>
         <value>0x20200000</value>
      </symbol>
      <symbol id="sm-5">
         <name>__TI_CINIT_Base</name>
         <value>0x8a4</value>
      </symbol>
      <symbol id="sm-6">
         <name>__TI_CINIT_Limit</name>
         <value>0x8b4</value>
      </symbol>
      <symbol id="sm-7">
         <name>__TI_CINIT_Warm</name>
         <value>0x8b4</value>
      </symbol>
      <symbol id="sm-8">
         <name>__TI_Handler_Table_Base</name>
         <value>0x890</value>
      </symbol>
      <symbol id="sm-9">
         <name>__TI_Handler_Table_Limit</name>
         <value>0x89c</value>
      </symbol>
      <symbol id="sm-a">
         <name>binit</name>
         <value>0xffffffff</value>
      </symbol>
      <symbol id="sm-b">
         <name>__binit__</name>
         <value>0xffffffff</value>
      </symbol>
      <symbol id="sm-c">
         <name>__STACK_SIZE</name>
         <value>0x200</value>
      </symbol>
      <symbol id="sm-d">
         <name>__STACK_END</name>
         <value>0x20208000</value>
      </symbol>
      <symbol id="sm-e">
         <name>__TI_pprof_out_hndl</name>
         <value>0xffffffff</value>
      </symbol>
      <symbol id="sm-f">
         <name>__TI_prof_data_start</name>
         <value>0xffffffff</value>
      </symbol>
      <symbol id="sm-10">
         <name>__TI_prof_data_size</name>
         <value>0xffffffff</value>
      </symbol>
      <symbol id="sm-52">
         <name>SYSCFG_DL_init</name>
         <value>0x775</value>
         <object_component_ref idref="oc-9d"/>
      </symbol>
      <symbol id="sm-53">
         <name>SYSCFG_DL_initPower</name>
         <value>0x62d</value>
         <object_component_ref idref="oc-c3"/>
      </symbol>
      <symbol id="sm-54">
         <name>SYSCFG_DL_GPIO_init</name>
         <value>0x7f9</value>
         <object_component_ref idref="oc-c4"/>
      </symbol>
      <symbol id="sm-55">
         <name>SYSCFG_DL_SYSCTL_init</name>
         <value>0x71d</value>
         <object_component_ref idref="oc-c5"/>
      </symbol>
      <symbol id="sm-56">
         <name>SYSCFG_DL_TIMER_0_init</name>
         <value>0x6e5</value>
         <object_component_ref idref="oc-c7"/>
      </symbol>
      <symbol id="sm-57">
         <name>SYSCFG_DL_ADC12_0_init</name>
         <value>0x5a5</value>
         <object_component_ref idref="oc-c8"/>
      </symbol>
      <symbol id="sm-58">
         <name>gTIMER_0Backup</name>
         <value>0x20200000</value>
      </symbol>
      <symbol id="sm-63">
         <name>Default_Handler</name>
         <value>0x433</value>
         <object_component_ref idref="oc-33"/>
      </symbol>
      <symbol id="sm-64">
         <name>Reset_Handler</name>
         <value>0x847</value>
         <object_component_ref idref="oc-2f"/>
      </symbol>
      <symbol id="sm-65">
         <name>interruptVectors</name>
         <value>0x0</value>
         <object_component_ref idref="oc-18"/>
      </symbol>
      <symbol id="sm-66">
         <name>NMI_Handler</name>
         <value>0x433</value>
         <object_component_ref idref="oc-33"/>
      </symbol>
      <symbol id="sm-67">
         <name>HardFault_Handler</name>
         <value>0x433</value>
         <object_component_ref idref="oc-33"/>
      </symbol>
      <symbol id="sm-68">
         <name>SVC_Handler</name>
         <value>0x433</value>
         <object_component_ref idref="oc-33"/>
      </symbol>
      <symbol id="sm-69">
         <name>PendSV_Handler</name>
         <value>0x433</value>
         <object_component_ref idref="oc-33"/>
      </symbol>
      <symbol id="sm-6a">
         <name>SysTick_Handler</name>
         <value>0x433</value>
         <object_component_ref idref="oc-33"/>
      </symbol>
      <symbol id="sm-6b">
         <name>GROUP0_IRQHandler</name>
         <value>0x433</value>
         <object_component_ref idref="oc-33"/>
      </symbol>
      <symbol id="sm-6c">
         <name>GROUP1_IRQHandler</name>
         <value>0x433</value>
         <object_component_ref idref="oc-33"/>
      </symbol>
      <symbol id="sm-6d">
         <name>TIMG8_IRQHandler</name>
         <value>0x433</value>
         <object_component_ref idref="oc-33"/>
      </symbol>
      <symbol id="sm-6e">
         <name>UART3_IRQHandler</name>
         <value>0x433</value>
         <object_component_ref idref="oc-33"/>
      </symbol>
      <symbol id="sm-6f">
         <name>ADC0_IRQHandler</name>
         <value>0x433</value>
         <object_component_ref idref="oc-33"/>
      </symbol>
      <symbol id="sm-70">
         <name>ADC1_IRQHandler</name>
         <value>0x433</value>
         <object_component_ref idref="oc-33"/>
      </symbol>
      <symbol id="sm-71">
         <name>CANFD0_IRQHandler</name>
         <value>0x433</value>
         <object_component_ref idref="oc-33"/>
      </symbol>
      <symbol id="sm-72">
         <name>DAC0_IRQHandler</name>
         <value>0x433</value>
         <object_component_ref idref="oc-33"/>
      </symbol>
      <symbol id="sm-73">
         <name>SPI0_IRQHandler</name>
         <value>0x433</value>
         <object_component_ref idref="oc-33"/>
      </symbol>
      <symbol id="sm-74">
         <name>SPI1_IRQHandler</name>
         <value>0x433</value>
         <object_component_ref idref="oc-33"/>
      </symbol>
      <symbol id="sm-75">
         <name>UART1_IRQHandler</name>
         <value>0x433</value>
         <object_component_ref idref="oc-33"/>
      </symbol>
      <symbol id="sm-76">
         <name>UART2_IRQHandler</name>
         <value>0x433</value>
         <object_component_ref idref="oc-33"/>
      </symbol>
      <symbol id="sm-77">
         <name>UART0_IRQHandler</name>
         <value>0x433</value>
         <object_component_ref idref="oc-33"/>
      </symbol>
      <symbol id="sm-78">
         <name>TIMG0_IRQHandler</name>
         <value>0x433</value>
         <object_component_ref idref="oc-33"/>
      </symbol>
      <symbol id="sm-79">
         <name>TIMA0_IRQHandler</name>
         <value>0x433</value>
         <object_component_ref idref="oc-33"/>
      </symbol>
      <symbol id="sm-7a">
         <name>TIMA1_IRQHandler</name>
         <value>0x433</value>
         <object_component_ref idref="oc-33"/>
      </symbol>
      <symbol id="sm-7b">
         <name>TIMG7_IRQHandler</name>
         <value>0x433</value>
         <object_component_ref idref="oc-33"/>
      </symbol>
      <symbol id="sm-7c">
         <name>TIMG12_IRQHandler</name>
         <value>0x433</value>
         <object_component_ref idref="oc-33"/>
      </symbol>
      <symbol id="sm-7d">
         <name>I2C0_IRQHandler</name>
         <value>0x433</value>
         <object_component_ref idref="oc-33"/>
      </symbol>
      <symbol id="sm-7e">
         <name>I2C1_IRQHandler</name>
         <value>0x433</value>
         <object_component_ref idref="oc-33"/>
      </symbol>
      <symbol id="sm-7f">
         <name>AES_IRQHandler</name>
         <value>0x433</value>
         <object_component_ref idref="oc-33"/>
      </symbol>
      <symbol id="sm-80">
         <name>RTC_IRQHandler</name>
         <value>0x433</value>
         <object_component_ref idref="oc-33"/>
      </symbol>
      <symbol id="sm-81">
         <name>DMA_IRQHandler</name>
         <value>0x433</value>
         <object_component_ref idref="oc-33"/>
      </symbol>
      <symbol id="sm-8e">
         <name>u16ADC</name>
         <value>0x202000b4</value>
         <object_component_ref idref="oc-6b"/>
      </symbol>
      <symbol id="sm-8f">
         <name>s32Sum</name>
         <value>0x202000b0</value>
         <object_component_ref idref="oc-6c"/>
      </symbol>
      <symbol id="sm-90">
         <name>s32Err</name>
         <value>0x202000a8</value>
         <object_component_ref idref="oc-6d"/>
      </symbol>
      <symbol id="sm-91">
         <name>s32K</name>
         <value>0x202000ac</value>
         <object_component_ref idref="oc-6e"/>
      </symbol>
      <symbol id="sm-92">
         <name>main</name>
         <value>0x7bd</value>
         <object_component_ref idref="oc-80"/>
      </symbol>
      <symbol id="sm-93">
         <name>TIMG6_IRQHandler</name>
         <value>0x435</value>
         <object_component_ref idref="oc-34"/>
      </symbol>
      <symbol id="sm-94">
         <name>AdcResult</name>
         <value>0x202000a4</value>
      </symbol>
      <symbol id="sm-95">
         <name>Corrected_voltage</name>
         <value>0x202000a0</value>
      </symbol>
      <symbol id="sm-96">
         <name>__TI_ATRegion0_src_addr</name>
         <value>0x0</value>
      </symbol>
      <symbol id="sm-97">
         <name>__TI_ATRegion0_trg_addr</name>
         <value>0x0</value>
      </symbol>
      <symbol id="sm-98">
         <name>__TI_ATRegion0_region_sz</name>
         <value>0x0</value>
      </symbol>
      <symbol id="sm-99">
         <name>__TI_ATRegion1_src_addr</name>
         <value>0x0</value>
      </symbol>
      <symbol id="sm-9a">
         <name>__TI_ATRegion1_trg_addr</name>
         <value>0x0</value>
      </symbol>
      <symbol id="sm-9b">
         <name>__TI_ATRegion1_region_sz</name>
         <value>0x0</value>
      </symbol>
      <symbol id="sm-9c">
         <name>__TI_ATRegion2_src_addr</name>
         <value>0x0</value>
      </symbol>
      <symbol id="sm-9d">
         <name>__TI_ATRegion2_trg_addr</name>
         <value>0x0</value>
      </symbol>
      <symbol id="sm-9e">
         <name>__TI_ATRegion2_region_sz</name>
         <value>0x0</value>
      </symbol>
      <symbol id="sm-a9">
         <name>DL_ADC12_setClockConfig</name>
         <value>0x5ed</value>
         <object_component_ref idref="oc-e6"/>
      </symbol>
      <symbol id="sm-b2">
         <name>DL_Common_delayCycles</name>
         <value>0x83d</value>
         <object_component_ref idref="oc-d9"/>
      </symbol>
      <symbol id="sm-c2">
         <name>DL_Timer_setClockConfig</name>
         <value>0x7dd</value>
         <object_component_ref idref="oc-dd"/>
      </symbol>
      <symbol id="sm-c3">
         <name>DL_Timer_initTimerMode</name>
         <value>0x1cd</value>
         <object_component_ref idref="oc-e3"/>
      </symbol>
      <symbol id="sm-ce">
         <name>_c_int00_noargs</name>
         <value>0x74d</value>
         <object_component_ref idref="oc-54"/>
      </symbol>
      <symbol id="sm-cf">
         <name>__stack</name>
         <value>0x20207e00</value>
         <object_component_ref idref="oc-1a"/>
      </symbol>
      <symbol id="sm-db">
         <name>__TI_auto_init_nobinit_nopinit</name>
         <value>0x66d</value>
         <object_component_ref idref="oc-a9"/>
      </symbol>
      <symbol id="sm-e3">
         <name>_system_pre_init</name>
         <value>0x84b</value>
         <object_component_ref idref="oc-7c"/>
      </symbol>
      <symbol id="sm-ee">
         <name>__TI_zero_init_nomemset</name>
         <value>0x815</value>
         <object_component_ref idref="oc-4b"/>
      </symbol>
      <symbol id="sm-f7">
         <name>__TI_decompress_none</name>
         <value>0x82b</value>
         <object_component_ref idref="oc-20"/>
      </symbol>
      <symbol id="sm-102">
         <name>__TI_decompress_lzss</name>
         <value>0x4b1</value>
         <object_component_ref idref="oc-1c"/>
      </symbol>
      <symbol id="sm-10c">
         <name>abort</name>
         <value>0x84f</value>
         <object_component_ref idref="oc-a2"/>
      </symbol>
      <symbol id="sm-10d">
         <name>C$$EXIT</name>
         <value>0x84e</value>
         <object_component_ref idref="oc-a2"/>
      </symbol>
      <symbol id="sm-115">
         <name>__aeabi_dmul</name>
         <value>0x2b5</value>
         <object_component_ref idref="oc-5f"/>
      </symbol>
      <symbol id="sm-116">
         <name>__muldf3</name>
         <value>0x2b5</value>
         <object_component_ref idref="oc-5f"/>
      </symbol>
      <symbol id="sm-11c">
         <name>__muldsi3</name>
         <value>0x6a9</value>
         <object_component_ref idref="oc-8c"/>
      </symbol>
      <symbol id="sm-122">
         <name>__aeabi_ddiv</name>
         <value>0xc1</value>
         <object_component_ref idref="oc-63"/>
      </symbol>
      <symbol id="sm-123">
         <name>__divdf3</name>
         <value>0xc1</value>
         <object_component_ref idref="oc-63"/>
      </symbol>
      <symbol id="sm-129">
         <name>__aeabi_ui2d</name>
         <value>0x799</value>
         <object_component_ref idref="oc-5b"/>
      </symbol>
      <symbol id="sm-12a">
         <name>__floatunsidf</name>
         <value>0x799</value>
         <object_component_ref idref="oc-5b"/>
      </symbol>
      <symbol id="sm-131">
         <name>__aeabi_d2f</name>
         <value>0x531</value>
         <object_component_ref idref="oc-67"/>
      </symbol>
      <symbol id="sm-132">
         <name>__truncdfsf2</name>
         <value>0x531</value>
         <object_component_ref idref="oc-67"/>
      </symbol>
      <symbol id="sm-138">
         <name>__aeabi_memcpy</name>
         <value>0x529</value>
         <object_component_ref idref="oc-44"/>
      </symbol>
      <symbol id="sm-139">
         <name>__aeabi_memcpy4</name>
         <value>0x529</value>
         <object_component_ref idref="oc-44"/>
      </symbol>
      <symbol id="sm-13a">
         <name>__aeabi_memcpy8</name>
         <value>0x529</value>
         <object_component_ref idref="oc-44"/>
      </symbol>
      <symbol id="sm-153">
         <name>memcpy</name>
         <value>0x399</value>
         <object_component_ref idref="oc-98"/>
      </symbol>
      <symbol id="sm-154">
         <name>__TI_static_base__</name>
         <value>0x0</value>
      </symbol>
      <symbol id="sm-157">
         <name>__mpu_init</name>
         <value>0x0</value>
      </symbol>
      <symbol id="sm-158">
         <name>_system_post_cinit</name>
         <value>0x0</value>
      </symbol>
   </symbol_table>
   <title>Link successful</title>
</link_info>
