<?xml version="1.0" encoding="ISO-8859-1" ?>
<link_info>
   <banner>TI ARM Clang Linker PC v2.1.3.LTS</banner>
   <copyright>Copyright (c) 1996-2018 Texas Instruments Incorporated</copyright>
   <link_time>0x66cc2242</link_time>
   <link_errors>0x0</link_errors>
   <output_file>gpio_toggle_output_LP_MSPM0L1306_nortos_ticlang.out</output_file>
   <entry_point>
      <name>_c_int00_noinit_noargs</name>
      <address>0x295</address>
   </entry_point>
   <input_file_list>
      <input_file id="fl-1">
         <path>.\</path>
         <kind>object</kind>
         <file>gpio_toggle_output.o</file>
         <name>gpio_toggle_output.o</name>
      </input_file>
      <input_file id="fl-2">
         <path>.\</path>
         <kind>object</kind>
         <file>ti_msp_dl_config.o</file>
         <name>ti_msp_dl_config.o</name>
      </input_file>
      <input_file id="fl-3">
         <path>.\</path>
         <kind>object</kind>
         <file>startup_mspm0l130x_ticlang.o</file>
         <name>startup_mspm0l130x_ticlang.o</name>
      </input_file>
      <input_file id="fl-10">
         <kind>object</kind>
         <file>&lt;internal&gt;</file>
         <name>&lt;internal&gt;</name>
      </input_file>
      <input_file id="fl-11">
         <path>C:\ti\mspm0_sdk_1_30_00_03\source\ti\driverlib\lib\ticlang\m0p\mspm0l11xx_l13xx\</path>
         <kind>archive</kind>
         <file>driverlib.a</file>
         <name>dl_common.o</name>
      </input_file>
      <input_file id="fl-12">
         <path>C:\ti\mspm0_sdk_1_30_00_03\source\ti\driverlib\lib\ticlang\m0p\mspm0l11xx_l13xx\</path>
         <kind>archive</kind>
         <file>driverlib.a</file>
         <name>dl_timer.o</name>
      </input_file>
      <input_file id="fl-1e">
         <path>C:\ti\ccs1240\ccs\tools\compiler\ti-cgt-armllvm_2.1.3.LTS\lib\armv6m-ti-none-eabi\c\</path>
         <kind>archive</kind>
         <file>libc.a</file>
         <name>copy_zero_init.c.obj</name>
      </input_file>
      <input_file id="fl-1f">
         <path>C:\ti\ccs1240\ccs\tools\compiler\ti-cgt-armllvm_2.1.3.LTS\lib\armv6m-ti-none-eabi\c\</path>
         <kind>archive</kind>
         <file>libc.a</file>
         <name>copy_decompress_none.c.obj</name>
      </input_file>
      <input_file id="fl-20">
         <path>C:\ti\ccs1240\ccs\tools\compiler\ti-cgt-armllvm_2.1.3.LTS\lib\armv6m-ti-none-eabi\c\</path>
         <kind>archive</kind>
         <file>libc.a</file>
         <name>copy_decompress_lzss.c.obj</name>
      </input_file>
      <input_file id="fl-21">
         <path>C:\ti\ccs1240\ccs\tools\compiler\ti-cgt-armllvm_2.1.3.LTS\lib\armv6m-ti-none-eabi\c\</path>
         <kind>archive</kind>
         <file>libc.a</file>
         <name>boot_cortex_m.c.obj</name>
      </input_file>
      <input_file id="fl-22">
         <path>C:\ti\ccs1240\ccs\tools\compiler\ti-cgt-armllvm_2.1.3.LTS\lib\armv6m-ti-none-eabi\c\</path>
         <kind>archive</kind>
         <file>libc.a</file>
         <name>mathacl_init.c.obj</name>
      </input_file>
      <input_file id="fl-23">
         <path>C:\ti\ccs1240\ccs\tools\compiler\ti-cgt-armllvm_2.1.3.LTS\lib\armv6m-ti-none-eabi\c\</path>
         <kind>archive</kind>
         <file>libc.a</file>
         <name>exit.c.obj</name>
      </input_file>
      <input_file id="fl-24">
         <path>C:\ti\ccs1240\ccs\tools\compiler\ti-cgt-armllvm_2.1.3.LTS\lib\armv6m-ti-none-eabi\c\</path>
         <kind>archive</kind>
         <file>libc.a</file>
         <name>_lock.c.obj</name>
      </input_file>
      <input_file id="fl-25">
         <path>C:\ti\ccs1240\ccs\tools\compiler\ti-cgt-armllvm_2.1.3.LTS\lib\armv6m-ti-none-eabi\c\</path>
         <kind>archive</kind>
         <file>libc.a</file>
         <name>args_main.c.obj</name>
      </input_file>
      <input_file id="fl-26">
         <path>C:\ti\ccs1240\ccs\tools\compiler\ti-cgt-armllvm_2.1.3.LTS\lib\armv6m-ti-none-eabi\c\</path>
         <kind>archive</kind>
         <file>libc.a</file>
         <name>autoinit.c.obj</name>
      </input_file>
      <input_file id="fl-27">
         <path>C:\ti\ccs1240\ccs\tools\compiler\ti-cgt-armllvm_2.1.3.LTS\lib\armv6m-ti-none-eabi\c\</path>
         <kind>archive</kind>
         <file>libc.a</file>
         <name>pre_init.c.obj</name>
      </input_file>
      <input_file id="fl-28">
         <path>C:\ti\ccs1240\ccs\tools\compiler\ti-cgt-armllvm_2.1.3.LTS\lib\armv6m-ti-none-eabi\c\</path>
         <kind>archive</kind>
         <file>libc.a</file>
         <name>cpy_tbl.c.obj</name>
      </input_file>
      <input_file id="fl-61">
         <path>C:\ti\ccs1240\ccs\tools\compiler\ti-cgt-armllvm_2.1.3.LTS\lib\clang\14.0.6\lib\armv6m-ti-none-eabi\</path>
         <kind>archive</kind>
         <file>libclang_rt.builtins.a</file>
         <name>aeabi_memcpy.S.obj</name>
      </input_file>
      <input_file id="fl-62">
         <path>C:\ti\ccs1240\ccs\tools\compiler\ti-cgt-armllvm_2.1.3.LTS\lib\clang\14.0.6\lib\armv6m-ti-none-eabi\</path>
         <kind>archive</kind>
         <file>libclang_rt.builtins.a</file>
         <name>aeabi_memset.S.obj</name>
      </input_file>
      <input_file id="fl-63">
         <path>C:\ti\ccs1240\ccs\tools\compiler\ti-cgt-armllvm_2.1.3.LTS\lib\armv6m-ti-none-eabi\c\</path>
         <kind>archive</kind>
         <file>libc.a</file>
         <name>memcpy16.S.obj</name>
      </input_file>
      <input_file id="fl-64">
         <path>C:\ti\ccs1240\ccs\tools\compiler\ti-cgt-armllvm_2.1.3.LTS\lib\armv6m-ti-none-eabi\c\</path>
         <kind>archive</kind>
         <file>libc.a</file>
         <name>memset16.S.obj</name>
      </input_file>
   </input_file_list>
   <object_component_list>
      <object_component id="oc-18">
         <name>.intvecs</name>
         <load_address>0x0</load_address>
         <run_address>0x0</run_address>
         <size>0xc0</size>
         <input_file_ref idref="fl-3"/>
      </object_component>
      <object_component id="oc-b9">
         <name>.text.DL_Timer_initPWMMode</name>
         <load_address>0xc0</load_address>
         <run_address>0xc0</run_address>
         <size>0xc4</size>
         <input_file_ref idref="fl-12"/>
      </object_component>
      <object_component id="oc-a0">
         <name>.text.SYSCFG_DL_PWM_0_init</name>
         <load_address>0x184</load_address>
         <run_address>0x184</run_address>
         <size>0x7c</size>
         <input_file_ref idref="fl-2"/>
      </object_component>
      <object_component id="oc-9d">
         <name>.text.SYSCFG_DL_GPIO_init</name>
         <load_address>0x200</load_address>
         <run_address>0x200</run_address>
         <size>0x38</size>
         <input_file_ref idref="fl-2"/>
      </object_component>
      <object_component id="oc-59">
         <name>.text.main</name>
         <load_address>0x238</load_address>
         <run_address>0x238</run_address>
         <size>0x30</size>
         <input_file_ref idref="fl-1"/>
      </object_component>
      <object_component id="oc-9c">
         <name>.text.SYSCFG_DL_initPower</name>
         <load_address>0x268</load_address>
         <run_address>0x268</run_address>
         <size>0x2c</size>
         <input_file_ref idref="fl-2"/>
      </object_component>
      <object_component id="oc-44">
         <name>.text:_c_int00_noinit_noargs</name>
         <load_address>0x294</load_address>
         <run_address>0x294</run_address>
         <size>0x20</size>
         <input_file_ref idref="fl-21"/>
      </object_component>
      <object_component id="oc-bc">
         <name>.text.DL_Timer_setCaptCompUpdateMethod</name>
         <load_address>0x2b4</load_address>
         <run_address>0x2b4</run_address>
         <size>0x1c</size>
         <input_file_ref idref="fl-12"/>
      </object_component>
      <object_component id="oc-b3">
         <name>.text.DL_Timer_setClockConfig</name>
         <load_address>0x2d0</load_address>
         <run_address>0x2d0</run_address>
         <size>0x1c</size>
         <input_file_ref idref="fl-12"/>
      </object_component>
      <object_component id="oc-9e">
         <name>.text.SYSCFG_DL_SYSCTL_init</name>
         <load_address>0x2ec</load_address>
         <run_address>0x2ec</run_address>
         <size>0x1c</size>
         <input_file_ref idref="fl-2"/>
      </object_component>
      <object_component id="oc-bb">
         <name>.text.DL_Timer_setCaptureCompareOutCtl</name>
         <load_address>0x308</load_address>
         <run_address>0x308</run_address>
         <size>0x18</size>
         <input_file_ref idref="fl-12"/>
      </object_component>
      <object_component id="oc-71">
         <name>.text.SYSCFG_DL_init</name>
         <load_address>0x320</load_address>
         <run_address>0x320</run_address>
         <size>0x14</size>
         <input_file_ref idref="fl-2"/>
      </object_component>
      <object_component id="oc-ba">
         <name>.text.DL_Timer_setCaptureCompareValue</name>
         <load_address>0x334</load_address>
         <run_address>0x334</run_address>
         <size>0x10</size>
         <input_file_ref idref="fl-12"/>
      </object_component>
      <object_component id="oc-76">
         <name>.text.DL_Common_delayCycles</name>
         <load_address>0x344</load_address>
         <run_address>0x344</run_address>
         <size>0xa</size>
         <input_file_ref idref="fl-11"/>
      </object_component>
      <object_component id="oc-26">
         <name>.text.Reset_Handler</name>
         <load_address>0x34e</load_address>
         <run_address>0x34e</run_address>
         <size>0x4</size>
         <input_file_ref idref="fl-3"/>
      </object_component>
      <object_component id="oc-55">
         <name>.text._system_pre_init</name>
         <load_address>0x352</load_address>
         <run_address>0x352</run_address>
         <size>0x4</size>
         <input_file_ref idref="fl-27"/>
      </object_component>
      <object_component id="oc-7c">
         <name>.text:abort</name>
         <load_address>0x356</load_address>
         <run_address>0x356</run_address>
         <size>0x4</size>
         <input_file_ref idref="fl-23"/>
      </object_component>
      <object_component id="oc-2a">
         <name>.text.Default_Handler</name>
         <load_address>0x35a</load_address>
         <run_address>0x35a</run_address>
         <size>0x2</size>
         <input_file_ref idref="fl-3"/>
      </object_component>
      <object_component id="oc-104">
         <name>__TI_cinit_table</name>
         <load_address>0x0</load_address>
         <run_address>0x0</run_address>
         <size>0x0</size>
      </object_component>
      <object_component id="oc-be">
         <name>.rodata.gPWM_0Config</name>
         <load_address>0x360</load_address>
         <run_address>0x360</run_address>
         <size>0x8</size>
         <input_file_ref idref="fl-2"/>
      </object_component>
      <object_component id="oc-bd">
         <name>.rodata.gPWM_0ClockConfig</name>
         <load_address>0x368</load_address>
         <run_address>0x368</run_address>
         <size>0x3</size>
         <input_file_ref idref="fl-2"/>
      </object_component>
      <object_component id="oc-d0">
         <name>.binit</name>
         <load_address>0x0</load_address>
         <run_address>0x0</run_address>
         <size>0x0</size>
      </object_component>
      <object_component id="oc-1a">
         <name>.stack</name>
         <uninitialized>true</uninitialized>
         <run_address>0x20000f00</run_address>
         <size>0x4</size>
         <input_file_ref idref="fl-21"/>
      </object_component>
      <object_component id="oc-106">
         <name>.stack</name>
         <uninitialized>true</uninitialized>
         <run_address>0x20000f00</run_address>
         <size>0x0</size>
      </object_component>
      <object_component id="oc-7a">
         <name>.debug_abbrev</name>
         <load_address>0x0</load_address>
         <run_address>0x0</run_address>
         <size>0xf5</size>
         <input_file_ref idref="fl-1"/>
      </object_component>
      <object_component id="oc-a1">
         <name>.debug_abbrev</name>
         <load_address>0xf5</load_address>
         <run_address>0xf5</run_address>
         <size>0x1db</size>
         <input_file_ref idref="fl-2"/>
      </object_component>
      <object_component id="oc-2b">
         <name>.debug_abbrev</name>
         <load_address>0x2d0</load_address>
         <run_address>0x2d0</run_address>
         <size>0x6d</size>
         <input_file_ref idref="fl-3"/>
      </object_component>
      <object_component id="oc-a3">
         <name>.debug_abbrev</name>
         <load_address>0x33d</load_address>
         <run_address>0x33d</run_address>
         <size>0x62</size>
         <input_file_ref idref="fl-11"/>
      </object_component>
      <object_component id="oc-c8">
         <name>.debug_abbrev</name>
         <load_address>0x39f</load_address>
         <run_address>0x39f</run_address>
         <size>0x23b</size>
         <input_file_ref idref="fl-12"/>
      </object_component>
      <object_component id="oc-2d">
         <name>.debug_abbrev</name>
         <load_address>0x5da</load_address>
         <run_address>0x5da</run_address>
         <size>0xaf</size>
         <input_file_ref idref="fl-21"/>
      </object_component>
      <object_component id="oc-a6">
         <name>.debug_abbrev</name>
         <load_address>0x689</load_address>
         <run_address>0x689</run_address>
         <size>0xb3</size>
         <input_file_ref idref="fl-23"/>
      </object_component>
      <object_component id="oc-6f">
         <name>.debug_abbrev</name>
         <load_address>0x73c</load_address>
         <run_address>0x73c</run_address>
         <size>0x39</size>
         <input_file_ref idref="fl-27"/>
      </object_component>
      <object_component id="oc-108">
         <name>.debug_abbrev</name>
         <load_address>0x775</load_address>
         <run_address>0x775</run_address>
         <size>0xf</size>
      </object_component>
      <object_component id="oc-5a">
         <name>.debug_info</name>
         <load_address>0x0</load_address>
         <run_address>0x0</run_address>
         <size>0x78e</size>
         <input_file_ref idref="fl-1"/>
      </object_component>
      <object_component id="oc-72">
         <name>.debug_info</name>
         <load_address>0x78e</load_address>
         <run_address>0x78e</run_address>
         <size>0x1f3b</size>
         <input_file_ref idref="fl-2"/>
      </object_component>
      <object_component id="oc-19">
         <name>.debug_info</name>
         <load_address>0x26c9</load_address>
         <run_address>0x26c9</run_address>
         <size>0x80</size>
         <input_file_ref idref="fl-3"/>
      </object_component>
      <object_component id="oc-78">
         <name>.debug_info</name>
         <load_address>0x2749</load_address>
         <run_address>0x2749</run_address>
         <size>0x75</size>
         <input_file_ref idref="fl-11"/>
      </object_component>
      <object_component id="oc-b6">
         <name>.debug_info</name>
         <load_address>0x27be</load_address>
         <run_address>0x27be</run_address>
         <size>0x24d5</size>
         <input_file_ref idref="fl-12"/>
      </object_component>
      <object_component id="oc-1b">
         <name>.debug_info</name>
         <load_address>0x4c93</load_address>
         <run_address>0x4c93</run_address>
         <size>0x423</size>
         <input_file_ref idref="fl-21"/>
      </object_component>
      <object_component id="oc-80">
         <name>.debug_info</name>
         <load_address>0x50b6</load_address>
         <run_address>0x50b6</run_address>
         <size>0xed</size>
         <input_file_ref idref="fl-23"/>
      </object_component>
      <object_component id="oc-56">
         <name>.debug_info</name>
         <load_address>0x51a3</load_address>
         <run_address>0x51a3</run_address>
         <size>0x46</size>
         <input_file_ref idref="fl-27"/>
      </object_component>
      <object_component id="oc-107">
         <name>.debug_info</name>
         <load_address>0x51e9</load_address>
         <run_address>0x51e9</run_address>
         <size>0xd7</size>
      </object_component>
      <object_component id="oc-7b">
         <name>.debug_str</name>
         <load_address>0x0</load_address>
         <run_address>0x0</run_address>
         <size>0x529</size>
         <input_file_ref idref="fl-1"/>
      </object_component>
      <object_component id="oc-a2">
         <name>.debug_str</name>
         <load_address>0x529</load_address>
         <run_address>0x529</run_address>
         <size>0x13f4</size>
         <input_file_ref idref="fl-2"/>
      </object_component>
      <object_component id="oc-2c">
         <name>.debug_str</name>
         <load_address>0x191d</load_address>
         <run_address>0x191d</run_address>
         <size>0x18e</size>
         <input_file_ref idref="fl-3"/>
      </object_component>
      <object_component id="oc-a4">
         <name>.debug_str</name>
         <load_address>0x1aab</load_address>
         <run_address>0x1aab</run_address>
         <size>0x177</size>
         <input_file_ref idref="fl-11"/>
      </object_component>
      <object_component id="oc-c9">
         <name>.debug_str</name>
         <load_address>0x1c22</load_address>
         <run_address>0x1c22</run_address>
         <size>0x165a</size>
         <input_file_ref idref="fl-12"/>
      </object_component>
      <object_component id="oc-2e">
         <name>.debug_str</name>
         <load_address>0x327c</load_address>
         <run_address>0x327c</run_address>
         <size>0x270</size>
         <input_file_ref idref="fl-21"/>
      </object_component>
      <object_component id="oc-a7">
         <name>.debug_str</name>
         <load_address>0x34ec</load_address>
         <run_address>0x34ec</run_address>
         <size>0x18a</size>
         <input_file_ref idref="fl-23"/>
      </object_component>
      <object_component id="oc-70">
         <name>.debug_str</name>
         <load_address>0x3676</load_address>
         <run_address>0x3676</run_address>
         <size>0x140</size>
         <input_file_ref idref="fl-27"/>
      </object_component>
      <object_component id="oc-5b">
         <name>.debug_frame</name>
         <load_address>0x0</load_address>
         <run_address>0x0</run_address>
         <size>0x20</size>
         <input_file_ref idref="fl-1"/>
      </object_component>
      <object_component id="oc-73">
         <name>.debug_frame</name>
         <load_address>0x20</load_address>
         <run_address>0x20</run_address>
         <size>0x88</size>
         <input_file_ref idref="fl-2"/>
      </object_component>
      <object_component id="oc-29">
         <name>.debug_frame</name>
         <load_address>0xa8</load_address>
         <run_address>0xa8</run_address>
         <size>0x30</size>
         <input_file_ref idref="fl-3"/>
      </object_component>
      <object_component id="oc-79">
         <name>.debug_frame</name>
         <load_address>0xd8</load_address>
         <run_address>0xd8</run_address>
         <size>0x20</size>
         <input_file_ref idref="fl-11"/>
      </object_component>
      <object_component id="oc-b5">
         <name>.debug_frame</name>
         <load_address>0xf8</load_address>
         <run_address>0xf8</run_address>
         <size>0x2d4</size>
         <input_file_ref idref="fl-12"/>
      </object_component>
      <object_component id="oc-45">
         <name>.debug_frame</name>
         <load_address>0x3cc</load_address>
         <run_address>0x3cc</run_address>
         <size>0x90</size>
         <input_file_ref idref="fl-21"/>
      </object_component>
      <object_component id="oc-7f">
         <name>.debug_frame</name>
         <load_address>0x45c</load_address>
         <run_address>0x45c</run_address>
         <size>0x30</size>
         <input_file_ref idref="fl-23"/>
      </object_component>
      <object_component id="oc-58">
         <name>.debug_frame</name>
         <load_address>0x48c</load_address>
         <run_address>0x48c</run_address>
         <size>0x20</size>
         <input_file_ref idref="fl-27"/>
      </object_component>
      <object_component id="oc-5c">
         <name>.debug_line</name>
         <load_address>0x0</load_address>
         <run_address>0x0</run_address>
         <size>0x1f4</size>
         <input_file_ref idref="fl-1"/>
      </object_component>
      <object_component id="oc-75">
         <name>.debug_line</name>
         <load_address>0x1f4</load_address>
         <run_address>0x1f4</run_address>
         <size>0x3ef</size>
         <input_file_ref idref="fl-2"/>
      </object_component>
      <object_component id="oc-27">
         <name>.debug_line</name>
         <load_address>0x5e3</load_address>
         <run_address>0x5e3</run_address>
         <size>0xba</size>
         <input_file_ref idref="fl-3"/>
      </object_component>
      <object_component id="oc-77">
         <name>.debug_line</name>
         <load_address>0x69d</load_address>
         <run_address>0x69d</run_address>
         <size>0xe4</size>
         <input_file_ref idref="fl-11"/>
      </object_component>
      <object_component id="oc-b8">
         <name>.debug_line</name>
         <load_address>0x781</load_address>
         <run_address>0x781</run_address>
         <size>0xf1f</size>
         <input_file_ref idref="fl-12"/>
      </object_component>
      <object_component id="oc-2f">
         <name>.debug_line</name>
         <load_address>0x16a0</load_address>
         <run_address>0x16a0</run_address>
         <size>0x1fe</size>
         <input_file_ref idref="fl-21"/>
      </object_component>
      <object_component id="oc-7e">
         <name>.debug_line</name>
         <load_address>0x189e</load_address>
         <run_address>0x189e</run_address>
         <size>0x6b</size>
         <input_file_ref idref="fl-23"/>
      </object_component>
      <object_component id="oc-57">
         <name>.debug_line</name>
         <load_address>0x1909</load_address>
         <run_address>0x1909</run_address>
         <size>0x3e</size>
         <input_file_ref idref="fl-27"/>
      </object_component>
      <object_component id="oc-9f">
         <name>.debug_loc</name>
         <load_address>0x0</load_address>
         <run_address>0x0</run_address>
         <size>0x1b</size>
         <input_file_ref idref="fl-2"/>
      </object_component>
      <object_component id="oc-a5">
         <name>.debug_loc</name>
         <load_address>0x1b</load_address>
         <run_address>0x1b</run_address>
         <size>0x13</size>
         <input_file_ref idref="fl-11"/>
      </object_component>
      <object_component id="oc-b7">
         <name>.debug_loc</name>
         <load_address>0x2e</load_address>
         <run_address>0x2e</run_address>
         <size>0x1297</size>
         <input_file_ref idref="fl-12"/>
      </object_component>
      <object_component id="oc-31">
         <name>.debug_loc</name>
         <load_address>0x12c5</load_address>
         <run_address>0x12c5</run_address>
         <size>0xd8</size>
         <input_file_ref idref="fl-21"/>
      </object_component>
      <object_component id="oc-82">
         <name>.debug_loc</name>
         <load_address>0x139d</load_address>
         <run_address>0x139d</run_address>
         <size>0x26</size>
         <input_file_ref idref="fl-23"/>
      </object_component>
      <object_component id="oc-74">
         <name>.debug_ranges</name>
         <load_address>0x0</load_address>
         <run_address>0x0</run_address>
         <size>0x30</size>
         <input_file_ref idref="fl-2"/>
      </object_component>
      <object_component id="oc-28">
         <name>.debug_ranges</name>
         <load_address>0x30</load_address>
         <run_address>0x30</run_address>
         <size>0x18</size>
         <input_file_ref idref="fl-3"/>
      </object_component>
      <object_component id="oc-b4">
         <name>.debug_ranges</name>
         <load_address>0x48</load_address>
         <run_address>0x48</run_address>
         <size>0x120</size>
         <input_file_ref idref="fl-12"/>
      </object_component>
      <object_component id="oc-30">
         <name>.debug_ranges</name>
         <load_address>0x168</load_address>
         <run_address>0x168</run_address>
         <size>0x48</size>
         <input_file_ref idref="fl-21"/>
      </object_component>
      <object_component id="oc-7d">
         <name>.debug_ranges</name>
         <load_address>0x1b0</load_address>
         <run_address>0x1b0</run_address>
         <size>0x18</size>
         <input_file_ref idref="fl-23"/>
      </object_component>
   </object_component_list>
   <logical_group_list>
      <logical_group id="lg-2" display="no" color="cyan">
         <name>.intvecs</name>
         <load_address>0x0</load_address>
         <run_address>0x0</run_address>
         <size>0xc0</size>
         <contents>
            <object_component_ref idref="oc-18"/>
         </contents>
      </logical_group>
      <logical_group id="lg-3" display="no" color="cyan">
         <name>.text</name>
         <load_address>0xc0</load_address>
         <run_address>0xc0</run_address>
         <size>0x2a0</size>
         <contents>
            <object_component_ref idref="oc-b9"/>
            <object_component_ref idref="oc-a0"/>
            <object_component_ref idref="oc-9d"/>
            <object_component_ref idref="oc-59"/>
            <object_component_ref idref="oc-9c"/>
            <object_component_ref idref="oc-44"/>
            <object_component_ref idref="oc-bc"/>
            <object_component_ref idref="oc-b3"/>
            <object_component_ref idref="oc-9e"/>
            <object_component_ref idref="oc-bb"/>
            <object_component_ref idref="oc-71"/>
            <object_component_ref idref="oc-ba"/>
            <object_component_ref idref="oc-76"/>
            <object_component_ref idref="oc-26"/>
            <object_component_ref idref="oc-55"/>
            <object_component_ref idref="oc-7c"/>
            <object_component_ref idref="oc-2a"/>
         </contents>
      </logical_group>
      <logical_group id="lg-4" display="no" color="cyan">
         <name>.const</name>
         <run_address>0x0</run_address>
         <size>0x0</size>
         <contents>
         </contents>
      </logical_group>
      <logical_group id="lg-5" display="no" color="cyan">
         <name>.cinit</name>
         <load_address>0x0</load_address>
         <run_address>0x0</run_address>
         <size>0x0</size>
         <contents>
            <object_component_ref idref="oc-104"/>
         </contents>
      </logical_group>
      <logical_group id="lg-6" display="no" color="cyan">
         <name>.pinit</name>
         <run_address>0x0</run_address>
         <size>0x0</size>
         <contents>
         </contents>
      </logical_group>
      <logical_group id="lg-7" display="no" color="cyan">
         <name>.rodata</name>
         <load_address>0x360</load_address>
         <run_address>0x360</run_address>
         <size>0x10</size>
         <contents>
            <object_component_ref idref="oc-be"/>
            <object_component_ref idref="oc-bd"/>
         </contents>
      </logical_group>
      <logical_group id="lg-8" display="no" color="cyan">
         <name>.ARM.exidx</name>
         <run_address>0x0</run_address>
         <size>0x0</size>
         <contents>
         </contents>
      </logical_group>
      <logical_group id="lg-9" display="no" color="cyan">
         <name>.init_array</name>
         <run_address>0x0</run_address>
         <size>0x0</size>
         <contents>
         </contents>
      </logical_group>
      <logical_group id="lg-a" display="no" color="cyan">
         <name>.binit</name>
         <load_address>0x0</load_address>
         <run_address>0x0</run_address>
         <size>0x0</size>
         <contents>
            <object_component_ref idref="oc-d0"/>
         </contents>
      </logical_group>
      <logical_group id="lg-b" display="no" color="cyan">
         <name>.TI.ramfunc</name>
         <run_address>0x0</run_address>
         <size>0x0</size>
         <contents>
         </contents>
      </logical_group>
      <logical_group id="lg-c" display="no" color="cyan">
         <name>.vtable</name>
         <run_address>0x0</run_address>
         <size>0x0</size>
         <contents>
         </contents>
      </logical_group>
      <logical_group id="lg-d" display="no" color="cyan">
         <name>.args</name>
         <run_address>0x0</run_address>
         <size>0x0</size>
         <contents>
         </contents>
      </logical_group>
      <logical_group id="lg-e" display="no" color="cyan">
         <name>.data</name>
         <run_address>0x0</run_address>
         <size>0x0</size>
         <contents>
         </contents>
      </logical_group>
      <logical_group id="lg-f" display="no" color="cyan">
         <name>.bss</name>
         <run_address>0x0</run_address>
         <size>0x0</size>
         <contents>
         </contents>
      </logical_group>
      <logical_group id="lg-10" display="no" color="cyan">
         <name>.sysmem</name>
         <run_address>0x0</run_address>
         <size>0x0</size>
         <contents>
         </contents>
      </logical_group>
      <logical_group id="lg-11" display="no" color="cyan">
         <name>.stack</name>
         <run_address>0x20000f00</run_address>
         <size>0x100</size>
         <contents>
            <object_component_ref idref="oc-1a"/>
            <object_component_ref idref="oc-106"/>
         </contents>
      </logical_group>
      <logical_group id="lg-12" display="no" color="cyan">
         <name>.BCRConfig</name>
         <run_address>0x0</run_address>
         <size>0x0</size>
         <contents>
         </contents>
      </logical_group>
      <logical_group id="lg-13" display="no" color="cyan">
         <name>.BSLConfig</name>
         <run_address>0x0</run_address>
         <size>0x0</size>
         <contents>
         </contents>
      </logical_group>
      <logical_group id="lg-ca" display="no" color="cyan">
         <name>.TI.noinit</name>
         <run_address>0x0</run_address>
         <size>0x0</size>
         <contents>
         </contents>
      </logical_group>
      <logical_group id="lg-cb" display="no" color="cyan">
         <name>.TI.persistent</name>
         <run_address>0x0</run_address>
         <size>0x0</size>
         <contents>
         </contents>
      </logical_group>
      <logical_group id="lg-cc" display="no" color="cyan">
         <name>__llvm_prf_cnts</name>
         <run_address>0x20000000</run_address>
         <size>0x0</size>
         <contents>
         </contents>
      </logical_group>
      <logical_group id="lg-ce" display="no" color="cyan">
         <name>__llvm_prf_bits</name>
         <run_address>0x20000000</run_address>
         <size>0x0</size>
         <contents>
         </contents>
      </logical_group>
      <logical_group id="lg-e7" display="never" color="cyan">
         <name>.debug_abbrev</name>
         <load_address>0x0</load_address>
         <run_address>0x0</run_address>
         <size>0x784</size>
         <contents>
            <object_component_ref idref="oc-7a"/>
            <object_component_ref idref="oc-a1"/>
            <object_component_ref idref="oc-2b"/>
            <object_component_ref idref="oc-a3"/>
            <object_component_ref idref="oc-c8"/>
            <object_component_ref idref="oc-2d"/>
            <object_component_ref idref="oc-a6"/>
            <object_component_ref idref="oc-6f"/>
            <object_component_ref idref="oc-108"/>
         </contents>
      </logical_group>
      <logical_group id="lg-e9" display="never" color="cyan">
         <name>.debug_info</name>
         <load_address>0x0</load_address>
         <run_address>0x0</run_address>
         <size>0x52c0</size>
         <contents>
            <object_component_ref idref="oc-5a"/>
            <object_component_ref idref="oc-72"/>
            <object_component_ref idref="oc-19"/>
            <object_component_ref idref="oc-78"/>
            <object_component_ref idref="oc-b6"/>
            <object_component_ref idref="oc-1b"/>
            <object_component_ref idref="oc-80"/>
            <object_component_ref idref="oc-56"/>
            <object_component_ref idref="oc-107"/>
         </contents>
      </logical_group>
      <logical_group id="lg-eb" display="never" color="cyan">
         <name>.debug_str</name>
         <load_address>0x0</load_address>
         <run_address>0x0</run_address>
         <size>0x37b6</size>
         <contents>
            <object_component_ref idref="oc-7b"/>
            <object_component_ref idref="oc-a2"/>
            <object_component_ref idref="oc-2c"/>
            <object_component_ref idref="oc-a4"/>
            <object_component_ref idref="oc-c9"/>
            <object_component_ref idref="oc-2e"/>
            <object_component_ref idref="oc-a7"/>
            <object_component_ref idref="oc-70"/>
         </contents>
      </logical_group>
      <logical_group id="lg-ed" display="never" color="cyan">
         <name>.debug_frame</name>
         <load_address>0x0</load_address>
         <run_address>0x0</run_address>
         <size>0x4ac</size>
         <contents>
            <object_component_ref idref="oc-5b"/>
            <object_component_ref idref="oc-73"/>
            <object_component_ref idref="oc-29"/>
            <object_component_ref idref="oc-79"/>
            <object_component_ref idref="oc-b5"/>
            <object_component_ref idref="oc-45"/>
            <object_component_ref idref="oc-7f"/>
            <object_component_ref idref="oc-58"/>
         </contents>
      </logical_group>
      <logical_group id="lg-ef" display="never" color="cyan">
         <name>.debug_line</name>
         <load_address>0x0</load_address>
         <run_address>0x0</run_address>
         <size>0x1947</size>
         <contents>
            <object_component_ref idref="oc-5c"/>
            <object_component_ref idref="oc-75"/>
            <object_component_ref idref="oc-27"/>
            <object_component_ref idref="oc-77"/>
            <object_component_ref idref="oc-b8"/>
            <object_component_ref idref="oc-2f"/>
            <object_component_ref idref="oc-7e"/>
            <object_component_ref idref="oc-57"/>
         </contents>
      </logical_group>
      <logical_group id="lg-f1" display="never" color="cyan">
         <name>.debug_loc</name>
         <load_address>0x0</load_address>
         <run_address>0x0</run_address>
         <size>0x13c3</size>
         <contents>
            <object_component_ref idref="oc-9f"/>
            <object_component_ref idref="oc-a5"/>
            <object_component_ref idref="oc-b7"/>
            <object_component_ref idref="oc-31"/>
            <object_component_ref idref="oc-82"/>
         </contents>
      </logical_group>
      <logical_group id="lg-f3" display="never" color="cyan">
         <name>.debug_ranges</name>
         <load_address>0x0</load_address>
         <run_address>0x0</run_address>
         <size>0x1c8</size>
         <contents>
            <object_component_ref idref="oc-74"/>
            <object_component_ref idref="oc-28"/>
            <object_component_ref idref="oc-b4"/>
            <object_component_ref idref="oc-30"/>
            <object_component_ref idref="oc-7d"/>
         </contents>
      </logical_group>
      <logical_group id="lg-105" display="no" color="cyan">
         <name>Veneer$$CMSE</name>
         <run_address>0x0</run_address>
         <size>0x0</size>
         <contents>
         </contents>
      </logical_group>
      <load_segment id="lg-10b" display="no" color="cyan">
         <name>SEGMENT_0</name>
         <load_address>0x0</load_address>
         <run_address>0x0</run_address>
         <size>0x370</size>
         <flags>0x5</flags>
         <contents>
            <logical_group_ref idref="lg-2"/>
            <logical_group_ref idref="lg-3"/>
            <logical_group_ref idref="lg-7"/>
         </contents>
      </load_segment>
      <load_segment id="lg-10c" display="no" color="cyan">
         <name>SEGMENT_1</name>
         <run_address>0x20000f00</run_address>
         <size>0x100</size>
         <flags>0x6</flags>
         <contents>
            <logical_group_ref idref="lg-11"/>
         </contents>
      </load_segment>
   </logical_group_list>
   <placement_map>
      <memory_area display="yes" color="green">
         <name>FLASH</name>
         <page_id>0x0</page_id>
         <origin>0x0</origin>
         <length>0xfff8</length>
         <used_space>0x370</used_space>
         <unused_space>0xfc88</unused_space>
         <attributes>RX</attributes>
         <usage_details>
            <allocated_space>
               <start_address>0x0</start_address>
               <size>0x0</size>
               <logical_group_ref idref="lg-5"/>
            </allocated_space>
            <allocated_space>
               <start_address>0x0</start_address>
               <size>0x0</size>
               <logical_group_ref idref="lg-a"/>
            </allocated_space>
            <allocated_space>
               <start_address>0x0</start_address>
               <size>0xc0</size>
               <logical_group_ref idref="lg-2"/>
            </allocated_space>
            <allocated_space>
               <start_address>0xc0</start_address>
               <size>0x2a0</size>
               <logical_group_ref idref="lg-3"/>
            </allocated_space>
            <allocated_space>
               <start_address>0x360</start_address>
               <size>0x10</size>
               <logical_group_ref idref="lg-7"/>
            </allocated_space>
            <available_space>
               <start_address>0x370</start_address>
               <size>0xfc88</size>
            </available_space>
         </usage_details>
      </memory_area>
      <memory_area display="yes" color="green">
         <name>SRAM</name>
         <page_id>0x0</page_id>
         <origin>0x20000000</origin>
         <length>0x1000</length>
         <used_space>0x100</used_space>
         <unused_space>0xf00</unused_space>
         <attributes>RWX</attributes>
         <usage_details>
            <allocated_space>
               <start_address>0x20000000</start_address>
               <size>0x0</size>
               <logical_group_ref idref="lg-cc"/>
            </allocated_space>
            <allocated_space>
               <start_address>0x20000000</start_address>
               <size>0x0</size>
               <logical_group_ref idref="lg-ce"/>
            </allocated_space>
            <available_space>
               <start_address>0x20000000</start_address>
               <size>0xf00</size>
            </available_space>
            <allocated_space>
               <start_address>0x20000f00</start_address>
               <size>0x100</size>
               <logical_group_ref idref="lg-11"/>
            </allocated_space>
         </usage_details>
      </memory_area>
      <memory_area display="yes" color="green">
         <name>BCR_CONFIG</name>
         <page_id>0x0</page_id>
         <origin>0x41c00000</origin>
         <length>0x80</length>
         <used_space>0x0</used_space>
         <unused_space>0x80</unused_space>
         <attributes>R</attributes>
         <usage_details>
         </usage_details>
      </memory_area>
      <memory_area display="yes" color="green">
         <name>BSL_CONFIG</name>
         <page_id>0x0</page_id>
         <origin>0x41c00100</origin>
         <length>0x80</length>
         <used_space>0x0</used_space>
         <unused_space>0x80</unused_space>
         <attributes>R</attributes>
         <usage_details>
         </usage_details>
      </memory_area>
   </placement_map>
   <symbol_table>
      <symbol id="sm-1">
         <name>__start___llvm_prf_cnts</name>
         <value>0x20000000</value>
      </symbol>
      <symbol id="sm-2">
         <name>__stop___llvm_prf_cnts</name>
         <value>0x20000000</value>
      </symbol>
      <symbol id="sm-3">
         <name>__start___llvm_prf_bits</name>
         <value>0x20000000</value>
      </symbol>
      <symbol id="sm-4">
         <name>__stop___llvm_prf_bits</name>
         <value>0x20000000</value>
      </symbol>
      <symbol id="sm-5">
         <name>__TI_CINIT_Base</name>
         <value>0x0</value>
      </symbol>
      <symbol id="sm-6">
         <name>__TI_CINIT_Limit</name>
         <value>0x0</value>
      </symbol>
      <symbol id="sm-7">
         <name>__TI_CINIT_Warm</name>
         <value>0x0</value>
      </symbol>
      <symbol id="sm-8">
         <name>binit</name>
         <value>0xffffffff</value>
      </symbol>
      <symbol id="sm-9">
         <name>__binit__</name>
         <value>0xffffffff</value>
      </symbol>
      <symbol id="sm-a">
         <name>__STACK_SIZE</name>
         <value>0x100</value>
      </symbol>
      <symbol id="sm-b">
         <name>__STACK_END</name>
         <value>0x20001000</value>
      </symbol>
      <symbol id="sm-c">
         <name>__TI_pprof_out_hndl</name>
         <value>0xffffffff</value>
      </symbol>
      <symbol id="sm-d">
         <name>__TI_prof_data_start</name>
         <value>0xffffffff</value>
      </symbol>
      <symbol id="sm-e">
         <name>__TI_prof_data_size</name>
         <value>0xffffffff</value>
      </symbol>
      <symbol id="sm-f">
         <name>__TI_static_base__</name>
         <value>0x0</value>
      </symbol>
      <symbol id="sm-36">
         <name>main</name>
         <value>0x239</value>
         <object_component_ref idref="oc-59"/>
      </symbol>
      <symbol id="sm-50">
         <name>SYSCFG_DL_init</name>
         <value>0x321</value>
         <object_component_ref idref="oc-71"/>
      </symbol>
      <symbol id="sm-51">
         <name>SYSCFG_DL_initPower</name>
         <value>0x269</value>
         <object_component_ref idref="oc-9c"/>
      </symbol>
      <symbol id="sm-52">
         <name>SYSCFG_DL_GPIO_init</name>
         <value>0x201</value>
         <object_component_ref idref="oc-9d"/>
      </symbol>
      <symbol id="sm-53">
         <name>SYSCFG_DL_SYSCTL_init</name>
         <value>0x2ed</value>
         <object_component_ref idref="oc-9e"/>
      </symbol>
      <symbol id="sm-54">
         <name>SYSCFG_DL_PWM_0_init</name>
         <value>0x185</value>
         <object_component_ref idref="oc-a0"/>
      </symbol>
      <symbol id="sm-5f">
         <name>Default_Handler</name>
         <value>0x35b</value>
         <object_component_ref idref="oc-2a"/>
      </symbol>
      <symbol id="sm-60">
         <name>Reset_Handler</name>
         <value>0x34f</value>
         <object_component_ref idref="oc-26"/>
      </symbol>
      <symbol id="sm-61">
         <name>interruptVectors</name>
         <value>0x0</value>
         <object_component_ref idref="oc-18"/>
      </symbol>
      <symbol id="sm-62">
         <name>NMI_Handler</name>
         <value>0x35b</value>
         <object_component_ref idref="oc-2a"/>
      </symbol>
      <symbol id="sm-63">
         <name>HardFault_Handler</name>
         <value>0x35b</value>
         <object_component_ref idref="oc-2a"/>
      </symbol>
      <symbol id="sm-64">
         <name>SVC_Handler</name>
         <value>0x35b</value>
         <object_component_ref idref="oc-2a"/>
      </symbol>
      <symbol id="sm-65">
         <name>PendSV_Handler</name>
         <value>0x35b</value>
         <object_component_ref idref="oc-2a"/>
      </symbol>
      <symbol id="sm-66">
         <name>SysTick_Handler</name>
         <value>0x35b</value>
         <object_component_ref idref="oc-2a"/>
      </symbol>
      <symbol id="sm-67">
         <name>GROUP0_IRQHandler</name>
         <value>0x35b</value>
         <object_component_ref idref="oc-2a"/>
      </symbol>
      <symbol id="sm-68">
         <name>GROUP1_IRQHandler</name>
         <value>0x35b</value>
         <object_component_ref idref="oc-2a"/>
      </symbol>
      <symbol id="sm-69">
         <name>TIMG1_IRQHandler</name>
         <value>0x35b</value>
         <object_component_ref idref="oc-2a"/>
      </symbol>
      <symbol id="sm-6a">
         <name>ADC0_IRQHandler</name>
         <value>0x35b</value>
         <object_component_ref idref="oc-2a"/>
      </symbol>
      <symbol id="sm-6b">
         <name>SPI0_IRQHandler</name>
         <value>0x35b</value>
         <object_component_ref idref="oc-2a"/>
      </symbol>
      <symbol id="sm-6c">
         <name>UART1_IRQHandler</name>
         <value>0x35b</value>
         <object_component_ref idref="oc-2a"/>
      </symbol>
      <symbol id="sm-6d">
         <name>UART0_IRQHandler</name>
         <value>0x35b</value>
         <object_component_ref idref="oc-2a"/>
      </symbol>
      <symbol id="sm-6e">
         <name>TIMG0_IRQHandler</name>
         <value>0x35b</value>
         <object_component_ref idref="oc-2a"/>
      </symbol>
      <symbol id="sm-6f">
         <name>TIMG2_IRQHandler</name>
         <value>0x35b</value>
         <object_component_ref idref="oc-2a"/>
      </symbol>
      <symbol id="sm-70">
         <name>TIMG4_IRQHandler</name>
         <value>0x35b</value>
         <object_component_ref idref="oc-2a"/>
      </symbol>
      <symbol id="sm-71">
         <name>I2C0_IRQHandler</name>
         <value>0x35b</value>
         <object_component_ref idref="oc-2a"/>
      </symbol>
      <symbol id="sm-72">
         <name>I2C1_IRQHandler</name>
         <value>0x35b</value>
         <object_component_ref idref="oc-2a"/>
      </symbol>
      <symbol id="sm-73">
         <name>DMA_IRQHandler</name>
         <value>0x35b</value>
         <object_component_ref idref="oc-2a"/>
      </symbol>
      <symbol id="sm-7d">
         <name>DL_Common_delayCycles</name>
         <value>0x345</value>
         <object_component_ref idref="oc-76"/>
      </symbol>
      <symbol id="sm-94">
         <name>DL_Timer_setClockConfig</name>
         <value>0x2d1</value>
         <object_component_ref idref="oc-b3"/>
      </symbol>
      <symbol id="sm-95">
         <name>DL_Timer_setCaptureCompareValue</name>
         <value>0x335</value>
         <object_component_ref idref="oc-ba"/>
      </symbol>
      <symbol id="sm-96">
         <name>DL_Timer_initPWMMode</name>
         <value>0xc1</value>
         <object_component_ref idref="oc-b9"/>
      </symbol>
      <symbol id="sm-97">
         <name>DL_Timer_setCaptureCompareOutCtl</name>
         <value>0x309</value>
         <object_component_ref idref="oc-bb"/>
      </symbol>
      <symbol id="sm-98">
         <name>DL_Timer_setCaptCompUpdateMethod</name>
         <value>0x2b5</value>
         <object_component_ref idref="oc-bc"/>
      </symbol>
      <symbol id="sm-a6">
         <name>_c_int00_noinit_noargs</name>
         <value>0x295</value>
         <object_component_ref idref="oc-44"/>
      </symbol>
      <symbol id="sm-a7">
         <name>__stack</name>
         <value>0x20000f00</value>
         <object_component_ref idref="oc-1a"/>
      </symbol>
      <symbol id="sm-b2">
         <name>abort</name>
         <value>0x357</value>
         <object_component_ref idref="oc-7c"/>
      </symbol>
      <symbol id="sm-b3">
         <name>C$$EXIT</name>
         <value>0x356</value>
         <object_component_ref idref="oc-7c"/>
      </symbol>
      <symbol id="sm-be">
         <name>_system_pre_init</name>
         <value>0x353</value>
         <object_component_ref idref="oc-55"/>
      </symbol>
      <symbol id="sm-c0">
         <name>__mpu_init</name>
         <value>0x0</value>
      </symbol>
   </symbol_table>
   <title>Link successful</title>
</link_info>
