<?xml version="1.0" encoding="ISO-8859-1" ?>
<link_info>
   <banner>TI ARM Clang Linker PC v3.2.2.LTS</banner>
   <copyright>Copyright (c) 1996-2018 Texas Instruments Incorporated</copyright>
   <link_time>0x6749a894</link_time>
   <link_errors>0x0</link_errors>
   <output_file>C:\Users\roger_lin\Desktop\WP\CAN_ADC3\Debug\CAN_ADC3.out</output_file>
   <entry_point>
      <name>_c_int00_noargs</name>
      <address>0x3cd</address>
   </entry_point>
   <input_file_list>
      <input_file id="fl-1">
         <path>C:\Users\roger_lin\Desktop\WP\CAN_ADC3\Debug\.\</path>
         <kind>object</kind>
         <file>ti_msp_dl_config.o</file>
         <name>ti_msp_dl_config.o</name>
      </input_file>
      <input_file id="fl-2">
         <path>C:\Users\roger_lin\Desktop\WP\CAN_ADC3\Debug\.\</path>
         <kind>object</kind>
         <file>startup_mspm0g350x_ticlang.o</file>
         <name>startup_mspm0g350x_ticlang.o</name>
      </input_file>
      <input_file id="fl-3">
         <path>C:\Users\roger_lin\Desktop\WP\CAN_ADC3\Debug\.\</path>
         <kind>object</kind>
         <file>main.o</file>
         <name>main.o</name>
      </input_file>
      <input_file id="fl-10">
         <path>C:\Users\roger_lin\Desktop\WP\CAN_ADC3\Debug\</path>
         <kind>object</kind>
         <file>&lt;internal&gt;</file>
         <name>&lt;internal&gt;</name>
      </input_file>
      <input_file id="fl-11">
         <path>C:\ti\mspm0_sdk_2_02_00_05\source\ti\driverlib\lib\ticlang\m0p\mspm0g1x0x_g3x0x\</path>
         <kind>archive</kind>
         <file>driverlib.a</file>
         <name>dl_adc12.o</name>
      </input_file>
      <input_file id="fl-12">
         <path>C:\ti\mspm0_sdk_2_02_00_05\source\ti\driverlib\lib\ticlang\m0p\mspm0g1x0x_g3x0x\</path>
         <kind>archive</kind>
         <file>driverlib.a</file>
         <name>dl_common.o</name>
      </input_file>
      <input_file id="fl-13">
         <path>C:\ti\mspm0_sdk_2_02_00_05\source\ti\driverlib\lib\ticlang\m0p\mspm0g1x0x_g3x0x\</path>
         <kind>archive</kind>
         <file>driverlib.a</file>
         <name>dl_timer.o</name>
      </input_file>
      <input_file id="fl-22">
         <path>C:\ti\ccs1280\ccs\tools\compiler\ti-cgt-armllvm_3.2.2.LTS\lib\armv6m-ti-none-eabi\c\</path>
         <kind>archive</kind>
         <file>libc.a</file>
         <name>boot_cortex_m.c.obj</name>
      </input_file>
      <input_file id="fl-23">
         <path>C:\ti\ccs1280\ccs\tools\compiler\ti-cgt-armllvm_3.2.2.LTS\lib\armv6m-ti-none-eabi\c\</path>
         <kind>archive</kind>
         <file>libc.a</file>
         <name>mathacl_init.c.obj</name>
      </input_file>
      <input_file id="fl-24">
         <path>C:\ti\ccs1280\ccs\tools\compiler\ti-cgt-armllvm_3.2.2.LTS\lib\armv6m-ti-none-eabi\c\</path>
         <kind>archive</kind>
         <file>libc.a</file>
         <name>autoinit.c.obj</name>
      </input_file>
      <input_file id="fl-25">
         <path>C:\ti\ccs1280\ccs\tools\compiler\ti-cgt-armllvm_3.2.2.LTS\lib\armv6m-ti-none-eabi\c\</path>
         <kind>archive</kind>
         <file>libc.a</file>
         <name>pre_init.c.obj</name>
      </input_file>
      <input_file id="fl-26">
         <path>C:\ti\ccs1280\ccs\tools\compiler\ti-cgt-armllvm_3.2.2.LTS\lib\armv6m-ti-none-eabi\c\</path>
         <kind>archive</kind>
         <file>libc.a</file>
         <name>cpy_tbl.c.obj</name>
      </input_file>
      <input_file id="fl-27">
         <path>C:\ti\ccs1280\ccs\tools\compiler\ti-cgt-armllvm_3.2.2.LTS\lib\armv6m-ti-none-eabi\c\</path>
         <kind>archive</kind>
         <file>libc.a</file>
         <name>copy_zero_init.c.obj</name>
      </input_file>
      <input_file id="fl-28">
         <path>C:\ti\ccs1280\ccs\tools\compiler\ti-cgt-armllvm_3.2.2.LTS\lib\armv6m-ti-none-eabi\c\</path>
         <kind>archive</kind>
         <file>libc.a</file>
         <name>copy_decompress_none.c.obj</name>
      </input_file>
      <input_file id="fl-29">
         <path>C:\ti\ccs1280\ccs\tools\compiler\ti-cgt-armllvm_3.2.2.LTS\lib\armv6m-ti-none-eabi\c\</path>
         <kind>archive</kind>
         <file>libc.a</file>
         <name>copy_decompress_lzss.c.obj</name>
      </input_file>
      <input_file id="fl-2a">
         <path>C:\ti\ccs1280\ccs\tools\compiler\ti-cgt-armllvm_3.2.2.LTS\lib\armv6m-ti-none-eabi\c\</path>
         <kind>archive</kind>
         <file>libc.a</file>
         <name>exit.c.obj</name>
      </input_file>
      <input_file id="fl-2b">
         <path>C:\ti\ccs1280\ccs\tools\compiler\ti-cgt-armllvm_3.2.2.LTS\lib\armv6m-ti-none-eabi\c\</path>
         <kind>archive</kind>
         <file>libc.a</file>
         <name>_lock.c.obj</name>
      </input_file>
      <input_file id="fl-2c">
         <path>C:\ti\ccs1280\ccs\tools\compiler\ti-cgt-armllvm_3.2.2.LTS\lib\armv6m-ti-none-eabi\c\</path>
         <kind>archive</kind>
         <file>libc.a</file>
         <name>args_main.c.obj</name>
      </input_file>
      <input_file id="fl-92">
         <path>C:\ti\ccs1280\ccs\tools\compiler\ti-cgt-armllvm_3.2.2.LTS\lib\clang\15.0.7\lib\armv6m-ti-none-eabi\</path>
         <kind>archive</kind>
         <file>libclang_rt.builtins.a</file>
         <name>addsf3.S.obj</name>
      </input_file>
      <input_file id="fl-93">
         <path>C:\ti\ccs1280\ccs\tools\compiler\ti-cgt-armllvm_3.2.2.LTS\lib\clang\15.0.7\lib\armv6m-ti-none-eabi\</path>
         <kind>archive</kind>
         <file>libclang_rt.builtins.a</file>
         <name>adddf3.S.obj</name>
      </input_file>
      <input_file id="fl-94">
         <path>C:\ti\ccs1280\ccs\tools\compiler\ti-cgt-armllvm_3.2.2.LTS\lib\clang\15.0.7\lib\armv6m-ti-none-eabi\</path>
         <kind>archive</kind>
         <file>libclang_rt.builtins.a</file>
         <name>muldf3.S.obj</name>
      </input_file>
      <input_file id="fl-95">
         <path>C:\ti\ccs1280\ccs\tools\compiler\ti-cgt-armllvm_3.2.2.LTS\lib\clang\15.0.7\lib\armv6m-ti-none-eabi\</path>
         <kind>archive</kind>
         <file>libclang_rt.builtins.a</file>
         <name>muldsi3.S.obj</name>
      </input_file>
      <input_file id="fl-96">
         <path>C:\ti\ccs1280\ccs\tools\compiler\ti-cgt-armllvm_3.2.2.LTS\lib\clang\15.0.7\lib\armv6m-ti-none-eabi\</path>
         <kind>archive</kind>
         <file>libclang_rt.builtins.a</file>
         <name>mulsf3.S.obj</name>
      </input_file>
      <input_file id="fl-97">
         <path>C:\ti\ccs1280\ccs\tools\compiler\ti-cgt-armllvm_3.2.2.LTS\lib\clang\15.0.7\lib\armv6m-ti-none-eabi\</path>
         <kind>archive</kind>
         <file>libclang_rt.builtins.a</file>
         <name>divsf3.S.obj</name>
      </input_file>
      <input_file id="fl-98">
         <path>C:\ti\ccs1280\ccs\tools\compiler\ti-cgt-armllvm_3.2.2.LTS\lib\clang\15.0.7\lib\armv6m-ti-none-eabi\</path>
         <kind>archive</kind>
         <file>libclang_rt.builtins.a</file>
         <name>fixdfsi.S.obj</name>
      </input_file>
      <input_file id="fl-99">
         <path>C:\ti\ccs1280\ccs\tools\compiler\ti-cgt-armllvm_3.2.2.LTS\lib\clang\15.0.7\lib\armv6m-ti-none-eabi\</path>
         <kind>archive</kind>
         <file>libclang_rt.builtins.a</file>
         <name>floatsisf.S.obj</name>
      </input_file>
      <input_file id="fl-9a">
         <path>C:\ti\ccs1280\ccs\tools\compiler\ti-cgt-armllvm_3.2.2.LTS\lib\clang\15.0.7\lib\armv6m-ti-none-eabi\</path>
         <kind>archive</kind>
         <file>libclang_rt.builtins.a</file>
         <name>floatunsidf.S.obj</name>
      </input_file>
      <input_file id="fl-9b">
         <path>C:\ti\ccs1280\ccs\tools\compiler\ti-cgt-armllvm_3.2.2.LTS\lib\clang\15.0.7\lib\armv6m-ti-none-eabi\</path>
         <kind>archive</kind>
         <file>libclang_rt.builtins.a</file>
         <name>floatunsisf.S.obj</name>
      </input_file>
      <input_file id="fl-9c">
         <path>C:\ti\ccs1280\ccs\tools\compiler\ti-cgt-armllvm_3.2.2.LTS\lib\clang\15.0.7\lib\armv6m-ti-none-eabi\</path>
         <kind>archive</kind>
         <file>libclang_rt.builtins.a</file>
         <name>aeabi_memcpy.S.obj</name>
      </input_file>
      <input_file id="fl-9d">
         <path>C:\ti\ccs1280\ccs\tools\compiler\ti-cgt-armllvm_3.2.2.LTS\lib\clang\15.0.7\lib\armv6m-ti-none-eabi\</path>
         <kind>archive</kind>
         <file>libclang_rt.builtins.a</file>
         <name>aeabi_memset.S.obj</name>
      </input_file>
      <input_file id="fl-9e">
         <path>C:\ti\ccs1280\ccs\tools\compiler\ti-cgt-armllvm_3.2.2.LTS\lib\armv6m-ti-none-eabi\c\</path>
         <kind>archive</kind>
         <file>libc.a</file>
         <name>memcpy16.S.obj</name>
      </input_file>
      <input_file id="fl-9f">
         <path>C:\ti\ccs1280\ccs\tools\compiler\ti-cgt-armllvm_3.2.2.LTS\lib\armv6m-ti-none-eabi\c\</path>
         <kind>archive</kind>
         <file>libc.a</file>
         <name>memset16.S.obj</name>
      </input_file>
   </input_file_list>
   <object_component_list>
      <object_component id="oc-18">
         <name>.intvecs</name>
         <load_address>0x0</load_address>
         <readonly>true</readonly>
         <run_address>0x0</run_address>
         <size>0xc0</size>
         <alignment>0x4</alignment>
         <input_file_ref idref="fl-2"/>
      </object_component>
      <object_component id="oc-c8">
         <name>.text.DL_Timer_initTimerMode</name>
         <load_address>0xc0</load_address>
         <readonly>true</readonly>
         <executable>true</executable>
         <run_address>0xc0</run_address>
         <size>0xe8</size>
         <alignment>0x4</alignment>
         <input_file_ref idref="fl-13"/>
      </object_component>
      <object_component id="oc-ad">
         <name>.text.SYSCFG_DL_ADC12_0_init</name>
         <load_address>0x1a8</load_address>
         <readonly>true</readonly>
         <executable>true</executable>
         <run_address>0x1a8</run_address>
         <size>0x78</size>
         <alignment>0x4</alignment>
         <input_file_ref idref="fl-1"/>
      </object_component>
      <object_component id="oc-34">
         <name>.text.ADC1_IRQHandler</name>
         <load_address>0x220</load_address>
         <readonly>true</readonly>
         <executable>true</executable>
         <run_address>0x220</run_address>
         <size>0x4c</size>
         <alignment>0x4</alignment>
         <input_file_ref idref="fl-3"/>
      </object_component>
      <object_component id="oc-ac">
         <name>.text.SYSCFG_DL_TIMER_0_init</name>
         <load_address>0x26c</load_address>
         <readonly>true</readonly>
         <executable>true</executable>
         <run_address>0x26c</run_address>
         <size>0x48</size>
         <alignment>0x4</alignment>
         <input_file_ref idref="fl-1"/>
      </object_component>
      <object_component id="oc-cb">
         <name>.text.DL_ADC12_setClockConfig</name>
         <load_address>0x2b4</load_address>
         <readonly>true</readonly>
         <executable>true</executable>
         <run_address>0x2b4</run_address>
         <size>0x40</size>
         <alignment>0x4</alignment>
         <input_file_ref idref="fl-11"/>
      </object_component>
      <object_component id="oc-a8">
         <name>.text.SYSCFG_DL_initPower</name>
         <load_address>0x2f4</load_address>
         <readonly>true</readonly>
         <executable>true</executable>
         <run_address>0x2f4</run_address>
         <size>0x40</size>
         <alignment>0x4</alignment>
         <input_file_ref idref="fl-1"/>
      </object_component>
      <object_component id="oc-8f">
         <name>.text:__TI_auto_init_nobinit_nopinit</name>
         <load_address>0x334</load_address>
         <readonly>true</readonly>
         <executable>true</executable>
         <run_address>0x334</run_address>
         <size>0x3c</size>
         <alignment>0x4</alignment>
         <input_file_ref idref="fl-24"/>
      </object_component>
      <object_component id="oc-aa">
         <name>.text.SYSCFG_DL_SYSCTL_init</name>
         <load_address>0x370</load_address>
         <readonly>true</readonly>
         <executable>true</executable>
         <run_address>0x370</run_address>
         <size>0x30</size>
         <alignment>0x4</alignment>
         <input_file_ref idref="fl-1"/>
      </object_component>
      <object_component id="oc-6c">
         <name>.text.main</name>
         <load_address>0x3a0</load_address>
         <readonly>true</readonly>
         <executable>true</executable>
         <run_address>0x3a0</run_address>
         <size>0x2c</size>
         <alignment>0x4</alignment>
         <input_file_ref idref="fl-3"/>
      </object_component>
      <object_component id="oc-54">
         <name>.text:_c_int00_noargs</name>
         <load_address>0x3cc</load_address>
         <readonly>true</readonly>
         <executable>true</executable>
         <run_address>0x3cc</run_address>
         <size>0x28</size>
         <alignment>0x4</alignment>
         <input_file_ref idref="fl-22"/>
      </object_component>
      <object_component id="oc-81">
         <name>.text.SYSCFG_DL_init</name>
         <load_address>0x3f4</load_address>
         <readonly>true</readonly>
         <executable>true</executable>
         <run_address>0x3f4</run_address>
         <size>0x24</size>
         <alignment>0x4</alignment>
         <input_file_ref idref="fl-1"/>
      </object_component>
      <object_component id="oc-c2">
         <name>.text.DL_Timer_setClockConfig</name>
         <load_address>0x418</load_address>
         <readonly>true</readonly>
         <executable>true</executable>
         <run_address>0x418</run_address>
         <size>0x1c</size>
         <alignment>0x4</alignment>
         <input_file_ref idref="fl-13"/>
      </object_component>
      <object_component id="oc-a9">
         <name>.text.SYSCFG_DL_GPIO_init</name>
         <load_address>0x434</load_address>
         <readonly>true</readonly>
         <executable>true</executable>
         <run_address>0x434</run_address>
         <size>0x1c</size>
         <alignment>0x4</alignment>
         <input_file_ref idref="fl-1"/>
      </object_component>
      <object_component id="oc-4b">
         <name>.text:decompress:ZI:__TI_zero_init_nomemset</name>
         <load_address>0x450</load_address>
         <readonly>true</readonly>
         <executable>true</executable>
         <run_address>0x450</run_address>
         <size>0x16</size>
         <alignment>0x2</alignment>
         <input_file_ref idref="fl-27"/>
      </object_component>
      <object_component id="oc-be">
         <name>.text.DL_Common_delayCycles</name>
         <load_address>0x466</load_address>
         <readonly>true</readonly>
         <executable>true</executable>
         <run_address>0x466</run_address>
         <size>0xa</size>
         <alignment>0x2</alignment>
         <input_file_ref idref="fl-12"/>
      </object_component>
      <object_component id="oc-2f">
         <name>.text.Reset_Handler</name>
         <load_address>0x470</load_address>
         <readonly>true</readonly>
         <executable>true</executable>
         <run_address>0x470</run_address>
         <size>0x4</size>
         <alignment>0x2</alignment>
         <input_file_ref idref="fl-2"/>
      </object_component>
      <object_component id="oc-68">
         <name>.text._system_pre_init</name>
         <load_address>0x474</load_address>
         <readonly>true</readonly>
         <executable>true</executable>
         <run_address>0x474</run_address>
         <size>0x4</size>
         <alignment>0x2</alignment>
         <input_file_ref idref="fl-25"/>
      </object_component>
      <object_component id="oc-88">
         <name>.text:abort</name>
         <load_address>0x478</load_address>
         <readonly>true</readonly>
         <executable>true</executable>
         <run_address>0x478</run_address>
         <size>0x4</size>
         <alignment>0x2</alignment>
         <input_file_ref idref="fl-2a"/>
      </object_component>
      <object_component id="oc-33">
         <name>.text.Default_Handler</name>
         <load_address>0x47c</load_address>
         <readonly>true</readonly>
         <executable>true</executable>
         <run_address>0x47c</run_address>
         <size>0x2</size>
         <alignment>0x2</alignment>
         <input_file_ref idref="fl-2"/>
      </object_component>
      <object_component id="oc-123">
         <name>.cinit..bss.load</name>
         <load_address>0x4a0</load_address>
         <readonly>true</readonly>
         <run_address>0x4a0</run_address>
         <size>0x8</size>
         <alignment>0x4</alignment>
      </object_component>
      <object_component id="oc-121">
         <name>__TI_handler_table</name>
         <load_address>0x4a8</load_address>
         <readonly>true</readonly>
         <run_address>0x4a8</run_address>
         <size>0x4</size>
         <alignment>0x4</alignment>
      </object_component>
      <object_component id="oc-122">
         <name>__TI_cinit_table</name>
         <load_address>0x4ac</load_address>
         <readonly>true</readonly>
         <run_address>0x4ac</run_address>
         <size>0x8</size>
         <alignment>0x4</alignment>
      </object_component>
      <object_component id="oc-ca">
         <name>.rodata.gTIMER_0TimerConfig</name>
         <load_address>0x480</load_address>
         <readonly>true</readonly>
         <run_address>0x480</run_address>
         <size>0x14</size>
         <alignment>0x4</alignment>
         <input_file_ref idref="fl-1"/>
      </object_component>
      <object_component id="oc-d1">
         <name>.rodata.gADC12_0ClockConfig</name>
         <load_address>0x494</load_address>
         <readonly>true</readonly>
         <run_address>0x494</run_address>
         <size>0x8</size>
         <alignment>0x4</alignment>
         <input_file_ref idref="fl-1"/>
      </object_component>
      <object_component id="oc-c9">
         <name>.rodata.gTIMER_0ClockConfig</name>
         <load_address>0x49c</load_address>
         <readonly>true</readonly>
         <run_address>0x49c</run_address>
         <size>0x3</size>
         <alignment>0x1</alignment>
         <input_file_ref idref="fl-1"/>
      </object_component>
      <object_component id="oc-eb">
         <name>.binit</name>
         <load_address>0x0</load_address>
         <readonly>true</readonly>
         <run_address>0x0</run_address>
         <size>0x0</size>
         <alignment>0x4</alignment>
      </object_component>
      <object_component id="oc-ae">
         <name>.common:gTIMER_0Backup</name>
         <uninitialized>true</uninitialized>
         <readwrite>true</readwrite>
         <run_address>0x20200000</run_address>
         <size>0xa0</size>
         <alignment>0x4</alignment>
      </object_component>
      <object_component id="oc-86">
         <name>.common:fDivider_Resistor</name>
         <uninitialized>true</uninitialized>
         <readwrite>true</readwrite>
         <run_address>0x202000a4</run_address>
         <size>0x4</size>
         <alignment>0x4</alignment>
      </object_component>
      <object_component id="oc-87">
         <name>.common:fScale</name>
         <uninitialized>true</uninitialized>
         <readwrite>true</readwrite>
         <run_address>0x202000a8</run_address>
         <size>0x4</size>
         <alignment>0x4</alignment>
      </object_component>
      <object_component id="oc-5b">
         <name>.common:u16ADCvalue</name>
         <uninitialized>true</uninitialized>
         <readwrite>true</readwrite>
         <run_address>0x202000ac</run_address>
         <size>0x2</size>
         <alignment>0x2</alignment>
      </object_component>
      <object_component id="oc-5c">
         <name>.common:CNT</name>
         <uninitialized>true</uninitialized>
         <readwrite>true</readwrite>
         <run_address>0x202000a0</run_address>
         <size>0x4</size>
         <alignment>0x4</alignment>
      </object_component>
      <object_component id="oc-1a">
         <name>.stack</name>
         <uninitialized>true</uninitialized>
         <readwrite>true</readwrite>
         <run_address>0x20207e00</run_address>
         <size>0x4</size>
         <alignment>0x4</alignment>
         <input_file_ref idref="fl-22"/>
      </object_component>
      <object_component id="oc-125">
         <name>.stack</name>
         <uninitialized>true</uninitialized>
         <readwrite>true</readwrite>
         <run_address>0x20207e00</run_address>
         <size>0x0</size>
         <alignment>0x8</alignment>
      </object_component>
      <object_component id="oc-ab">
         <name>.debug_loc</name>
         <load_address>0x0</load_address>
         <run_address>0x0</run_address>
         <size>0xb8</size>
         <alignment>0x1</alignment>
         <input_file_ref idref="fl-1"/>
      </object_component>
      <object_component id="oc-cc">
         <name>.debug_loc</name>
         <load_address>0xb8</load_address>
         <run_address>0xb8</run_address>
         <size>0xc7</size>
         <alignment>0x1</alignment>
         <input_file_ref idref="fl-11"/>
      </object_component>
      <object_component id="oc-dd">
         <name>.debug_loc</name>
         <load_address>0x17f</load_address>
         <run_address>0x17f</run_address>
         <size>0x13</size>
         <alignment>0x1</alignment>
         <input_file_ref idref="fl-12"/>
      </object_component>
      <object_component id="oc-c5">
         <name>.debug_loc</name>
         <load_address>0x192</load_address>
         <run_address>0x192</run_address>
         <size>0x1879</size>
         <alignment>0x1</alignment>
         <input_file_ref idref="fl-13"/>
      </object_component>
      <object_component id="oc-3f">
         <name>.debug_loc</name>
         <load_address>0x1a0b</load_address>
         <run_address>0x1a0b</run_address>
         <size>0xd8</size>
         <alignment>0x1</alignment>
         <input_file_ref idref="fl-22"/>
      </object_component>
      <object_component id="oc-91">
         <name>.debug_loc</name>
         <load_address>0x1ae3</load_address>
         <run_address>0x1ae3</run_address>
         <size>0x480</size>
         <alignment>0x1</alignment>
         <input_file_ref idref="fl-24"/>
      </object_component>
      <object_component id="oc-4f">
         <name>.debug_loc</name>
         <load_address>0x1f63</load_address>
         <run_address>0x1f63</run_address>
         <size>0x16c</size>
         <alignment>0x1</alignment>
         <input_file_ref idref="fl-27"/>
      </object_component>
      <object_component id="oc-8e">
         <name>.debug_loc</name>
         <load_address>0x20cf</load_address>
         <run_address>0x20cf</run_address>
         <size>0x26</size>
         <alignment>0x1</alignment>
         <input_file_ref idref="fl-2a"/>
      </object_component>
      <object_component id="oc-af">
         <name>.debug_abbrev</name>
         <load_address>0x0</load_address>
         <run_address>0x0</run_address>
         <size>0x228</size>
         <alignment>0x1</alignment>
         <input_file_ref idref="fl-1"/>
      </object_component>
      <object_component id="oc-39">
         <name>.debug_abbrev</name>
         <load_address>0x228</load_address>
         <run_address>0x228</run_address>
         <size>0x6d</size>
         <alignment>0x1</alignment>
         <input_file_ref idref="fl-2"/>
      </object_component>
      <object_component id="oc-5d">
         <name>.debug_abbrev</name>
         <load_address>0x295</load_address>
         <run_address>0x295</run_address>
         <size>0x1e8</size>
         <alignment>0x1</alignment>
         <input_file_ref idref="fl-3"/>
      </object_component>
      <object_component id="oc-e0">
         <name>.debug_abbrev</name>
         <load_address>0x47d</load_address>
         <run_address>0x47d</run_address>
         <size>0x171</size>
         <alignment>0x1</alignment>
         <input_file_ref idref="fl-11"/>
      </object_component>
      <object_component id="oc-db">
         <name>.debug_abbrev</name>
         <load_address>0x5ee</load_address>
         <run_address>0x5ee</run_address>
         <size>0x62</size>
         <alignment>0x1</alignment>
         <input_file_ref idref="fl-12"/>
      </object_component>
      <object_component id="oc-de">
         <name>.debug_abbrev</name>
         <load_address>0x650</load_address>
         <run_address>0x650</run_address>
         <size>0x23b</size>
         <alignment>0x1</alignment>
         <input_file_ref idref="fl-13"/>
      </object_component>
      <object_component id="oc-3b">
         <name>.debug_abbrev</name>
         <load_address>0x88b</load_address>
         <run_address>0x88b</run_address>
         <size>0xaf</size>
         <alignment>0x1</alignment>
         <input_file_ref idref="fl-22"/>
      </object_component>
      <object_component id="oc-b7">
         <name>.debug_abbrev</name>
         <load_address>0x93a</load_address>
         <run_address>0x93a</run_address>
         <size>0x186</size>
         <alignment>0x1</alignment>
         <input_file_ref idref="fl-24"/>
      </object_component>
      <object_component id="oc-7f">
         <name>.debug_abbrev</name>
         <load_address>0xac0</load_address>
         <run_address>0xac0</run_address>
         <size>0x39</size>
         <alignment>0x1</alignment>
         <input_file_ref idref="fl-25"/>
      </object_component>
      <object_component id="oc-61">
         <name>.debug_abbrev</name>
         <load_address>0xaf9</load_address>
         <run_address>0xaf9</run_address>
         <size>0xc2</size>
         <alignment>0x1</alignment>
         <input_file_ref idref="fl-27"/>
      </object_component>
      <object_component id="oc-b1">
         <name>.debug_abbrev</name>
         <load_address>0xbbb</load_address>
         <run_address>0xbbb</run_address>
         <size>0xb3</size>
         <alignment>0x1</alignment>
         <input_file_ref idref="fl-2a"/>
      </object_component>
      <object_component id="oc-127">
         <name>.debug_abbrev</name>
         <load_address>0xc6e</load_address>
         <run_address>0xc6e</run_address>
         <size>0xf</size>
         <alignment>0x0</alignment>
      </object_component>
      <object_component id="oc-84">
         <name>.debug_info</name>
         <load_address>0x0</load_address>
         <run_address>0x0</run_address>
         <size>0x3550</size>
         <alignment>0x1</alignment>
         <input_file_ref idref="fl-1"/>
      </object_component>
      <object_component id="oc-19">
         <name>.debug_info</name>
         <load_address>0x3550</load_address>
         <run_address>0x3550</run_address>
         <size>0x80</size>
         <alignment>0x1</alignment>
         <input_file_ref idref="fl-2"/>
      </object_component>
      <object_component id="oc-36">
         <name>.debug_info</name>
         <load_address>0x35d0</load_address>
         <run_address>0x35d0</run_address>
         <size>0xad3</size>
         <alignment>0x1</alignment>
         <input_file_ref idref="fl-3"/>
      </object_component>
      <object_component id="oc-ce">
         <name>.debug_info</name>
         <load_address>0x40a3</load_address>
         <run_address>0x40a3</run_address>
         <size>0x731</size>
         <alignment>0x1</alignment>
         <input_file_ref idref="fl-11"/>
      </object_component>
      <object_component id="oc-c0">
         <name>.debug_info</name>
         <load_address>0x47d4</load_address>
         <run_address>0x47d4</run_address>
         <size>0x75</size>
         <alignment>0x1</alignment>
         <input_file_ref idref="fl-12"/>
      </object_component>
      <object_component id="oc-c4">
         <name>.debug_info</name>
         <load_address>0x4849</load_address>
         <run_address>0x4849</run_address>
         <size>0x2f4b</size>
         <alignment>0x1</alignment>
         <input_file_ref idref="fl-13"/>
      </object_component>
      <object_component id="oc-1b">
         <name>.debug_info</name>
         <load_address>0x7794</load_address>
         <run_address>0x7794</run_address>
         <size>0x423</size>
         <alignment>0x1</alignment>
         <input_file_ref idref="fl-22"/>
      </object_component>
      <object_component id="oc-90">
         <name>.debug_info</name>
         <load_address>0x7bb7</load_address>
         <run_address>0x7bb7</run_address>
         <size>0x74a</size>
         <alignment>0x1</alignment>
         <input_file_ref idref="fl-24"/>
      </object_component>
      <object_component id="oc-69">
         <name>.debug_info</name>
         <load_address>0x8301</load_address>
         <run_address>0x8301</run_address>
         <size>0x46</size>
         <alignment>0x1</alignment>
         <input_file_ref idref="fl-25"/>
      </object_component>
      <object_component id="oc-50">
         <name>.debug_info</name>
         <load_address>0x8347</load_address>
         <run_address>0x8347</run_address>
         <size>0x192</size>
         <alignment>0x1</alignment>
         <input_file_ref idref="fl-27"/>
      </object_component>
      <object_component id="oc-89">
         <name>.debug_info</name>
         <load_address>0x84d9</load_address>
         <run_address>0x84d9</run_address>
         <size>0xed</size>
         <alignment>0x1</alignment>
         <input_file_ref idref="fl-2a"/>
      </object_component>
      <object_component id="oc-126">
         <name>.debug_info</name>
         <load_address>0x85c6</load_address>
         <run_address>0x85c6</run_address>
         <size>0xa0</size>
         <alignment>0x0</alignment>
      </object_component>
      <object_component id="oc-82">
         <name>.debug_ranges</name>
         <load_address>0x0</load_address>
         <run_address>0x0</run_address>
         <size>0x48</size>
         <alignment>0x1</alignment>
         <input_file_ref idref="fl-1"/>
      </object_component>
      <object_component id="oc-32">
         <name>.debug_ranges</name>
         <load_address>0x48</load_address>
         <run_address>0x48</run_address>
         <size>0x18</size>
         <alignment>0x1</alignment>
         <input_file_ref idref="fl-2"/>
      </object_component>
      <object_component id="oc-35">
         <name>.debug_ranges</name>
         <load_address>0x60</load_address>
         <run_address>0x60</run_address>
         <size>0x30</size>
         <alignment>0x1</alignment>
         <input_file_ref idref="fl-3"/>
      </object_component>
      <object_component id="oc-cd">
         <name>.debug_ranges</name>
         <load_address>0x90</load_address>
         <run_address>0x90</run_address>
         <size>0x18</size>
         <alignment>0x1</alignment>
         <input_file_ref idref="fl-11"/>
      </object_component>
      <object_component id="oc-c7">
         <name>.debug_ranges</name>
         <load_address>0xa8</load_address>
         <run_address>0xa8</run_address>
         <size>0x168</size>
         <alignment>0x1</alignment>
         <input_file_ref idref="fl-13"/>
      </object_component>
      <object_component id="oc-3e">
         <name>.debug_ranges</name>
         <load_address>0x210</load_address>
         <run_address>0x210</run_address>
         <size>0x48</size>
         <alignment>0x1</alignment>
         <input_file_ref idref="fl-22"/>
      </object_component>
      <object_component id="oc-92">
         <name>.debug_ranges</name>
         <load_address>0x258</load_address>
         <run_address>0x258</run_address>
         <size>0xa8</size>
         <alignment>0x1</alignment>
         <input_file_ref idref="fl-24"/>
      </object_component>
      <object_component id="oc-4c">
         <name>.debug_ranges</name>
         <load_address>0x300</load_address>
         <run_address>0x300</run_address>
         <size>0x18</size>
         <alignment>0x1</alignment>
         <input_file_ref idref="fl-27"/>
      </object_component>
      <object_component id="oc-8a">
         <name>.debug_ranges</name>
         <load_address>0x318</load_address>
         <run_address>0x318</run_address>
         <size>0x18</size>
         <alignment>0x1</alignment>
         <input_file_ref idref="fl-2a"/>
      </object_component>
      <object_component id="oc-b0">
         <name>.debug_str</name>
         <load_address>0x0</load_address>
         <run_address>0x0</run_address>
         <size>0x228d</size>
         <alignment>0x1</alignment>
         <input_file_ref idref="fl-1"/>
      </object_component>
      <object_component id="oc-3a">
         <name>.debug_str</name>
         <load_address>0x228d</load_address>
         <run_address>0x228d</run_address>
         <size>0x157</size>
         <alignment>0x1</alignment>
         <input_file_ref idref="fl-2"/>
      </object_component>
      <object_component id="oc-5e">
         <name>.debug_str</name>
         <load_address>0x23e4</load_address>
         <run_address>0x23e4</run_address>
         <size>0xa24</size>
         <alignment>0x1</alignment>
         <input_file_ref idref="fl-3"/>
      </object_component>
      <object_component id="oc-e1">
         <name>.debug_str</name>
         <load_address>0x2e08</load_address>
         <run_address>0x2e08</run_address>
         <size>0x63b</size>
         <alignment>0x1</alignment>
         <input_file_ref idref="fl-11"/>
      </object_component>
      <object_component id="oc-dc">
         <name>.debug_str</name>
         <load_address>0x3443</load_address>
         <run_address>0x3443</run_address>
         <size>0x177</size>
         <alignment>0x1</alignment>
         <input_file_ref idref="fl-12"/>
      </object_component>
      <object_component id="oc-df">
         <name>.debug_str</name>
         <load_address>0x35ba</load_address>
         <run_address>0x35ba</run_address>
         <size>0x1c1d</size>
         <alignment>0x1</alignment>
         <input_file_ref idref="fl-13"/>
      </object_component>
      <object_component id="oc-3c">
         <name>.debug_str</name>
         <load_address>0x51d7</load_address>
         <run_address>0x51d7</run_address>
         <size>0x225</size>
         <alignment>0x1</alignment>
         <input_file_ref idref="fl-22"/>
      </object_component>
      <object_component id="oc-b8">
         <name>.debug_str</name>
         <load_address>0x53fc</load_address>
         <run_address>0x53fc</run_address>
         <size>0x32f</size>
         <alignment>0x1</alignment>
         <input_file_ref idref="fl-24"/>
      </object_component>
      <object_component id="oc-80">
         <name>.debug_str</name>
         <load_address>0x572b</load_address>
         <run_address>0x572b</run_address>
         <size>0xf5</size>
         <alignment>0x1</alignment>
         <input_file_ref idref="fl-25"/>
      </object_component>
      <object_component id="oc-62">
         <name>.debug_str</name>
         <load_address>0x5820</load_address>
         <run_address>0x5820</run_address>
         <size>0x19b</size>
         <alignment>0x1</alignment>
         <input_file_ref idref="fl-27"/>
      </object_component>
      <object_component id="oc-b2">
         <name>.debug_str</name>
         <load_address>0x59bb</load_address>
         <run_address>0x59bb</run_address>
         <size>0x13f</size>
         <alignment>0x1</alignment>
         <input_file_ref idref="fl-2a"/>
      </object_component>
      <object_component id="oc-83">
         <name>.debug_frame</name>
         <load_address>0x0</load_address>
         <run_address>0x0</run_address>
         <size>0xc0</size>
         <alignment>0x4</alignment>
         <input_file_ref idref="fl-1"/>
      </object_component>
      <object_component id="oc-31">
         <name>.debug_frame</name>
         <load_address>0xc0</load_address>
         <run_address>0xc0</run_address>
         <size>0x30</size>
         <alignment>0x4</alignment>
         <input_file_ref idref="fl-2"/>
      </object_component>
      <object_component id="oc-37">
         <name>.debug_frame</name>
         <load_address>0xf0</load_address>
         <run_address>0xf0</run_address>
         <size>0x70</size>
         <alignment>0x4</alignment>
         <input_file_ref idref="fl-3"/>
      </object_component>
      <object_component id="oc-d0">
         <name>.debug_frame</name>
         <load_address>0x160</load_address>
         <run_address>0x160</run_address>
         <size>0x4c</size>
         <alignment>0x4</alignment>
         <input_file_ref idref="fl-11"/>
      </object_component>
      <object_component id="oc-c1">
         <name>.debug_frame</name>
         <load_address>0x1ac</load_address>
         <run_address>0x1ac</run_address>
         <size>0x20</size>
         <alignment>0x4</alignment>
         <input_file_ref idref="fl-12"/>
      </object_component>
      <object_component id="oc-c6">
         <name>.debug_frame</name>
         <load_address>0x1cc</load_address>
         <run_address>0x1cc</run_address>
         <size>0x3e0</size>
         <alignment>0x4</alignment>
         <input_file_ref idref="fl-13"/>
      </object_component>
      <object_component id="oc-53">
         <name>.debug_frame</name>
         <load_address>0x5ac</load_address>
         <run_address>0x5ac</run_address>
         <size>0x90</size>
         <alignment>0x4</alignment>
         <input_file_ref idref="fl-22"/>
      </object_component>
      <object_component id="oc-93">
         <name>.debug_frame</name>
         <load_address>0x63c</load_address>
         <run_address>0x63c</run_address>
         <size>0x100</size>
         <alignment>0x4</alignment>
         <input_file_ref idref="fl-24"/>
      </object_component>
      <object_component id="oc-6b">
         <name>.debug_frame</name>
         <load_address>0x73c</load_address>
         <run_address>0x73c</run_address>
         <size>0x20</size>
         <alignment>0x4</alignment>
         <input_file_ref idref="fl-25"/>
      </object_component>
      <object_component id="oc-4d">
         <name>.debug_frame</name>
         <load_address>0x75c</load_address>
         <run_address>0x75c</run_address>
         <size>0x38</size>
         <alignment>0x4</alignment>
         <input_file_ref idref="fl-27"/>
      </object_component>
      <object_component id="oc-8b">
         <name>.debug_frame</name>
         <load_address>0x794</load_address>
         <run_address>0x794</run_address>
         <size>0x30</size>
         <alignment>0x4</alignment>
         <input_file_ref idref="fl-2a"/>
      </object_component>
      <object_component id="oc-85">
         <name>.debug_line</name>
         <load_address>0x0</load_address>
         <run_address>0x0</run_address>
         <size>0x4f0</size>
         <alignment>0x1</alignment>
         <input_file_ref idref="fl-1"/>
      </object_component>
      <object_component id="oc-30">
         <name>.debug_line</name>
         <load_address>0x4f0</load_address>
         <run_address>0x4f0</run_address>
         <size>0xba</size>
         <alignment>0x1</alignment>
         <input_file_ref idref="fl-2"/>
      </object_component>
      <object_component id="oc-38">
         <name>.debug_line</name>
         <load_address>0x5aa</load_address>
         <run_address>0x5aa</run_address>
         <size>0x31e</size>
         <alignment>0x1</alignment>
         <input_file_ref idref="fl-3"/>
      </object_component>
      <object_component id="oc-cf">
         <name>.debug_line</name>
         <load_address>0x8c8</load_address>
         <run_address>0x8c8</run_address>
         <size>0x1f1</size>
         <alignment>0x1</alignment>
         <input_file_ref idref="fl-11"/>
      </object_component>
      <object_component id="oc-bf">
         <name>.debug_line</name>
         <load_address>0xab9</load_address>
         <run_address>0xab9</run_address>
         <size>0xe4</size>
         <alignment>0x1</alignment>
         <input_file_ref idref="fl-12"/>
      </object_component>
      <object_component id="oc-c3">
         <name>.debug_line</name>
         <load_address>0xb9d</load_address>
         <run_address>0xb9d</run_address>
         <size>0x15e8</size>
         <alignment>0x1</alignment>
         <input_file_ref idref="fl-13"/>
      </object_component>
      <object_component id="oc-3d">
         <name>.debug_line</name>
         <load_address>0x2185</load_address>
         <run_address>0x2185</run_address>
         <size>0x1fe</size>
         <alignment>0x1</alignment>
         <input_file_ref idref="fl-22"/>
      </object_component>
      <object_component id="oc-94">
         <name>.debug_line</name>
         <load_address>0x2383</load_address>
         <run_address>0x2383</run_address>
         <size>0x4fb</size>
         <alignment>0x1</alignment>
         <input_file_ref idref="fl-24"/>
      </object_component>
      <object_component id="oc-6a">
         <name>.debug_line</name>
         <load_address>0x287e</load_address>
         <run_address>0x287e</run_address>
         <size>0x3e</size>
         <alignment>0x1</alignment>
         <input_file_ref idref="fl-25"/>
      </object_component>
      <object_component id="oc-4e">
         <name>.debug_line</name>
         <load_address>0x28bc</load_address>
         <run_address>0x28bc</run_address>
         <size>0xf8</size>
         <alignment>0x1</alignment>
         <input_file_ref idref="fl-27"/>
      </object_component>
      <object_component id="oc-8c">
         <name>.debug_line</name>
         <load_address>0x29b4</load_address>
         <run_address>0x29b4</run_address>
         <size>0x6b</size>
         <alignment>0x1</alignment>
         <input_file_ref idref="fl-2a"/>
      </object_component>
   </object_component_list>
   <logical_group_list>
      <logical_group id="lg-2" display="no" color="cyan">
         <name>.intvecs</name>
         <load_address>0x0</load_address>
         <run_address>0x0</run_address>
         <size>0xc0</size>
         <contents>
            <object_component_ref idref="oc-18"/>
         </contents>
      </logical_group>
      <logical_group id="lg-3" display="no" color="cyan">
         <name>.text</name>
         <load_address>0xc0</load_address>
         <run_address>0xc0</run_address>
         <size>0x3c0</size>
         <contents>
            <object_component_ref idref="oc-c8"/>
            <object_component_ref idref="oc-ad"/>
            <object_component_ref idref="oc-34"/>
            <object_component_ref idref="oc-ac"/>
            <object_component_ref idref="oc-cb"/>
            <object_component_ref idref="oc-a8"/>
            <object_component_ref idref="oc-8f"/>
            <object_component_ref idref="oc-aa"/>
            <object_component_ref idref="oc-6c"/>
            <object_component_ref idref="oc-54"/>
            <object_component_ref idref="oc-81"/>
            <object_component_ref idref="oc-c2"/>
            <object_component_ref idref="oc-a9"/>
            <object_component_ref idref="oc-4b"/>
            <object_component_ref idref="oc-be"/>
            <object_component_ref idref="oc-2f"/>
            <object_component_ref idref="oc-68"/>
            <object_component_ref idref="oc-88"/>
            <object_component_ref idref="oc-33"/>
         </contents>
      </logical_group>
      <logical_group id="lg-4" display="no" color="cyan">
         <name>.const</name>
         <run_address>0x0</run_address>
         <size>0x0</size>
         <contents>
         </contents>
      </logical_group>
      <logical_group id="lg-5" display="no" color="cyan">
         <name>.cinit</name>
         <load_address>0x4a0</load_address>
         <run_address>0x4a0</run_address>
         <size>0x18</size>
         <contents>
            <object_component_ref idref="oc-123"/>
            <object_component_ref idref="oc-121"/>
            <object_component_ref idref="oc-122"/>
         </contents>
      </logical_group>
      <logical_group id="lg-6" display="no" color="cyan">
         <name>.pinit</name>
         <run_address>0x0</run_address>
         <size>0x0</size>
         <contents>
         </contents>
      </logical_group>
      <logical_group id="lg-7" display="no" color="cyan">
         <name>.rodata</name>
         <load_address>0x480</load_address>
         <run_address>0x480</run_address>
         <size>0x20</size>
         <contents>
            <object_component_ref idref="oc-ca"/>
            <object_component_ref idref="oc-d1"/>
            <object_component_ref idref="oc-c9"/>
         </contents>
      </logical_group>
      <logical_group id="lg-8" display="no" color="cyan">
         <name>.ARM.exidx</name>
         <run_address>0x0</run_address>
         <size>0x0</size>
         <contents>
         </contents>
      </logical_group>
      <logical_group id="lg-9" display="no" color="cyan">
         <name>.init_array</name>
         <run_address>0x0</run_address>
         <size>0x0</size>
         <contents>
         </contents>
      </logical_group>
      <logical_group id="lg-a" display="no" color="cyan">
         <name>.binit</name>
         <load_address>0x0</load_address>
         <run_address>0x0</run_address>
         <size>0x0</size>
         <contents>
            <object_component_ref idref="oc-eb"/>
         </contents>
      </logical_group>
      <logical_group id="lg-b" display="no" color="cyan">
         <name>.TI.ramfunc</name>
         <run_address>0x0</run_address>
         <size>0x0</size>
         <contents>
         </contents>
      </logical_group>
      <logical_group id="lg-c" display="no" color="cyan">
         <name>.vtable</name>
         <run_address>0x0</run_address>
         <size>0x0</size>
         <contents>
         </contents>
      </logical_group>
      <logical_group id="lg-d" display="no" color="cyan">
         <name>.args</name>
         <run_address>0x0</run_address>
         <size>0x0</size>
         <contents>
         </contents>
      </logical_group>
      <logical_group id="lg-e" display="no" color="cyan">
         <name>.data</name>
         <run_address>0x0</run_address>
         <size>0x0</size>
         <contents>
         </contents>
      </logical_group>
      <logical_group id="lg-f" display="no" color="cyan">
         <name>.bss</name>
         <run_address>0x20200000</run_address>
         <size>0xae</size>
         <contents>
            <object_component_ref idref="oc-ae"/>
            <object_component_ref idref="oc-86"/>
            <object_component_ref idref="oc-87"/>
            <object_component_ref idref="oc-5b"/>
            <object_component_ref idref="oc-5c"/>
         </contents>
      </logical_group>
      <logical_group id="lg-10" display="no" color="cyan">
         <name>.sysmem</name>
         <run_address>0x0</run_address>
         <size>0x0</size>
         <contents>
         </contents>
      </logical_group>
      <logical_group id="lg-11" display="no" color="cyan">
         <name>.stack</name>
         <run_address>0x20207e00</run_address>
         <size>0x200</size>
         <contents>
            <object_component_ref idref="oc-1a"/>
            <object_component_ref idref="oc-125"/>
         </contents>
      </logical_group>
      <logical_group id="lg-12" display="no" color="cyan">
         <name>.BCRConfig</name>
         <run_address>0x0</run_address>
         <size>0x0</size>
         <contents>
         </contents>
      </logical_group>
      <logical_group id="lg-13" display="no" color="cyan">
         <name>.BSLConfig</name>
         <run_address>0x0</run_address>
         <size>0x0</size>
         <contents>
         </contents>
      </logical_group>
      <logical_group id="lg-e2" display="no" color="cyan">
         <name>.TI.noinit</name>
         <run_address>0x0</run_address>
         <size>0x0</size>
         <contents>
         </contents>
      </logical_group>
      <logical_group id="lg-e3" display="no" color="cyan">
         <name>.TI.persistent</name>
         <run_address>0x0</run_address>
         <size>0x0</size>
         <contents>
         </contents>
      </logical_group>
      <logical_group id="lg-e4" display="no" color="cyan">
         <name>.TI.local</name>
         <run_address>0x0</run_address>
         <size>0x0</size>
         <contents>
         </contents>
      </logical_group>
      <logical_group id="lg-e5" display="no" color="cyan">
         <name>.TI.onchip</name>
         <run_address>0x0</run_address>
         <size>0x0</size>
         <contents>
         </contents>
      </logical_group>
      <logical_group id="lg-e6" display="no" color="cyan">
         <name>.TI.offchip</name>
         <run_address>0x0</run_address>
         <size>0x0</size>
         <contents>
         </contents>
      </logical_group>
      <logical_group id="lg-e7" display="no" color="cyan">
         <name>__llvm_prf_cnts</name>
         <run_address>0x20200000</run_address>
         <size>0x0</size>
         <contents>
         </contents>
      </logical_group>
      <logical_group id="lg-e9" display="no" color="cyan">
         <name>__llvm_prf_bits</name>
         <run_address>0x20200000</run_address>
         <size>0x0</size>
         <contents>
         </contents>
      </logical_group>
      <logical_group id="lg-105" display="never" color="cyan">
         <name>.debug_loc</name>
         <load_address>0x0</load_address>
         <run_address>0x0</run_address>
         <size>0x20f5</size>
         <contents>
            <object_component_ref idref="oc-ab"/>
            <object_component_ref idref="oc-cc"/>
            <object_component_ref idref="oc-dd"/>
            <object_component_ref idref="oc-c5"/>
            <object_component_ref idref="oc-3f"/>
            <object_component_ref idref="oc-91"/>
            <object_component_ref idref="oc-4f"/>
            <object_component_ref idref="oc-8e"/>
         </contents>
      </logical_group>
      <logical_group id="lg-107" display="never" color="cyan">
         <name>.debug_abbrev</name>
         <load_address>0x0</load_address>
         <run_address>0x0</run_address>
         <size>0xc7d</size>
         <contents>
            <object_component_ref idref="oc-af"/>
            <object_component_ref idref="oc-39"/>
            <object_component_ref idref="oc-5d"/>
            <object_component_ref idref="oc-e0"/>
            <object_component_ref idref="oc-db"/>
            <object_component_ref idref="oc-de"/>
            <object_component_ref idref="oc-3b"/>
            <object_component_ref idref="oc-b7"/>
            <object_component_ref idref="oc-7f"/>
            <object_component_ref idref="oc-61"/>
            <object_component_ref idref="oc-b1"/>
            <object_component_ref idref="oc-127"/>
         </contents>
      </logical_group>
      <logical_group id="lg-109" display="never" color="cyan">
         <name>.debug_info</name>
         <load_address>0x0</load_address>
         <run_address>0x0</run_address>
         <size>0x8666</size>
         <contents>
            <object_component_ref idref="oc-84"/>
            <object_component_ref idref="oc-19"/>
            <object_component_ref idref="oc-36"/>
            <object_component_ref idref="oc-ce"/>
            <object_component_ref idref="oc-c0"/>
            <object_component_ref idref="oc-c4"/>
            <object_component_ref idref="oc-1b"/>
            <object_component_ref idref="oc-90"/>
            <object_component_ref idref="oc-69"/>
            <object_component_ref idref="oc-50"/>
            <object_component_ref idref="oc-89"/>
            <object_component_ref idref="oc-126"/>
         </contents>
      </logical_group>
      <logical_group id="lg-10b" display="never" color="cyan">
         <name>.debug_ranges</name>
         <load_address>0x0</load_address>
         <run_address>0x0</run_address>
         <size>0x330</size>
         <contents>
            <object_component_ref idref="oc-82"/>
            <object_component_ref idref="oc-32"/>
            <object_component_ref idref="oc-35"/>
            <object_component_ref idref="oc-cd"/>
            <object_component_ref idref="oc-c7"/>
            <object_component_ref idref="oc-3e"/>
            <object_component_ref idref="oc-92"/>
            <object_component_ref idref="oc-4c"/>
            <object_component_ref idref="oc-8a"/>
         </contents>
      </logical_group>
      <logical_group id="lg-10d" display="never" color="cyan">
         <name>.debug_str</name>
         <load_address>0x0</load_address>
         <run_address>0x0</run_address>
         <size>0x5afa</size>
         <contents>
            <object_component_ref idref="oc-b0"/>
            <object_component_ref idref="oc-3a"/>
            <object_component_ref idref="oc-5e"/>
            <object_component_ref idref="oc-e1"/>
            <object_component_ref idref="oc-dc"/>
            <object_component_ref idref="oc-df"/>
            <object_component_ref idref="oc-3c"/>
            <object_component_ref idref="oc-b8"/>
            <object_component_ref idref="oc-80"/>
            <object_component_ref idref="oc-62"/>
            <object_component_ref idref="oc-b2"/>
         </contents>
      </logical_group>
      <logical_group id="lg-10f" display="never" color="cyan">
         <name>.debug_frame</name>
         <load_address>0x0</load_address>
         <run_address>0x0</run_address>
         <size>0x7c4</size>
         <contents>
            <object_component_ref idref="oc-83"/>
            <object_component_ref idref="oc-31"/>
            <object_component_ref idref="oc-37"/>
            <object_component_ref idref="oc-d0"/>
            <object_component_ref idref="oc-c1"/>
            <object_component_ref idref="oc-c6"/>
            <object_component_ref idref="oc-53"/>
            <object_component_ref idref="oc-93"/>
            <object_component_ref idref="oc-6b"/>
            <object_component_ref idref="oc-4d"/>
            <object_component_ref idref="oc-8b"/>
         </contents>
      </logical_group>
      <logical_group id="lg-111" display="never" color="cyan">
         <name>.debug_line</name>
         <load_address>0x0</load_address>
         <run_address>0x0</run_address>
         <size>0x2a1f</size>
         <contents>
            <object_component_ref idref="oc-85"/>
            <object_component_ref idref="oc-30"/>
            <object_component_ref idref="oc-38"/>
            <object_component_ref idref="oc-cf"/>
            <object_component_ref idref="oc-bf"/>
            <object_component_ref idref="oc-c3"/>
            <object_component_ref idref="oc-3d"/>
            <object_component_ref idref="oc-94"/>
            <object_component_ref idref="oc-6a"/>
            <object_component_ref idref="oc-4e"/>
            <object_component_ref idref="oc-8c"/>
         </contents>
      </logical_group>
      <logical_group id="lg-124" display="no" color="cyan">
         <name>Veneer$$CMSE</name>
         <run_address>0x0</run_address>
         <size>0x0</size>
         <contents>
         </contents>
      </logical_group>
      <load_segment id="lg-12b" display="no" color="cyan">
         <name>SEGMENT_0</name>
         <load_address>0x0</load_address>
         <run_address>0x0</run_address>
         <size>0x4b8</size>
         <flags>0x5</flags>
         <contents>
            <logical_group_ref idref="lg-2"/>
            <logical_group_ref idref="lg-3"/>
            <logical_group_ref idref="lg-7"/>
            <logical_group_ref idref="lg-5"/>
         </contents>
      </load_segment>
      <load_segment id="lg-12c" display="no" color="cyan">
         <name>SEGMENT_1</name>
         <run_address>0x20200000</run_address>
         <size>0xae</size>
         <flags>0x6</flags>
         <contents>
            <logical_group_ref idref="lg-f"/>
         </contents>
      </load_segment>
      <load_segment id="lg-12d" display="no" color="cyan">
         <name>SEGMENT_2</name>
         <run_address>0x20207e00</run_address>
         <size>0x200</size>
         <flags>0x6</flags>
         <contents>
            <logical_group_ref idref="lg-11"/>
         </contents>
      </load_segment>
   </logical_group_list>
   <placement_map>
      <memory_area display="yes" color="green">
         <name>FLASH</name>
         <page_id>0x0</page_id>
         <origin>0x0</origin>
         <length>0x20000</length>
         <used_space>0x4b8</used_space>
         <unused_space>0x1fb48</unused_space>
         <attributes>RX</attributes>
         <usage_details>
            <allocated_space>
               <start_address>0x0</start_address>
               <size>0x0</size>
               <logical_group_ref idref="lg-a"/>
            </allocated_space>
            <allocated_space>
               <start_address>0x0</start_address>
               <size>0xc0</size>
               <logical_group_ref idref="lg-2"/>
            </allocated_space>
            <allocated_space>
               <start_address>0xc0</start_address>
               <size>0x3c0</size>
               <logical_group_ref idref="lg-3"/>
            </allocated_space>
            <allocated_space>
               <start_address>0x480</start_address>
               <size>0x20</size>
               <logical_group_ref idref="lg-7"/>
            </allocated_space>
            <allocated_space>
               <start_address>0x4a0</start_address>
               <size>0x18</size>
               <logical_group_ref idref="lg-5"/>
            </allocated_space>
            <available_space>
               <start_address>0x4b8</start_address>
               <size>0x1fb48</size>
            </available_space>
         </usage_details>
      </memory_area>
      <memory_area display="yes" color="green">
         <name>SRAM</name>
         <page_id>0x0</page_id>
         <origin>0x20200000</origin>
         <length>0x8000</length>
         <used_space>0x2ae</used_space>
         <unused_space>0x7d52</unused_space>
         <attributes>RWX</attributes>
         <usage_details>
            <allocated_space>
               <start_address>0x20200000</start_address>
               <size>0x0</size>
               <logical_group_ref idref="lg-e7"/>
            </allocated_space>
            <allocated_space>
               <start_address>0x20200000</start_address>
               <size>0x0</size>
               <logical_group_ref idref="lg-e9"/>
            </allocated_space>
            <allocated_space>
               <start_address>0x20200000</start_address>
               <size>0xae</size>
               <logical_group_ref idref="lg-f"/>
            </allocated_space>
            <available_space>
               <start_address>0x202000ae</start_address>
               <size>0x7d52</size>
            </available_space>
            <allocated_space>
               <start_address>0x20207e00</start_address>
               <size>0x200</size>
               <logical_group_ref idref="lg-11"/>
            </allocated_space>
         </usage_details>
      </memory_area>
      <memory_area display="yes" color="green">
         <name>BCR_CONFIG</name>
         <page_id>0x0</page_id>
         <origin>0x41c00000</origin>
         <length>0x80</length>
         <used_space>0x0</used_space>
         <unused_space>0x80</unused_space>
         <attributes>R</attributes>
         <usage_details>
         </usage_details>
      </memory_area>
      <memory_area display="yes" color="green">
         <name>BSL_CONFIG</name>
         <page_id>0x0</page_id>
         <origin>0x41c00100</origin>
         <length>0x80</length>
         <used_space>0x0</used_space>
         <unused_space>0x80</unused_space>
         <attributes>R</attributes>
         <usage_details>
         </usage_details>
      </memory_area>
   </placement_map>
   <cptbl_list>
      <cptbl>
         <name>__TI_cinit_table</name>
         <cprec>
            <name>.bss</name>
            <load_address>0x4a0</load_address>
            <load_size>0x8</load_size>
            <run_address>0x20200000</run_address>
            <run_size>0xae</run_size>
            <compression>zero_init</compression>
         </cprec>
      </cptbl>
   </cptbl_list>
   <handler_table>
      <handler_table_name>__TI_handler_table</handler_table_name>
      <handler>
         <index>0x0</index>
         <name>__TI_zero_init</name>
      </handler>
   </handler_table>
   <symbol_table>
      <symbol id="sm-1">
         <name>__start___llvm_prf_cnts</name>
         <value>0x20200000</value>
      </symbol>
      <symbol id="sm-2">
         <name>__stop___llvm_prf_cnts</name>
         <value>0x20200000</value>
      </symbol>
      <symbol id="sm-3">
         <name>__start___llvm_prf_bits</name>
         <value>0x20200000</value>
      </symbol>
      <symbol id="sm-4">
         <name>__stop___llvm_prf_bits</name>
         <value>0x20200000</value>
      </symbol>
      <symbol id="sm-5">
         <name>__TI_CINIT_Base</name>
         <value>0x4ac</value>
      </symbol>
      <symbol id="sm-6">
         <name>__TI_CINIT_Limit</name>
         <value>0x4b4</value>
      </symbol>
      <symbol id="sm-7">
         <name>__TI_CINIT_Warm</name>
         <value>0x4b4</value>
      </symbol>
      <symbol id="sm-8">
         <name>__TI_Handler_Table_Base</name>
         <value>0x4a8</value>
      </symbol>
      <symbol id="sm-9">
         <name>__TI_Handler_Table_Limit</name>
         <value>0x4ac</value>
      </symbol>
      <symbol id="sm-a">
         <name>binit</name>
         <value>0xffffffff</value>
      </symbol>
      <symbol id="sm-b">
         <name>__binit__</name>
         <value>0xffffffff</value>
      </symbol>
      <symbol id="sm-c">
         <name>__STACK_SIZE</name>
         <value>0x200</value>
      </symbol>
      <symbol id="sm-d">
         <name>__STACK_END</name>
         <value>0x20208000</value>
      </symbol>
      <symbol id="sm-e">
         <name>__TI_pprof_out_hndl</name>
         <value>0xffffffff</value>
      </symbol>
      <symbol id="sm-f">
         <name>__TI_prof_data_start</name>
         <value>0xffffffff</value>
      </symbol>
      <symbol id="sm-10">
         <name>__TI_prof_data_size</name>
         <value>0xffffffff</value>
      </symbol>
      <symbol id="sm-51">
         <name>SYSCFG_DL_init</name>
         <value>0x3f5</value>
         <object_component_ref idref="oc-81"/>
      </symbol>
      <symbol id="sm-52">
         <name>SYSCFG_DL_initPower</name>
         <value>0x2f5</value>
         <object_component_ref idref="oc-a8"/>
      </symbol>
      <symbol id="sm-53">
         <name>SYSCFG_DL_GPIO_init</name>
         <value>0x435</value>
         <object_component_ref idref="oc-a9"/>
      </symbol>
      <symbol id="sm-54">
         <name>SYSCFG_DL_SYSCTL_init</name>
         <value>0x371</value>
         <object_component_ref idref="oc-aa"/>
      </symbol>
      <symbol id="sm-55">
         <name>SYSCFG_DL_TIMER_0_init</name>
         <value>0x26d</value>
         <object_component_ref idref="oc-ac"/>
      </symbol>
      <symbol id="sm-56">
         <name>SYSCFG_DL_ADC12_0_init</name>
         <value>0x1a9</value>
         <object_component_ref idref="oc-ad"/>
      </symbol>
      <symbol id="sm-57">
         <name>gTIMER_0Backup</name>
         <value>0x20200000</value>
      </symbol>
      <symbol id="sm-62">
         <name>Default_Handler</name>
         <value>0x47d</value>
         <object_component_ref idref="oc-33"/>
      </symbol>
      <symbol id="sm-63">
         <name>Reset_Handler</name>
         <value>0x471</value>
         <object_component_ref idref="oc-2f"/>
      </symbol>
      <symbol id="sm-64">
         <name>interruptVectors</name>
         <value>0x0</value>
         <object_component_ref idref="oc-18"/>
      </symbol>
      <symbol id="sm-65">
         <name>NMI_Handler</name>
         <value>0x47d</value>
         <object_component_ref idref="oc-33"/>
      </symbol>
      <symbol id="sm-66">
         <name>HardFault_Handler</name>
         <value>0x47d</value>
         <object_component_ref idref="oc-33"/>
      </symbol>
      <symbol id="sm-67">
         <name>SVC_Handler</name>
         <value>0x47d</value>
         <object_component_ref idref="oc-33"/>
      </symbol>
      <symbol id="sm-68">
         <name>PendSV_Handler</name>
         <value>0x47d</value>
         <object_component_ref idref="oc-33"/>
      </symbol>
      <symbol id="sm-69">
         <name>SysTick_Handler</name>
         <value>0x47d</value>
         <object_component_ref idref="oc-33"/>
      </symbol>
      <symbol id="sm-6a">
         <name>GROUP0_IRQHandler</name>
         <value>0x47d</value>
         <object_component_ref idref="oc-33"/>
      </symbol>
      <symbol id="sm-6b">
         <name>GROUP1_IRQHandler</name>
         <value>0x47d</value>
         <object_component_ref idref="oc-33"/>
      </symbol>
      <symbol id="sm-6c">
         <name>TIMG8_IRQHandler</name>
         <value>0x47d</value>
         <object_component_ref idref="oc-33"/>
      </symbol>
      <symbol id="sm-6d">
         <name>UART3_IRQHandler</name>
         <value>0x47d</value>
         <object_component_ref idref="oc-33"/>
      </symbol>
      <symbol id="sm-6e">
         <name>ADC0_IRQHandler</name>
         <value>0x47d</value>
         <object_component_ref idref="oc-33"/>
      </symbol>
      <symbol id="sm-6f">
         <name>CANFD0_IRQHandler</name>
         <value>0x47d</value>
         <object_component_ref idref="oc-33"/>
      </symbol>
      <symbol id="sm-70">
         <name>DAC0_IRQHandler</name>
         <value>0x47d</value>
         <object_component_ref idref="oc-33"/>
      </symbol>
      <symbol id="sm-71">
         <name>SPI0_IRQHandler</name>
         <value>0x47d</value>
         <object_component_ref idref="oc-33"/>
      </symbol>
      <symbol id="sm-72">
         <name>SPI1_IRQHandler</name>
         <value>0x47d</value>
         <object_component_ref idref="oc-33"/>
      </symbol>
      <symbol id="sm-73">
         <name>UART1_IRQHandler</name>
         <value>0x47d</value>
         <object_component_ref idref="oc-33"/>
      </symbol>
      <symbol id="sm-74">
         <name>UART2_IRQHandler</name>
         <value>0x47d</value>
         <object_component_ref idref="oc-33"/>
      </symbol>
      <symbol id="sm-75">
         <name>UART0_IRQHandler</name>
         <value>0x47d</value>
         <object_component_ref idref="oc-33"/>
      </symbol>
      <symbol id="sm-76">
         <name>TIMG0_IRQHandler</name>
         <value>0x47d</value>
         <object_component_ref idref="oc-33"/>
      </symbol>
      <symbol id="sm-77">
         <name>TIMG6_IRQHandler</name>
         <value>0x47d</value>
         <object_component_ref idref="oc-33"/>
      </symbol>
      <symbol id="sm-78">
         <name>TIMA0_IRQHandler</name>
         <value>0x47d</value>
         <object_component_ref idref="oc-33"/>
      </symbol>
      <symbol id="sm-79">
         <name>TIMA1_IRQHandler</name>
         <value>0x47d</value>
         <object_component_ref idref="oc-33"/>
      </symbol>
      <symbol id="sm-7a">
         <name>TIMG7_IRQHandler</name>
         <value>0x47d</value>
         <object_component_ref idref="oc-33"/>
      </symbol>
      <symbol id="sm-7b">
         <name>TIMG12_IRQHandler</name>
         <value>0x47d</value>
         <object_component_ref idref="oc-33"/>
      </symbol>
      <symbol id="sm-7c">
         <name>I2C0_IRQHandler</name>
         <value>0x47d</value>
         <object_component_ref idref="oc-33"/>
      </symbol>
      <symbol id="sm-7d">
         <name>I2C1_IRQHandler</name>
         <value>0x47d</value>
         <object_component_ref idref="oc-33"/>
      </symbol>
      <symbol id="sm-7e">
         <name>AES_IRQHandler</name>
         <value>0x47d</value>
         <object_component_ref idref="oc-33"/>
      </symbol>
      <symbol id="sm-7f">
         <name>RTC_IRQHandler</name>
         <value>0x47d</value>
         <object_component_ref idref="oc-33"/>
      </symbol>
      <symbol id="sm-80">
         <name>DMA_IRQHandler</name>
         <value>0x47d</value>
         <object_component_ref idref="oc-33"/>
      </symbol>
      <symbol id="sm-8d">
         <name>fDivider_Resistor</name>
         <value>0x202000a4</value>
      </symbol>
      <symbol id="sm-8e">
         <name>fScale</name>
         <value>0x202000a8</value>
      </symbol>
      <symbol id="sm-8f">
         <name>u16ADCvalue</name>
         <value>0x202000ac</value>
      </symbol>
      <symbol id="sm-90">
         <name>main</name>
         <value>0x3a1</value>
         <object_component_ref idref="oc-6c"/>
      </symbol>
      <symbol id="sm-91">
         <name>ADC1_IRQHandler</name>
         <value>0x221</value>
         <object_component_ref idref="oc-34"/>
      </symbol>
      <symbol id="sm-92">
         <name>CNT</name>
         <value>0x202000a0</value>
      </symbol>
      <symbol id="sm-93">
         <name>__TI_ATRegion0_src_addr</name>
         <value>0x0</value>
      </symbol>
      <symbol id="sm-94">
         <name>__TI_ATRegion0_trg_addr</name>
         <value>0x0</value>
      </symbol>
      <symbol id="sm-95">
         <name>__TI_ATRegion0_region_sz</name>
         <value>0x0</value>
      </symbol>
      <symbol id="sm-96">
         <name>__TI_ATRegion1_src_addr</name>
         <value>0x0</value>
      </symbol>
      <symbol id="sm-97">
         <name>__TI_ATRegion1_trg_addr</name>
         <value>0x0</value>
      </symbol>
      <symbol id="sm-98">
         <name>__TI_ATRegion1_region_sz</name>
         <value>0x0</value>
      </symbol>
      <symbol id="sm-99">
         <name>__TI_ATRegion2_src_addr</name>
         <value>0x0</value>
      </symbol>
      <symbol id="sm-9a">
         <name>__TI_ATRegion2_trg_addr</name>
         <value>0x0</value>
      </symbol>
      <symbol id="sm-9b">
         <name>__TI_ATRegion2_region_sz</name>
         <value>0x0</value>
      </symbol>
      <symbol id="sm-a6">
         <name>DL_ADC12_setClockConfig</name>
         <value>0x2b5</value>
         <object_component_ref idref="oc-cb"/>
      </symbol>
      <symbol id="sm-af">
         <name>DL_Common_delayCycles</name>
         <value>0x467</value>
         <object_component_ref idref="oc-be"/>
      </symbol>
      <symbol id="sm-bf">
         <name>DL_Timer_setClockConfig</name>
         <value>0x419</value>
         <object_component_ref idref="oc-c2"/>
      </symbol>
      <symbol id="sm-c0">
         <name>DL_Timer_initTimerMode</name>
         <value>0xc1</value>
         <object_component_ref idref="oc-c8"/>
      </symbol>
      <symbol id="sm-cb">
         <name>_c_int00_noargs</name>
         <value>0x3cd</value>
         <object_component_ref idref="oc-54"/>
      </symbol>
      <symbol id="sm-cc">
         <name>__stack</name>
         <value>0x20207e00</value>
         <object_component_ref idref="oc-1a"/>
      </symbol>
      <symbol id="sm-d8">
         <name>__TI_auto_init_nobinit_nopinit</name>
         <value>0x335</value>
         <object_component_ref idref="oc-8f"/>
      </symbol>
      <symbol id="sm-e0">
         <name>_system_pre_init</name>
         <value>0x475</value>
         <object_component_ref idref="oc-68"/>
      </symbol>
      <symbol id="sm-eb">
         <name>__TI_zero_init_nomemset</name>
         <value>0x451</value>
         <object_component_ref idref="oc-4b"/>
      </symbol>
      <symbol id="sm-f7">
         <name>abort</name>
         <value>0x479</value>
         <object_component_ref idref="oc-88"/>
      </symbol>
      <symbol id="sm-f8">
         <name>C$$EXIT</name>
         <value>0x478</value>
         <object_component_ref idref="oc-88"/>
      </symbol>
      <symbol id="sm-fb">
         <name>__TI_static_base__</name>
         <value>0x0</value>
      </symbol>
      <symbol id="sm-fd">
         <name>__mpu_init</name>
         <value>0x0</value>
      </symbol>
      <symbol id="sm-fe">
         <name>_system_post_cinit</name>
         <value>0x0</value>
      </symbol>
   </symbol_table>
   <title>Link successful</title>
</link_info>
