<?xml version="1.0" encoding="ISO-8859-1" ?>
<link_info>
   <banner>TI ARM Clang Linker PC v2.1.3.LTS</banner>
   <copyright>Copyright (c) 1996-2018 Texas Instruments Incorporated</copyright>
   <link_time>0x66c88087</link_time>
   <link_errors>0x0</link_errors>
   <output_file>gpio_toggle_output_LP_MSPM0L1306_nortos_ticlang.out</output_file>
   <entry_point>
      <name>_c_int00_noargs</name>
      <address>0x27d</address>
   </entry_point>
   <input_file_list>
      <input_file id="fl-1">
         <path>.\</path>
         <kind>object</kind>
         <file>gpio_toggle_output.o</file>
         <name>gpio_toggle_output.o</name>
      </input_file>
      <input_file id="fl-2">
         <path>.\</path>
         <kind>object</kind>
         <file>ti_msp_dl_config.o</file>
         <name>ti_msp_dl_config.o</name>
      </input_file>
      <input_file id="fl-3">
         <path>.\</path>
         <kind>object</kind>
         <file>startup_mspm0l130x_ticlang.o</file>
         <name>startup_mspm0l130x_ticlang.o</name>
      </input_file>
      <input_file id="fl-10">
         <kind>object</kind>
         <file>&lt;internal&gt;</file>
         <name>&lt;internal&gt;</name>
      </input_file>
      <input_file id="fl-11">
         <path>C:\ti\mspm0_sdk_1_30_00_03\source\ti\driverlib\lib\ticlang\m0p\mspm0l11xx_l13xx\</path>
         <kind>archive</kind>
         <file>driverlib.a</file>
         <name>dl_common.o</name>
      </input_file>
      <input_file id="fl-1d">
         <path>C:\ti\ccs1240\ccs\tools\compiler\ti-cgt-armllvm_2.1.3.LTS\lib\armv6m-ti-none-eabi\c\</path>
         <kind>archive</kind>
         <file>libc.a</file>
         <name>copy_zero_init.c.obj</name>
      </input_file>
      <input_file id="fl-1e">
         <path>C:\ti\ccs1240\ccs\tools\compiler\ti-cgt-armllvm_2.1.3.LTS\lib\armv6m-ti-none-eabi\c\</path>
         <kind>archive</kind>
         <file>libc.a</file>
         <name>copy_decompress_none.c.obj</name>
      </input_file>
      <input_file id="fl-1f">
         <path>C:\ti\ccs1240\ccs\tools\compiler\ti-cgt-armllvm_2.1.3.LTS\lib\armv6m-ti-none-eabi\c\</path>
         <kind>archive</kind>
         <file>libc.a</file>
         <name>copy_decompress_lzss.c.obj</name>
      </input_file>
      <input_file id="fl-20">
         <path>C:\ti\ccs1240\ccs\tools\compiler\ti-cgt-armllvm_2.1.3.LTS\lib\armv6m-ti-none-eabi\c\</path>
         <kind>archive</kind>
         <file>libc.a</file>
         <name>boot_cortex_m.c.obj</name>
      </input_file>
      <input_file id="fl-21">
         <path>C:\ti\ccs1240\ccs\tools\compiler\ti-cgt-armllvm_2.1.3.LTS\lib\armv6m-ti-none-eabi\c\</path>
         <kind>archive</kind>
         <file>libc.a</file>
         <name>mathacl_init.c.obj</name>
      </input_file>
      <input_file id="fl-22">
         <path>C:\ti\ccs1240\ccs\tools\compiler\ti-cgt-armllvm_2.1.3.LTS\lib\armv6m-ti-none-eabi\c\</path>
         <kind>archive</kind>
         <file>libc.a</file>
         <name>exit.c.obj</name>
      </input_file>
      <input_file id="fl-23">
         <path>C:\ti\ccs1240\ccs\tools\compiler\ti-cgt-armllvm_2.1.3.LTS\lib\armv6m-ti-none-eabi\c\</path>
         <kind>archive</kind>
         <file>libc.a</file>
         <name>_lock.c.obj</name>
      </input_file>
      <input_file id="fl-24">
         <path>C:\ti\ccs1240\ccs\tools\compiler\ti-cgt-armllvm_2.1.3.LTS\lib\armv6m-ti-none-eabi\c\</path>
         <kind>archive</kind>
         <file>libc.a</file>
         <name>args_main.c.obj</name>
      </input_file>
      <input_file id="fl-25">
         <path>C:\ti\ccs1240\ccs\tools\compiler\ti-cgt-armllvm_2.1.3.LTS\lib\armv6m-ti-none-eabi\c\</path>
         <kind>archive</kind>
         <file>libc.a</file>
         <name>autoinit.c.obj</name>
      </input_file>
      <input_file id="fl-26">
         <path>C:\ti\ccs1240\ccs\tools\compiler\ti-cgt-armllvm_2.1.3.LTS\lib\armv6m-ti-none-eabi\c\</path>
         <kind>archive</kind>
         <file>libc.a</file>
         <name>pre_init.c.obj</name>
      </input_file>
      <input_file id="fl-27">
         <path>C:\ti\ccs1240\ccs\tools\compiler\ti-cgt-armllvm_2.1.3.LTS\lib\armv6m-ti-none-eabi\c\</path>
         <kind>archive</kind>
         <file>libc.a</file>
         <name>cpy_tbl.c.obj</name>
      </input_file>
      <input_file id="fl-60">
         <path>C:\ti\ccs1240\ccs\tools\compiler\ti-cgt-armllvm_2.1.3.LTS\lib\clang\14.0.6\lib\armv6m-ti-none-eabi\</path>
         <kind>archive</kind>
         <file>libclang_rt.builtins.a</file>
         <name>aeabi_memcpy.S.obj</name>
      </input_file>
      <input_file id="fl-61">
         <path>C:\ti\ccs1240\ccs\tools\compiler\ti-cgt-armllvm_2.1.3.LTS\lib\clang\14.0.6\lib\armv6m-ti-none-eabi\</path>
         <kind>archive</kind>
         <file>libclang_rt.builtins.a</file>
         <name>aeabi_memset.S.obj</name>
      </input_file>
      <input_file id="fl-62">
         <path>C:\ti\ccs1240\ccs\tools\compiler\ti-cgt-armllvm_2.1.3.LTS\lib\armv6m-ti-none-eabi\c\</path>
         <kind>archive</kind>
         <file>libc.a</file>
         <name>memcpy16.S.obj</name>
      </input_file>
      <input_file id="fl-63">
         <path>C:\ti\ccs1240\ccs\tools\compiler\ti-cgt-armllvm_2.1.3.LTS\lib\armv6m-ti-none-eabi\c\</path>
         <kind>archive</kind>
         <file>libc.a</file>
         <name>memset16.S.obj</name>
      </input_file>
   </input_file_list>
   <object_component_list>
      <object_component id="oc-18">
         <name>.intvecs</name>
         <load_address>0x0</load_address>
         <run_address>0x0</run_address>
         <size>0xc0</size>
         <input_file_ref idref="fl-3"/>
      </object_component>
      <object_component id="oc-6c">
         <name>.text:memcpy</name>
         <load_address>0xc0</load_address>
         <run_address>0xc0</run_address>
         <size>0x9a</size>
         <input_file_ref idref="fl-62"/>
      </object_component>
      <object_component id="oc-2a">
         <name>.text.Default_Handler</name>
         <load_address>0x15a</load_address>
         <run_address>0x15a</run_address>
         <size>0x2</size>
         <input_file_ref idref="fl-3"/>
      </object_component>
      <object_component id="oc-1c">
         <name>.text:decompress:lzss</name>
         <load_address>0x15c</load_address>
         <run_address>0x15c</run_address>
         <size>0x68</size>
         <input_file_ref idref="fl-1f"/>
      </object_component>
      <object_component id="oc-59">
         <name>.text.main</name>
         <load_address>0x1c4</load_address>
         <run_address>0x1c4</run_address>
         <size>0x50</size>
         <input_file_ref idref="fl-1"/>
      </object_component>
      <object_component id="oc-85">
         <name>.text:__TI_auto_init_nobinit_nopinit</name>
         <load_address>0x214</load_address>
         <run_address>0x214</run_address>
         <size>0x3c</size>
         <input_file_ref idref="fl-25"/>
      </object_component>
      <object_component id="oc-9f">
         <name>.text.SYSCFG_DL_GPIO_init</name>
         <load_address>0x250</load_address>
         <run_address>0x250</run_address>
         <size>0x2c</size>
         <input_file_ref idref="fl-2"/>
      </object_component>
      <object_component id="oc-46">
         <name>.text:_c_int00_noargs</name>
         <load_address>0x27c</load_address>
         <run_address>0x27c</run_address>
         <size>0x28</size>
         <input_file_ref idref="fl-20"/>
      </object_component>
      <object_component id="oc-9e">
         <name>.text.SYSCFG_DL_initPower</name>
         <load_address>0x2a4</load_address>
         <run_address>0x2a4</run_address>
         <size>0x20</size>
         <input_file_ref idref="fl-2"/>
      </object_component>
      <object_component id="oc-a0">
         <name>.text.SYSCFG_DL_SYSCTL_init</name>
         <load_address>0x2c4</load_address>
         <run_address>0x2c4</run_address>
         <size>0x1c</size>
         <input_file_ref idref="fl-2"/>
      </object_component>
      <object_component id="oc-20">
         <name>.text:decompress:none</name>
         <load_address>0x2e0</load_address>
         <run_address>0x2e0</run_address>
         <size>0x12</size>
         <input_file_ref idref="fl-1e"/>
      </object_component>
      <object_component id="oc-71">
         <name>.text.SYSCFG_DL_init</name>
         <load_address>0x2f2</load_address>
         <run_address>0x2f2</run_address>
         <size>0x10</size>
         <input_file_ref idref="fl-2"/>
      </object_component>
      <object_component id="oc-76">
         <name>.text.DL_Common_delayCycles</name>
         <load_address>0x302</load_address>
         <run_address>0x302</run_address>
         <size>0xa</size>
         <input_file_ref idref="fl-11"/>
      </object_component>
      <object_component id="oc-36">
         <name>.text</name>
         <load_address>0x30c</load_address>
         <run_address>0x30c</run_address>
         <size>0x8</size>
         <input_file_ref idref="fl-60"/>
      </object_component>
      <object_component id="oc-26">
         <name>.text.Reset_Handler</name>
         <load_address>0x314</load_address>
         <run_address>0x314</run_address>
         <size>0x4</size>
         <input_file_ref idref="fl-3"/>
      </object_component>
      <object_component id="oc-55">
         <name>.text._system_pre_init</name>
         <load_address>0x318</load_address>
         <run_address>0x318</run_address>
         <size>0x4</size>
         <input_file_ref idref="fl-26"/>
      </object_component>
      <object_component id="oc-7e">
         <name>.text:abort</name>
         <load_address>0x31c</load_address>
         <run_address>0x31c</run_address>
         <size>0x4</size>
         <input_file_ref idref="fl-22"/>
      </object_component>
      <object_component id="oc-f6">
         <name>__TI_handler_table</name>
         <load_address>0x320</load_address>
         <run_address>0x320</run_address>
         <size>0x8</size>
      </object_component>
      <object_component id="oc-f8">
         <name>.cinit..data.load</name>
         <load_address>0x328</load_address>
         <run_address>0x328</run_address>
         <size>0x7</size>
      </object_component>
      <object_component id="oc-f7">
         <name>__TI_cinit_table</name>
         <load_address>0x330</load_address>
         <run_address>0x330</run_address>
         <size>0x8</size>
      </object_component>
      <object_component id="oc-c3">
         <name>.binit</name>
         <load_address>0x0</load_address>
         <run_address>0x0</run_address>
         <size>0x0</size>
      </object_component>
      <object_component id="oc-7a">
         <name>.data.HALLPIN</name>
         <load_address>0x20000000</load_address>
         <run_address>0x20000000</run_address>
         <size>0x4</size>
         <input_file_ref idref="fl-1"/>
      </object_component>
      <object_component id="oc-1a">
         <name>.stack</name>
         <uninitialized>true</uninitialized>
         <run_address>0x20000f00</run_address>
         <size>0x4</size>
         <input_file_ref idref="fl-20"/>
      </object_component>
      <object_component id="oc-fa">
         <name>.stack</name>
         <uninitialized>true</uninitialized>
         <run_address>0x20000f00</run_address>
         <size>0x0</size>
      </object_component>
      <object_component id="oc-7d">
         <name>.debug_loc</name>
         <load_address>0x0</load_address>
         <run_address>0x0</run_address>
         <size>0x2a</size>
         <input_file_ref idref="fl-1"/>
      </object_component>
      <object_component id="oc-a1">
         <name>.debug_loc</name>
         <load_address>0x2a</load_address>
         <run_address>0x2a</run_address>
         <size>0x1b</size>
         <input_file_ref idref="fl-2"/>
      </object_component>
      <object_component id="oc-a6">
         <name>.debug_loc</name>
         <load_address>0x45</load_address>
         <run_address>0x45</run_address>
         <size>0x13</size>
         <input_file_ref idref="fl-11"/>
      </object_component>
      <object_component id="oc-3c">
         <name>.debug_loc</name>
         <load_address>0x58</load_address>
         <run_address>0x58</run_address>
         <size>0x6f</size>
         <input_file_ref idref="fl-1e"/>
      </object_component>
      <object_component id="oc-34">
         <name>.debug_loc</name>
         <load_address>0xc7</load_address>
         <run_address>0xc7</run_address>
         <size>0xe8</size>
         <input_file_ref idref="fl-1f"/>
      </object_component>
      <object_component id="oc-31">
         <name>.debug_loc</name>
         <load_address>0x1af</load_address>
         <run_address>0x1af</run_address>
         <size>0xd8</size>
         <input_file_ref idref="fl-20"/>
      </object_component>
      <object_component id="oc-84">
         <name>.debug_loc</name>
         <load_address>0x287</load_address>
         <run_address>0x287</run_address>
         <size>0x26</size>
         <input_file_ref idref="fl-22"/>
      </object_component>
      <object_component id="oc-86">
         <name>.debug_loc</name>
         <load_address>0x2ad</load_address>
         <run_address>0x2ad</run_address>
         <size>0x558</size>
         <input_file_ref idref="fl-25"/>
      </object_component>
      <object_component id="oc-7b">
         <name>.debug_abbrev</name>
         <load_address>0x0</load_address>
         <run_address>0x0</run_address>
         <size>0x120</size>
         <input_file_ref idref="fl-1"/>
      </object_component>
      <object_component id="oc-a2">
         <name>.debug_abbrev</name>
         <load_address>0x120</load_address>
         <run_address>0x120</run_address>
         <size>0x1cc</size>
         <input_file_ref idref="fl-2"/>
      </object_component>
      <object_component id="oc-2b">
         <name>.debug_abbrev</name>
         <load_address>0x2ec</load_address>
         <run_address>0x2ec</run_address>
         <size>0x6d</size>
         <input_file_ref idref="fl-3"/>
      </object_component>
      <object_component id="oc-a4">
         <name>.debug_abbrev</name>
         <load_address>0x359</load_address>
         <run_address>0x359</run_address>
         <size>0x62</size>
         <input_file_ref idref="fl-11"/>
      </object_component>
      <object_component id="oc-3a">
         <name>.debug_abbrev</name>
         <load_address>0x3bb</load_address>
         <run_address>0x3bb</run_address>
         <size>0x70</size>
         <input_file_ref idref="fl-1e"/>
      </object_component>
      <object_component id="oc-32">
         <name>.debug_abbrev</name>
         <load_address>0x42b</load_address>
         <run_address>0x42b</run_address>
         <size>0x9c</size>
         <input_file_ref idref="fl-1f"/>
      </object_component>
      <object_component id="oc-2d">
         <name>.debug_abbrev</name>
         <load_address>0x4c7</load_address>
         <run_address>0x4c7</run_address>
         <size>0xaf</size>
         <input_file_ref idref="fl-20"/>
      </object_component>
      <object_component id="oc-a7">
         <name>.debug_abbrev</name>
         <load_address>0x576</load_address>
         <run_address>0x576</run_address>
         <size>0xb3</size>
         <input_file_ref idref="fl-22"/>
      </object_component>
      <object_component id="oc-ad">
         <name>.debug_abbrev</name>
         <load_address>0x629</load_address>
         <run_address>0x629</run_address>
         <size>0x186</size>
         <input_file_ref idref="fl-25"/>
      </object_component>
      <object_component id="oc-6f">
         <name>.debug_abbrev</name>
         <load_address>0x7af</load_address>
         <run_address>0x7af</run_address>
         <size>0x39</size>
         <input_file_ref idref="fl-26"/>
      </object_component>
      <object_component id="oc-4e">
         <name>.debug_abbrev</name>
         <load_address>0x7e8</load_address>
         <run_address>0x7e8</run_address>
         <size>0x27</size>
         <input_file_ref idref="fl-60"/>
      </object_component>
      <object_component id="oc-97">
         <name>.debug_abbrev</name>
         <load_address>0x80f</load_address>
         <run_address>0x80f</run_address>
         <size>0x25</size>
         <input_file_ref idref="fl-62"/>
      </object_component>
      <object_component id="oc-fc">
         <name>.debug_abbrev</name>
         <load_address>0x834</load_address>
         <run_address>0x834</run_address>
         <size>0xf</size>
      </object_component>
      <object_component id="oc-5a">
         <name>.debug_info</name>
         <load_address>0x0</load_address>
         <run_address>0x0</run_address>
         <size>0x858</size>
         <input_file_ref idref="fl-1"/>
      </object_component>
      <object_component id="oc-75">
         <name>.debug_info</name>
         <load_address>0x858</load_address>
         <run_address>0x858</run_address>
         <size>0x160d</size>
         <input_file_ref idref="fl-2"/>
      </object_component>
      <object_component id="oc-19">
         <name>.debug_info</name>
         <load_address>0x1e65</load_address>
         <run_address>0x1e65</run_address>
         <size>0x80</size>
         <input_file_ref idref="fl-3"/>
      </object_component>
      <object_component id="oc-78">
         <name>.debug_info</name>
         <load_address>0x1ee5</load_address>
         <run_address>0x1ee5</run_address>
         <size>0x75</size>
         <input_file_ref idref="fl-11"/>
      </object_component>
      <object_component id="oc-23">
         <name>.debug_info</name>
         <load_address>0x1f5a</load_address>
         <run_address>0x1f5a</run_address>
         <size>0xc6</size>
         <input_file_ref idref="fl-1e"/>
      </object_component>
      <object_component id="oc-1f">
         <name>.debug_info</name>
         <load_address>0x2020</load_address>
         <run_address>0x2020</run_address>
         <size>0x17a</size>
         <input_file_ref idref="fl-1f"/>
      </object_component>
      <object_component id="oc-1b">
         <name>.debug_info</name>
         <load_address>0x219a</load_address>
         <run_address>0x219a</run_address>
         <size>0x423</size>
         <input_file_ref idref="fl-20"/>
      </object_component>
      <object_component id="oc-7f">
         <name>.debug_info</name>
         <load_address>0x25bd</load_address>
         <run_address>0x25bd</run_address>
         <size>0xed</size>
         <input_file_ref idref="fl-22"/>
      </object_component>
      <object_component id="oc-8a">
         <name>.debug_info</name>
         <load_address>0x26aa</load_address>
         <run_address>0x26aa</run_address>
         <size>0x792</size>
         <input_file_ref idref="fl-25"/>
      </object_component>
      <object_component id="oc-57">
         <name>.debug_info</name>
         <load_address>0x2e3c</load_address>
         <run_address>0x2e3c</run_address>
         <size>0x46</size>
         <input_file_ref idref="fl-26"/>
      </object_component>
      <object_component id="oc-37">
         <name>.debug_info</name>
         <load_address>0x2e82</load_address>
         <run_address>0x2e82</run_address>
         <size>0x1a1</size>
         <input_file_ref idref="fl-60"/>
      </object_component>
      <object_component id="oc-6a">
         <name>.debug_info</name>
         <load_address>0x3023</load_address>
         <run_address>0x3023</run_address>
         <size>0x2f1</size>
         <input_file_ref idref="fl-62"/>
      </object_component>
      <object_component id="oc-fb">
         <name>.debug_info</name>
         <load_address>0x3314</load_address>
         <run_address>0x3314</run_address>
         <size>0xcd</size>
      </object_component>
      <object_component id="oc-7c">
         <name>.debug_str</name>
         <load_address>0x0</load_address>
         <run_address>0x0</run_address>
         <size>0x562</size>
         <input_file_ref idref="fl-1"/>
      </object_component>
      <object_component id="oc-a3">
         <name>.debug_str</name>
         <load_address>0x562</load_address>
         <run_address>0x562</run_address>
         <size>0xd10</size>
         <input_file_ref idref="fl-2"/>
      </object_component>
      <object_component id="oc-2c">
         <name>.debug_str</name>
         <load_address>0x1272</load_address>
         <run_address>0x1272</run_address>
         <size>0x184</size>
         <input_file_ref idref="fl-3"/>
      </object_component>
      <object_component id="oc-a5">
         <name>.debug_str</name>
         <load_address>0x13f6</load_address>
         <run_address>0x13f6</run_address>
         <size>0x177</size>
         <input_file_ref idref="fl-11"/>
      </object_component>
      <object_component id="oc-3b">
         <name>.debug_str</name>
         <load_address>0x156d</load_address>
         <run_address>0x156d</run_address>
         <size>0x1b3</size>
         <input_file_ref idref="fl-1e"/>
      </object_component>
      <object_component id="oc-33">
         <name>.debug_str</name>
         <load_address>0x1720</load_address>
         <run_address>0x1720</run_address>
         <size>0x220</size>
         <input_file_ref idref="fl-1f"/>
      </object_component>
      <object_component id="oc-2e">
         <name>.debug_str</name>
         <load_address>0x1940</load_address>
         <run_address>0x1940</run_address>
         <size>0x270</size>
         <input_file_ref idref="fl-20"/>
      </object_component>
      <object_component id="oc-a8">
         <name>.debug_str</name>
         <load_address>0x1bb0</load_address>
         <run_address>0x1bb0</run_address>
         <size>0x18a</size>
         <input_file_ref idref="fl-22"/>
      </object_component>
      <object_component id="oc-ae">
         <name>.debug_str</name>
         <load_address>0x1d3a</load_address>
         <run_address>0x1d3a</run_address>
         <size>0x37a</size>
         <input_file_ref idref="fl-25"/>
      </object_component>
      <object_component id="oc-70">
         <name>.debug_str</name>
         <load_address>0x20b4</load_address>
         <run_address>0x20b4</run_address>
         <size>0x140</size>
         <input_file_ref idref="fl-26"/>
      </object_component>
      <object_component id="oc-5c">
         <name>.debug_frame</name>
         <load_address>0x0</load_address>
         <run_address>0x0</run_address>
         <size>0x20</size>
         <input_file_ref idref="fl-1"/>
      </object_component>
      <object_component id="oc-73">
         <name>.debug_frame</name>
         <load_address>0x20</load_address>
         <run_address>0x20</run_address>
         <size>0x60</size>
         <input_file_ref idref="fl-2"/>
      </object_component>
      <object_component id="oc-27">
         <name>.debug_frame</name>
         <load_address>0x80</load_address>
         <run_address>0x80</run_address>
         <size>0x30</size>
         <input_file_ref idref="fl-3"/>
      </object_component>
      <object_component id="oc-79">
         <name>.debug_frame</name>
         <load_address>0xb0</load_address>
         <run_address>0xb0</run_address>
         <size>0x20</size>
         <input_file_ref idref="fl-11"/>
      </object_component>
      <object_component id="oc-21">
         <name>.debug_frame</name>
         <load_address>0xd0</load_address>
         <run_address>0xd0</run_address>
         <size>0x28</size>
         <input_file_ref idref="fl-1e"/>
      </object_component>
      <object_component id="oc-1d">
         <name>.debug_frame</name>
         <load_address>0xf8</load_address>
         <run_address>0xf8</run_address>
         <size>0x30</size>
         <input_file_ref idref="fl-1f"/>
      </object_component>
      <object_component id="oc-45">
         <name>.debug_frame</name>
         <load_address>0x128</load_address>
         <run_address>0x128</run_address>
         <size>0x90</size>
         <input_file_ref idref="fl-20"/>
      </object_component>
      <object_component id="oc-80">
         <name>.debug_frame</name>
         <load_address>0x1b8</load_address>
         <run_address>0x1b8</run_address>
         <size>0x30</size>
         <input_file_ref idref="fl-22"/>
      </object_component>
      <object_component id="oc-88">
         <name>.debug_frame</name>
         <load_address>0x1e8</load_address>
         <run_address>0x1e8</run_address>
         <size>0x100</size>
         <input_file_ref idref="fl-25"/>
      </object_component>
      <object_component id="oc-58">
         <name>.debug_frame</name>
         <load_address>0x2e8</load_address>
         <run_address>0x2e8</run_address>
         <size>0x20</size>
         <input_file_ref idref="fl-26"/>
      </object_component>
      <object_component id="oc-5b">
         <name>.debug_line</name>
         <load_address>0x0</load_address>
         <run_address>0x0</run_address>
         <size>0x21e</size>
         <input_file_ref idref="fl-1"/>
      </object_component>
      <object_component id="oc-74">
         <name>.debug_line</name>
         <load_address>0x21e</load_address>
         <run_address>0x21e</run_address>
         <size>0x34a</size>
         <input_file_ref idref="fl-2"/>
      </object_component>
      <object_component id="oc-28">
         <name>.debug_line</name>
         <load_address>0x568</load_address>
         <run_address>0x568</run_address>
         <size>0xba</size>
         <input_file_ref idref="fl-3"/>
      </object_component>
      <object_component id="oc-77">
         <name>.debug_line</name>
         <load_address>0x622</load_address>
         <run_address>0x622</run_address>
         <size>0xe4</size>
         <input_file_ref idref="fl-11"/>
      </object_component>
      <object_component id="oc-22">
         <name>.debug_line</name>
         <load_address>0x706</load_address>
         <run_address>0x706</run_address>
         <size>0xb6</size>
         <input_file_ref idref="fl-1e"/>
      </object_component>
      <object_component id="oc-1e">
         <name>.debug_line</name>
         <load_address>0x7bc</load_address>
         <run_address>0x7bc</run_address>
         <size>0x1b4</size>
         <input_file_ref idref="fl-1f"/>
      </object_component>
      <object_component id="oc-2f">
         <name>.debug_line</name>
         <load_address>0x970</load_address>
         <run_address>0x970</run_address>
         <size>0x1fe</size>
         <input_file_ref idref="fl-20"/>
      </object_component>
      <object_component id="oc-81">
         <name>.debug_line</name>
         <load_address>0xb6e</load_address>
         <run_address>0xb6e</run_address>
         <size>0x6b</size>
         <input_file_ref idref="fl-22"/>
      </object_component>
      <object_component id="oc-89">
         <name>.debug_line</name>
         <load_address>0xbd9</load_address>
         <run_address>0xbd9</run_address>
         <size>0x4ca</size>
         <input_file_ref idref="fl-25"/>
      </object_component>
      <object_component id="oc-56">
         <name>.debug_line</name>
         <load_address>0x10a3</load_address>
         <run_address>0x10a3</run_address>
         <size>0x3e</size>
         <input_file_ref idref="fl-26"/>
      </object_component>
      <object_component id="oc-39">
         <name>.debug_line</name>
         <load_address>0x10e1</load_address>
         <run_address>0x10e1</run_address>
         <size>0xa4</size>
         <input_file_ref idref="fl-60"/>
      </object_component>
      <object_component id="oc-6b">
         <name>.debug_line</name>
         <load_address>0x1185</load_address>
         <run_address>0x1185</run_address>
         <size>0xa0</size>
         <input_file_ref idref="fl-62"/>
      </object_component>
      <object_component id="oc-72">
         <name>.debug_ranges</name>
         <load_address>0x0</load_address>
         <run_address>0x0</run_address>
         <size>0x28</size>
         <input_file_ref idref="fl-2"/>
      </object_component>
      <object_component id="oc-29">
         <name>.debug_ranges</name>
         <load_address>0x28</load_address>
         <run_address>0x28</run_address>
         <size>0x18</size>
         <input_file_ref idref="fl-3"/>
      </object_component>
      <object_component id="oc-35">
         <name>.debug_ranges</name>
         <load_address>0x40</load_address>
         <run_address>0x40</run_address>
         <size>0x30</size>
         <input_file_ref idref="fl-1f"/>
      </object_component>
      <object_component id="oc-30">
         <name>.debug_ranges</name>
         <load_address>0x70</load_address>
         <run_address>0x70</run_address>
         <size>0x48</size>
         <input_file_ref idref="fl-20"/>
      </object_component>
      <object_component id="oc-82">
         <name>.debug_ranges</name>
         <load_address>0xb8</load_address>
         <run_address>0xb8</run_address>
         <size>0x18</size>
         <input_file_ref idref="fl-22"/>
      </object_component>
      <object_component id="oc-87">
         <name>.debug_ranges</name>
         <load_address>0xd0</load_address>
         <run_address>0xd0</run_address>
         <size>0xa8</size>
         <input_file_ref idref="fl-25"/>
      </object_component>
      <object_component id="oc-69">
         <name>.debug_ranges</name>
         <load_address>0x178</load_address>
         <run_address>0x178</run_address>
         <size>0x28</size>
         <input_file_ref idref="fl-62"/>
      </object_component>
      <object_component id="oc-38">
         <name>.debug_aranges</name>
         <load_address>0x0</load_address>
         <run_address>0x0</run_address>
         <size>0x20</size>
         <input_file_ref idref="fl-60"/>
      </object_component>
      <object_component id="oc-68">
         <name>.debug_aranges</name>
         <load_address>0x20</load_address>
         <run_address>0x20</run_address>
         <size>0x28</size>
         <input_file_ref idref="fl-62"/>
      </object_component>
   </object_component_list>
   <logical_group_list>
      <logical_group id="lg-2" display="no" color="cyan">
         <name>.intvecs</name>
         <load_address>0x0</load_address>
         <run_address>0x0</run_address>
         <size>0xc0</size>
         <contents>
            <object_component_ref idref="oc-18"/>
         </contents>
      </logical_group>
      <logical_group id="lg-3" display="no" color="cyan">
         <name>.text</name>
         <load_address>0xc0</load_address>
         <run_address>0xc0</run_address>
         <size>0x260</size>
         <contents>
            <object_component_ref idref="oc-6c"/>
            <object_component_ref idref="oc-2a"/>
            <object_component_ref idref="oc-1c"/>
            <object_component_ref idref="oc-59"/>
            <object_component_ref idref="oc-85"/>
            <object_component_ref idref="oc-9f"/>
            <object_component_ref idref="oc-46"/>
            <object_component_ref idref="oc-9e"/>
            <object_component_ref idref="oc-a0"/>
            <object_component_ref idref="oc-20"/>
            <object_component_ref idref="oc-71"/>
            <object_component_ref idref="oc-76"/>
            <object_component_ref idref="oc-36"/>
            <object_component_ref idref="oc-26"/>
            <object_component_ref idref="oc-55"/>
            <object_component_ref idref="oc-7e"/>
         </contents>
      </logical_group>
      <logical_group id="lg-4" display="no" color="cyan">
         <name>.const</name>
         <run_address>0x0</run_address>
         <size>0x0</size>
         <contents>
         </contents>
      </logical_group>
      <logical_group id="lg-5" display="no" color="cyan">
         <name>.cinit</name>
         <load_address>0x320</load_address>
         <run_address>0x320</run_address>
         <size>0x18</size>
         <contents>
            <object_component_ref idref="oc-f6"/>
            <object_component_ref idref="oc-f8"/>
            <object_component_ref idref="oc-f7"/>
         </contents>
      </logical_group>
      <logical_group id="lg-6" display="no" color="cyan">
         <name>.pinit</name>
         <run_address>0x0</run_address>
         <size>0x0</size>
         <contents>
         </contents>
      </logical_group>
      <logical_group id="lg-7" display="no" color="cyan">
         <name>.rodata</name>
         <run_address>0x0</run_address>
         <size>0x0</size>
         <contents>
         </contents>
      </logical_group>
      <logical_group id="lg-8" display="no" color="cyan">
         <name>.ARM.exidx</name>
         <run_address>0x0</run_address>
         <size>0x0</size>
         <contents>
         </contents>
      </logical_group>
      <logical_group id="lg-9" display="no" color="cyan">
         <name>.init_array</name>
         <run_address>0x0</run_address>
         <size>0x0</size>
         <contents>
         </contents>
      </logical_group>
      <logical_group id="lg-a" display="no" color="cyan">
         <name>.binit</name>
         <load_address>0x0</load_address>
         <run_address>0x0</run_address>
         <size>0x0</size>
         <contents>
            <object_component_ref idref="oc-c3"/>
         </contents>
      </logical_group>
      <logical_group id="lg-b" display="no" color="cyan">
         <name>.TI.ramfunc</name>
         <run_address>0x0</run_address>
         <size>0x0</size>
         <contents>
         </contents>
      </logical_group>
      <logical_group id="lg-c" display="no" color="cyan">
         <name>.vtable</name>
         <run_address>0x0</run_address>
         <size>0x0</size>
         <contents>
         </contents>
      </logical_group>
      <logical_group id="lg-d" display="no" color="cyan">
         <name>.args</name>
         <run_address>0x0</run_address>
         <size>0x0</size>
         <contents>
         </contents>
      </logical_group>
      <logical_group id="lg-e" display="no" color="cyan">
         <name>.data</name>
         <run_address>0x20000000</run_address>
         <size>0x4</size>
         <contents>
            <object_component_ref idref="oc-7a"/>
         </contents>
      </logical_group>
      <logical_group id="lg-f" display="no" color="cyan">
         <name>.bss</name>
         <run_address>0x0</run_address>
         <size>0x0</size>
         <contents>
         </contents>
      </logical_group>
      <logical_group id="lg-10" display="no" color="cyan">
         <name>.sysmem</name>
         <run_address>0x0</run_address>
         <size>0x0</size>
         <contents>
         </contents>
      </logical_group>
      <logical_group id="lg-11" display="no" color="cyan">
         <name>.stack</name>
         <run_address>0x20000f00</run_address>
         <size>0x100</size>
         <contents>
            <object_component_ref idref="oc-1a"/>
            <object_component_ref idref="oc-fa"/>
         </contents>
      </logical_group>
      <logical_group id="lg-12" display="no" color="cyan">
         <name>.BCRConfig</name>
         <run_address>0x0</run_address>
         <size>0x0</size>
         <contents>
         </contents>
      </logical_group>
      <logical_group id="lg-13" display="no" color="cyan">
         <name>.BSLConfig</name>
         <run_address>0x0</run_address>
         <size>0x0</size>
         <contents>
         </contents>
      </logical_group>
      <logical_group id="lg-bd" display="no" color="cyan">
         <name>.TI.noinit</name>
         <run_address>0x0</run_address>
         <size>0x0</size>
         <contents>
         </contents>
      </logical_group>
      <logical_group id="lg-be" display="no" color="cyan">
         <name>.TI.persistent</name>
         <run_address>0x0</run_address>
         <size>0x0</size>
         <contents>
         </contents>
      </logical_group>
      <logical_group id="lg-bf" display="no" color="cyan">
         <name>__llvm_prf_cnts</name>
         <run_address>0x20000000</run_address>
         <size>0x0</size>
         <contents>
         </contents>
      </logical_group>
      <logical_group id="lg-c1" display="no" color="cyan">
         <name>__llvm_prf_bits</name>
         <run_address>0x20000000</run_address>
         <size>0x0</size>
         <contents>
         </contents>
      </logical_group>
      <logical_group id="lg-da" display="never" color="cyan">
         <name>.debug_loc</name>
         <load_address>0x0</load_address>
         <run_address>0x0</run_address>
         <size>0x805</size>
         <contents>
            <object_component_ref idref="oc-7d"/>
            <object_component_ref idref="oc-a1"/>
            <object_component_ref idref="oc-a6"/>
            <object_component_ref idref="oc-3c"/>
            <object_component_ref idref="oc-34"/>
            <object_component_ref idref="oc-31"/>
            <object_component_ref idref="oc-84"/>
            <object_component_ref idref="oc-86"/>
         </contents>
      </logical_group>
      <logical_group id="lg-dc" display="never" color="cyan">
         <name>.debug_abbrev</name>
         <load_address>0x0</load_address>
         <run_address>0x0</run_address>
         <size>0x843</size>
         <contents>
            <object_component_ref idref="oc-7b"/>
            <object_component_ref idref="oc-a2"/>
            <object_component_ref idref="oc-2b"/>
            <object_component_ref idref="oc-a4"/>
            <object_component_ref idref="oc-3a"/>
            <object_component_ref idref="oc-32"/>
            <object_component_ref idref="oc-2d"/>
            <object_component_ref idref="oc-a7"/>
            <object_component_ref idref="oc-ad"/>
            <object_component_ref idref="oc-6f"/>
            <object_component_ref idref="oc-4e"/>
            <object_component_ref idref="oc-97"/>
            <object_component_ref idref="oc-fc"/>
         </contents>
      </logical_group>
      <logical_group id="lg-de" display="never" color="cyan">
         <name>.debug_info</name>
         <load_address>0x0</load_address>
         <run_address>0x0</run_address>
         <size>0x33e1</size>
         <contents>
            <object_component_ref idref="oc-5a"/>
            <object_component_ref idref="oc-75"/>
            <object_component_ref idref="oc-19"/>
            <object_component_ref idref="oc-78"/>
            <object_component_ref idref="oc-23"/>
            <object_component_ref idref="oc-1f"/>
            <object_component_ref idref="oc-1b"/>
            <object_component_ref idref="oc-7f"/>
            <object_component_ref idref="oc-8a"/>
            <object_component_ref idref="oc-57"/>
            <object_component_ref idref="oc-37"/>
            <object_component_ref idref="oc-6a"/>
            <object_component_ref idref="oc-fb"/>
         </contents>
      </logical_group>
      <logical_group id="lg-e0" display="never" color="cyan">
         <name>.debug_str</name>
         <load_address>0x0</load_address>
         <run_address>0x0</run_address>
         <size>0x21f4</size>
         <contents>
            <object_component_ref idref="oc-7c"/>
            <object_component_ref idref="oc-a3"/>
            <object_component_ref idref="oc-2c"/>
            <object_component_ref idref="oc-a5"/>
            <object_component_ref idref="oc-3b"/>
            <object_component_ref idref="oc-33"/>
            <object_component_ref idref="oc-2e"/>
            <object_component_ref idref="oc-a8"/>
            <object_component_ref idref="oc-ae"/>
            <object_component_ref idref="oc-70"/>
         </contents>
      </logical_group>
      <logical_group id="lg-e2" display="never" color="cyan">
         <name>.debug_frame</name>
         <load_address>0x0</load_address>
         <run_address>0x0</run_address>
         <size>0x308</size>
         <contents>
            <object_component_ref idref="oc-5c"/>
            <object_component_ref idref="oc-73"/>
            <object_component_ref idref="oc-27"/>
            <object_component_ref idref="oc-79"/>
            <object_component_ref idref="oc-21"/>
            <object_component_ref idref="oc-1d"/>
            <object_component_ref idref="oc-45"/>
            <object_component_ref idref="oc-80"/>
            <object_component_ref idref="oc-88"/>
            <object_component_ref idref="oc-58"/>
         </contents>
      </logical_group>
      <logical_group id="lg-e4" display="never" color="cyan">
         <name>.debug_line</name>
         <load_address>0x0</load_address>
         <run_address>0x0</run_address>
         <size>0x1225</size>
         <contents>
            <object_component_ref idref="oc-5b"/>
            <object_component_ref idref="oc-74"/>
            <object_component_ref idref="oc-28"/>
            <object_component_ref idref="oc-77"/>
            <object_component_ref idref="oc-22"/>
            <object_component_ref idref="oc-1e"/>
            <object_component_ref idref="oc-2f"/>
            <object_component_ref idref="oc-81"/>
            <object_component_ref idref="oc-89"/>
            <object_component_ref idref="oc-56"/>
            <object_component_ref idref="oc-39"/>
            <object_component_ref idref="oc-6b"/>
         </contents>
      </logical_group>
      <logical_group id="lg-e6" display="never" color="cyan">
         <name>.debug_ranges</name>
         <load_address>0x0</load_address>
         <run_address>0x0</run_address>
         <size>0x1a0</size>
         <contents>
            <object_component_ref idref="oc-72"/>
            <object_component_ref idref="oc-29"/>
            <object_component_ref idref="oc-35"/>
            <object_component_ref idref="oc-30"/>
            <object_component_ref idref="oc-82"/>
            <object_component_ref idref="oc-87"/>
            <object_component_ref idref="oc-69"/>
         </contents>
      </logical_group>
      <logical_group id="lg-f0" display="never" color="cyan">
         <name>.debug_aranges</name>
         <load_address>0x0</load_address>
         <run_address>0x0</run_address>
         <size>0x48</size>
         <contents>
            <object_component_ref idref="oc-38"/>
            <object_component_ref idref="oc-68"/>
         </contents>
      </logical_group>
      <logical_group id="lg-f9" display="no" color="cyan">
         <name>Veneer$$CMSE</name>
         <run_address>0x0</run_address>
         <size>0x0</size>
         <contents>
         </contents>
      </logical_group>
      <load_segment id="lg-fe" display="no" color="cyan">
         <name>SEGMENT_0</name>
         <load_address>0x0</load_address>
         <run_address>0x0</run_address>
         <size>0x338</size>
         <flags>0x5</flags>
         <contents>
            <logical_group_ref idref="lg-2"/>
            <logical_group_ref idref="lg-3"/>
            <logical_group_ref idref="lg-5"/>
         </contents>
      </load_segment>
      <load_segment id="lg-ff" display="no" color="cyan">
         <name>SEGMENT_1</name>
         <run_address>0x20000000</run_address>
         <size>0x4</size>
         <flags>0x6</flags>
         <contents>
            <logical_group_ref idref="lg-e"/>
         </contents>
      </load_segment>
      <load_segment id="lg-100" display="no" color="cyan">
         <name>SEGMENT_2</name>
         <run_address>0x20000f00</run_address>
         <size>0x100</size>
         <flags>0x6</flags>
         <contents>
            <logical_group_ref idref="lg-11"/>
         </contents>
      </load_segment>
   </logical_group_list>
   <placement_map>
      <memory_area display="yes" color="green">
         <name>FLASH</name>
         <page_id>0x0</page_id>
         <origin>0x0</origin>
         <length>0xfff8</length>
         <used_space>0x338</used_space>
         <unused_space>0xfcc0</unused_space>
         <attributes>RX</attributes>
         <usage_details>
            <allocated_space>
               <start_address>0x0</start_address>
               <size>0x0</size>
               <logical_group_ref idref="lg-a"/>
            </allocated_space>
            <allocated_space>
               <start_address>0x0</start_address>
               <size>0xc0</size>
               <logical_group_ref idref="lg-2"/>
            </allocated_space>
            <allocated_space>
               <start_address>0xc0</start_address>
               <size>0x260</size>
               <logical_group_ref idref="lg-3"/>
            </allocated_space>
            <allocated_space>
               <start_address>0x320</start_address>
               <size>0x18</size>
               <logical_group_ref idref="lg-5"/>
            </allocated_space>
            <available_space>
               <start_address>0x338</start_address>
               <size>0xfcc0</size>
            </available_space>
         </usage_details>
      </memory_area>
      <memory_area display="yes" color="green">
         <name>SRAM</name>
         <page_id>0x0</page_id>
         <origin>0x20000000</origin>
         <length>0x1000</length>
         <used_space>0x104</used_space>
         <unused_space>0xefc</unused_space>
         <attributes>RWX</attributes>
         <usage_details>
            <allocated_space>
               <start_address>0x20000000</start_address>
               <size>0x0</size>
               <logical_group_ref idref="lg-bf"/>
            </allocated_space>
            <allocated_space>
               <start_address>0x20000000</start_address>
               <size>0x0</size>
               <logical_group_ref idref="lg-c1"/>
            </allocated_space>
            <allocated_space>
               <start_address>0x20000000</start_address>
               <size>0x4</size>
               <logical_group_ref idref="lg-e"/>
            </allocated_space>
            <available_space>
               <start_address>0x20000004</start_address>
               <size>0xefc</size>
            </available_space>
            <allocated_space>
               <start_address>0x20000f00</start_address>
               <size>0x100</size>
               <logical_group_ref idref="lg-11"/>
            </allocated_space>
         </usage_details>
      </memory_area>
      <memory_area display="yes" color="green">
         <name>BCR_CONFIG</name>
         <page_id>0x0</page_id>
         <origin>0x41c00000</origin>
         <length>0x80</length>
         <used_space>0x0</used_space>
         <unused_space>0x80</unused_space>
         <attributes>R</attributes>
         <usage_details>
         </usage_details>
      </memory_area>
      <memory_area display="yes" color="green">
         <name>BSL_CONFIG</name>
         <page_id>0x0</page_id>
         <origin>0x41c00100</origin>
         <length>0x80</length>
         <used_space>0x0</used_space>
         <unused_space>0x80</unused_space>
         <attributes>R</attributes>
         <usage_details>
         </usage_details>
      </memory_area>
   </placement_map>
   <cptbl_list>
      <cptbl>
         <name>__TI_cinit_table</name>
         <cprec>
            <name>.data</name>
            <load_address>0x328</load_address>
            <load_size>0x7</load_size>
            <run_address>0x20000000</run_address>
            <run_size>0x4</run_size>
            <compression>lzss</compression>
         </cprec>
      </cptbl>
   </cptbl_list>
   <handler_table>
      <handler_table_name>__TI_handler_table</handler_table_name>
      <handler>
         <index>0x0</index>
         <name>__TI_decompress_lzss</name>
      </handler>
      <handler>
         <index>0x1</index>
         <name>__TI_decompress_none</name>
      </handler>
   </handler_table>
   <symbol_table>
      <symbol id="sm-1">
         <name>__start___llvm_prf_cnts</name>
         <value>0x20000000</value>
      </symbol>
      <symbol id="sm-2">
         <name>__stop___llvm_prf_cnts</name>
         <value>0x20000000</value>
      </symbol>
      <symbol id="sm-3">
         <name>__start___llvm_prf_bits</name>
         <value>0x20000000</value>
      </symbol>
      <symbol id="sm-4">
         <name>__stop___llvm_prf_bits</name>
         <value>0x20000000</value>
      </symbol>
      <symbol id="sm-5">
         <name>__TI_CINIT_Base</name>
         <value>0x330</value>
      </symbol>
      <symbol id="sm-6">
         <name>__TI_CINIT_Limit</name>
         <value>0x338</value>
      </symbol>
      <symbol id="sm-7">
         <name>__TI_CINIT_Warm</name>
         <value>0x338</value>
      </symbol>
      <symbol id="sm-8">
         <name>__TI_Handler_Table_Base</name>
         <value>0x320</value>
      </symbol>
      <symbol id="sm-9">
         <name>__TI_Handler_Table_Limit</name>
         <value>0x328</value>
      </symbol>
      <symbol id="sm-a">
         <name>binit</name>
         <value>0xffffffff</value>
      </symbol>
      <symbol id="sm-b">
         <name>__binit__</name>
         <value>0xffffffff</value>
      </symbol>
      <symbol id="sm-c">
         <name>__STACK_SIZE</name>
         <value>0x100</value>
      </symbol>
      <symbol id="sm-d">
         <name>__STACK_END</name>
         <value>0x20001000</value>
      </symbol>
      <symbol id="sm-e">
         <name>__TI_pprof_out_hndl</name>
         <value>0xffffffff</value>
      </symbol>
      <symbol id="sm-f">
         <name>__TI_prof_data_start</name>
         <value>0xffffffff</value>
      </symbol>
      <symbol id="sm-10">
         <name>__TI_prof_data_size</name>
         <value>0xffffffff</value>
      </symbol>
      <symbol id="sm-39">
         <name>main</name>
         <value>0x1c5</value>
         <object_component_ref idref="oc-59"/>
      </symbol>
      <symbol id="sm-3a">
         <name>HALLPIN</name>
         <value>0x20000000</value>
         <object_component_ref idref="oc-7a"/>
      </symbol>
      <symbol id="sm-4d">
         <name>SYSCFG_DL_init</name>
         <value>0x2f3</value>
         <object_component_ref idref="oc-71"/>
      </symbol>
      <symbol id="sm-4e">
         <name>SYSCFG_DL_initPower</name>
         <value>0x2a5</value>
         <object_component_ref idref="oc-9e"/>
      </symbol>
      <symbol id="sm-4f">
         <name>SYSCFG_DL_GPIO_init</name>
         <value>0x251</value>
         <object_component_ref idref="oc-9f"/>
      </symbol>
      <symbol id="sm-50">
         <name>SYSCFG_DL_SYSCTL_init</name>
         <value>0x2c5</value>
         <object_component_ref idref="oc-a0"/>
      </symbol>
      <symbol id="sm-5b">
         <name>Default_Handler</name>
         <value>0x15b</value>
         <object_component_ref idref="oc-2a"/>
      </symbol>
      <symbol id="sm-5c">
         <name>Reset_Handler</name>
         <value>0x315</value>
         <object_component_ref idref="oc-26"/>
      </symbol>
      <symbol id="sm-5d">
         <name>interruptVectors</name>
         <value>0x0</value>
         <object_component_ref idref="oc-18"/>
      </symbol>
      <symbol id="sm-5e">
         <name>NMI_Handler</name>
         <value>0x15b</value>
         <object_component_ref idref="oc-2a"/>
      </symbol>
      <symbol id="sm-5f">
         <name>HardFault_Handler</name>
         <value>0x15b</value>
         <object_component_ref idref="oc-2a"/>
      </symbol>
      <symbol id="sm-60">
         <name>SVC_Handler</name>
         <value>0x15b</value>
         <object_component_ref idref="oc-2a"/>
      </symbol>
      <symbol id="sm-61">
         <name>PendSV_Handler</name>
         <value>0x15b</value>
         <object_component_ref idref="oc-2a"/>
      </symbol>
      <symbol id="sm-62">
         <name>SysTick_Handler</name>
         <value>0x15b</value>
         <object_component_ref idref="oc-2a"/>
      </symbol>
      <symbol id="sm-63">
         <name>GROUP0_IRQHandler</name>
         <value>0x15b</value>
         <object_component_ref idref="oc-2a"/>
      </symbol>
      <symbol id="sm-64">
         <name>GROUP1_IRQHandler</name>
         <value>0x15b</value>
         <object_component_ref idref="oc-2a"/>
      </symbol>
      <symbol id="sm-65">
         <name>TIMG1_IRQHandler</name>
         <value>0x15b</value>
         <object_component_ref idref="oc-2a"/>
      </symbol>
      <symbol id="sm-66">
         <name>ADC0_IRQHandler</name>
         <value>0x15b</value>
         <object_component_ref idref="oc-2a"/>
      </symbol>
      <symbol id="sm-67">
         <name>SPI0_IRQHandler</name>
         <value>0x15b</value>
         <object_component_ref idref="oc-2a"/>
      </symbol>
      <symbol id="sm-68">
         <name>UART1_IRQHandler</name>
         <value>0x15b</value>
         <object_component_ref idref="oc-2a"/>
      </symbol>
      <symbol id="sm-69">
         <name>UART0_IRQHandler</name>
         <value>0x15b</value>
         <object_component_ref idref="oc-2a"/>
      </symbol>
      <symbol id="sm-6a">
         <name>TIMG0_IRQHandler</name>
         <value>0x15b</value>
         <object_component_ref idref="oc-2a"/>
      </symbol>
      <symbol id="sm-6b">
         <name>TIMG2_IRQHandler</name>
         <value>0x15b</value>
         <object_component_ref idref="oc-2a"/>
      </symbol>
      <symbol id="sm-6c">
         <name>TIMG4_IRQHandler</name>
         <value>0x15b</value>
         <object_component_ref idref="oc-2a"/>
      </symbol>
      <symbol id="sm-6d">
         <name>I2C0_IRQHandler</name>
         <value>0x15b</value>
         <object_component_ref idref="oc-2a"/>
      </symbol>
      <symbol id="sm-6e">
         <name>I2C1_IRQHandler</name>
         <value>0x15b</value>
         <object_component_ref idref="oc-2a"/>
      </symbol>
      <symbol id="sm-6f">
         <name>DMA_IRQHandler</name>
         <value>0x15b</value>
         <object_component_ref idref="oc-2a"/>
      </symbol>
      <symbol id="sm-78">
         <name>DL_Common_delayCycles</name>
         <value>0x303</value>
         <object_component_ref idref="oc-76"/>
      </symbol>
      <symbol id="sm-82">
         <name>__TI_decompress_none</name>
         <value>0x2e1</value>
         <object_component_ref idref="oc-20"/>
      </symbol>
      <symbol id="sm-8d">
         <name>__TI_decompress_lzss</name>
         <value>0x15d</value>
         <object_component_ref idref="oc-1c"/>
      </symbol>
      <symbol id="sm-98">
         <name>_c_int00_noargs</name>
         <value>0x27d</value>
         <object_component_ref idref="oc-46"/>
      </symbol>
      <symbol id="sm-99">
         <name>__stack</name>
         <value>0x20000f00</value>
         <object_component_ref idref="oc-1a"/>
      </symbol>
      <symbol id="sm-a4">
         <name>abort</name>
         <value>0x31d</value>
         <object_component_ref idref="oc-7e"/>
      </symbol>
      <symbol id="sm-a5">
         <name>C$$EXIT</name>
         <value>0x31c</value>
         <object_component_ref idref="oc-7e"/>
      </symbol>
      <symbol id="sm-b2">
         <name>__TI_auto_init_nobinit_nopinit</name>
         <value>0x215</value>
         <object_component_ref idref="oc-85"/>
      </symbol>
      <symbol id="sm-ba">
         <name>_system_pre_init</name>
         <value>0x319</value>
         <object_component_ref idref="oc-55"/>
      </symbol>
      <symbol id="sm-c1">
         <name>__aeabi_memcpy</name>
         <value>0x30d</value>
         <object_component_ref idref="oc-36"/>
      </symbol>
      <symbol id="sm-c2">
         <name>__aeabi_memcpy4</name>
         <value>0x30d</value>
         <object_component_ref idref="oc-36"/>
      </symbol>
      <symbol id="sm-c3">
         <name>__aeabi_memcpy8</name>
         <value>0x30d</value>
         <object_component_ref idref="oc-36"/>
      </symbol>
      <symbol id="sm-dc">
         <name>memcpy</name>
         <value>0xc1</value>
         <object_component_ref idref="oc-6c"/>
      </symbol>
      <symbol id="sm-dd">
         <name>__TI_static_base__</name>
         <value>0x0</value>
      </symbol>
      <symbol id="sm-e0">
         <name>__mpu_init</name>
         <value>0x0</value>
      </symbol>
      <symbol id="sm-e1">
         <name>_system_post_cinit</name>
         <value>0x0</value>
      </symbol>
   </symbol_table>
   <title>Link successful</title>
</link_info>
