<?xml version="1.0" encoding="ISO-8859-1" ?>
<link_info>
   <banner>TI ARM Clang Linker PC v3.2.0.LTS</banner>
   <copyright>Copyright (c) 1996-2018 Texas Instruments Incorporated</copyright>
   <link_time>0x657a6557</link_time>
   <link_errors>0x0</link_errors>
   <output_file>C:\Users\roger_lin\1214\G3507_Assign_PIN\Debug\G3507_Assign_PIN.out</output_file>
   <entry_point>
      <name>_c_int00_noinit_noargs</name>
      <address>0x12d</address>
   </entry_point>
   <input_file_list>
      <input_file id="fl-1">
         <path>C:\Users\roger_lin\1214\G3507_Assign_PIN\Debug\.\</path>
         <kind>object</kind>
         <file>empty.o</file>
         <name>empty.o</name>
      </input_file>
      <input_file id="fl-2">
         <path>C:\Users\roger_lin\1214\G3507_Assign_PIN\Debug\.\syscfg\</path>
         <kind>object</kind>
         <file>ti_msp_dl_config.o</file>
         <name>ti_msp_dl_config.o</name>
      </input_file>
      <input_file id="fl-3">
         <path>C:\Users\roger_lin\1214\G3507_Assign_PIN\Debug\.\</path>
         <kind>object</kind>
         <file>startup_mspm0g350x_ticlang.o</file>
         <name>startup_mspm0g350x_ticlang.o</name>
      </input_file>
      <input_file id="fl-10">
         <path>C:\Users\roger_lin\1214\G3507_Assign_PIN\Debug\</path>
         <kind>object</kind>
         <file>&lt;internal&gt;</file>
         <name>&lt;internal&gt;</name>
      </input_file>
      <input_file id="fl-11">
         <path>C:\ti\mspm0_sdk_1_20_01_06\source\ti\driverlib\lib\ticlang\m0p\mspm0g1x0x_g3x0x\</path>
         <kind>archive</kind>
         <file>driverlib.a</file>
         <name>dl_common.o</name>
      </input_file>
      <input_file id="fl-1e">
         <path>C:\ti\ccs1230\ccs\tools\compiler\ti-cgt-armllvm_3.2.0.LTS\lib\armv6m-ti-none-eabi\c\</path>
         <kind>archive</kind>
         <file>libc.a</file>
         <name>boot_cortex_m.c.obj</name>
      </input_file>
      <input_file id="fl-1f">
         <path>C:\ti\ccs1230\ccs\tools\compiler\ti-cgt-armllvm_3.2.0.LTS\lib\armv6m-ti-none-eabi\c\</path>
         <kind>archive</kind>
         <file>libc.a</file>
         <name>mathacl_init.c.obj</name>
      </input_file>
      <input_file id="fl-20">
         <path>C:\ti\ccs1230\ccs\tools\compiler\ti-cgt-armllvm_3.2.0.LTS\lib\armv6m-ti-none-eabi\c\</path>
         <kind>archive</kind>
         <file>libc.a</file>
         <name>autoinit.c.obj</name>
      </input_file>
      <input_file id="fl-21">
         <path>C:\ti\ccs1230\ccs\tools\compiler\ti-cgt-armllvm_3.2.0.LTS\lib\armv6m-ti-none-eabi\c\</path>
         <kind>archive</kind>
         <file>libc.a</file>
         <name>pre_init.c.obj</name>
      </input_file>
      <input_file id="fl-22">
         <path>C:\ti\ccs1230\ccs\tools\compiler\ti-cgt-armllvm_3.2.0.LTS\lib\armv6m-ti-none-eabi\c\</path>
         <kind>archive</kind>
         <file>libc.a</file>
         <name>cpy_tbl.c.obj</name>
      </input_file>
      <input_file id="fl-23">
         <path>C:\ti\ccs1230\ccs\tools\compiler\ti-cgt-armllvm_3.2.0.LTS\lib\armv6m-ti-none-eabi\c\</path>
         <kind>archive</kind>
         <file>libc.a</file>
         <name>copy_zero_init.c.obj</name>
      </input_file>
      <input_file id="fl-24">
         <path>C:\ti\ccs1230\ccs\tools\compiler\ti-cgt-armllvm_3.2.0.LTS\lib\armv6m-ti-none-eabi\c\</path>
         <kind>archive</kind>
         <file>libc.a</file>
         <name>copy_decompress_none.c.obj</name>
      </input_file>
      <input_file id="fl-25">
         <path>C:\ti\ccs1230\ccs\tools\compiler\ti-cgt-armllvm_3.2.0.LTS\lib\armv6m-ti-none-eabi\c\</path>
         <kind>archive</kind>
         <file>libc.a</file>
         <name>copy_decompress_lzss.c.obj</name>
      </input_file>
      <input_file id="fl-26">
         <path>C:\ti\ccs1230\ccs\tools\compiler\ti-cgt-armllvm_3.2.0.LTS\lib\armv6m-ti-none-eabi\c\</path>
         <kind>archive</kind>
         <file>libc.a</file>
         <name>exit.c.obj</name>
      </input_file>
      <input_file id="fl-27">
         <path>C:\ti\ccs1230\ccs\tools\compiler\ti-cgt-armllvm_3.2.0.LTS\lib\armv6m-ti-none-eabi\c\</path>
         <kind>archive</kind>
         <file>libc.a</file>
         <name>_lock.c.obj</name>
      </input_file>
      <input_file id="fl-28">
         <path>C:\ti\ccs1230\ccs\tools\compiler\ti-cgt-armllvm_3.2.0.LTS\lib\armv6m-ti-none-eabi\c\</path>
         <kind>archive</kind>
         <file>libc.a</file>
         <name>args_main.c.obj</name>
      </input_file>
      <input_file id="fl-8c">
         <path>C:\ti\ccs1230\ccs\tools\compiler\ti-cgt-armllvm_3.2.0.LTS\lib\clang\15.0.7\lib\armv6m-ti-none-eabi\</path>
         <kind>archive</kind>
         <file>libclang_rt.builtins.a</file>
         <name>aeabi_memcpy.S.obj</name>
      </input_file>
      <input_file id="fl-8d">
         <path>C:\ti\ccs1230\ccs\tools\compiler\ti-cgt-armllvm_3.2.0.LTS\lib\clang\15.0.7\lib\armv6m-ti-none-eabi\</path>
         <kind>archive</kind>
         <file>libclang_rt.builtins.a</file>
         <name>aeabi_memset.S.obj</name>
      </input_file>
      <input_file id="fl-8e">
         <path>C:\ti\ccs1230\ccs\tools\compiler\ti-cgt-armllvm_3.2.0.LTS\lib\armv6m-ti-none-eabi\c\</path>
         <kind>archive</kind>
         <file>libc.a</file>
         <name>memcpy16.S.obj</name>
      </input_file>
      <input_file id="fl-8f">
         <path>C:\ti\ccs1230\ccs\tools\compiler\ti-cgt-armllvm_3.2.0.LTS\lib\armv6m-ti-none-eabi\c\</path>
         <kind>archive</kind>
         <file>libc.a</file>
         <name>memset16.S.obj</name>
      </input_file>
   </input_file_list>
   <object_component_list>
      <object_component id="oc-18">
         <name>.intvecs</name>
         <load_address>0x0</load_address>
         <readonly>true</readonly>
         <run_address>0x0</run_address>
         <size>0xc0</size>
         <alignment>0x4</alignment>
         <input_file_ref idref="fl-3"/>
      </object_component>
      <object_component id="oc-a4">
         <name>.text.SYSCFG_DL_SYSCTL_init</name>
         <load_address>0xc0</load_address>
         <readonly>true</readonly>
         <executable>true</executable>
         <run_address>0xc0</run_address>
         <size>0x40</size>
         <alignment>0x4</alignment>
         <input_file_ref idref="fl-2"/>
      </object_component>
      <object_component id="oc-a2">
         <name>.text.SYSCFG_DL_initPower</name>
         <load_address>0x100</load_address>
         <readonly>true</readonly>
         <executable>true</executable>
         <run_address>0x100</run_address>
         <size>0x2c</size>
         <alignment>0x4</alignment>
         <input_file_ref idref="fl-2"/>
      </object_component>
      <object_component id="oc-4d">
         <name>.text:_c_int00_noinit_noargs</name>
         <load_address>0x12c</load_address>
         <readonly>true</readonly>
         <executable>true</executable>
         <run_address>0x12c</run_address>
         <size>0x20</size>
         <alignment>0x4</alignment>
         <input_file_ref idref="fl-1e"/>
      </object_component>
      <object_component id="oc-b5">
         <name>.text.DL_Common_delayCycles</name>
         <load_address>0x14c</load_address>
         <readonly>true</readonly>
         <executable>true</executable>
         <run_address>0x14c</run_address>
         <size>0x10</size>
         <alignment>0x2</alignment>
         <input_file_ref idref="fl-11"/>
      </object_component>
      <object_component id="oc-7b">
         <name>.text.SYSCFG_DL_init</name>
         <load_address>0x15c</load_address>
         <readonly>true</readonly>
         <executable>true</executable>
         <run_address>0x15c</run_address>
         <size>0x10</size>
         <alignment>0x2</alignment>
         <input_file_ref idref="fl-2"/>
      </object_component>
      <object_component id="oc-63">
         <name>.text.main</name>
         <load_address>0x16c</load_address>
         <readonly>true</readonly>
         <executable>true</executable>
         <run_address>0x16c</run_address>
         <size>0x6</size>
         <alignment>0x2</alignment>
         <input_file_ref idref="fl-1"/>
      </object_component>
      <object_component id="oc-2f">
         <name>.text.Reset_Handler</name>
         <load_address>0x172</load_address>
         <readonly>true</readonly>
         <executable>true</executable>
         <run_address>0x172</run_address>
         <size>0x4</size>
         <alignment>0x2</alignment>
         <input_file_ref idref="fl-3"/>
      </object_component>
      <object_component id="oc-5f">
         <name>.text._system_pre_init</name>
         <load_address>0x176</load_address>
         <readonly>true</readonly>
         <executable>true</executable>
         <run_address>0x176</run_address>
         <size>0x4</size>
         <alignment>0x2</alignment>
         <input_file_ref idref="fl-21"/>
      </object_component>
      <object_component id="oc-82">
         <name>.text:abort</name>
         <load_address>0x17a</load_address>
         <readonly>true</readonly>
         <executable>true</executable>
         <run_address>0x17a</run_address>
         <size>0x4</size>
         <alignment>0x2</alignment>
         <input_file_ref idref="fl-26"/>
      </object_component>
      <object_component id="oc-33">
         <name>.text.Default_Handler</name>
         <load_address>0x17e</load_address>
         <readonly>true</readonly>
         <executable>true</executable>
         <run_address>0x17e</run_address>
         <size>0x2</size>
         <alignment>0x2</alignment>
         <input_file_ref idref="fl-3"/>
      </object_component>
      <object_component id="oc-a3">
         <name>.text.SYSCFG_DL_GPIO_init</name>
         <load_address>0x180</load_address>
         <readonly>true</readonly>
         <executable>true</executable>
         <run_address>0x180</run_address>
         <size>0x2</size>
         <alignment>0x2</alignment>
         <input_file_ref idref="fl-2"/>
      </object_component>
      <object_component id="oc-ff">
         <name>__TI_cinit_table</name>
         <load_address>0x0</load_address>
         <readonly>true</readonly>
         <run_address>0x0</run_address>
         <size>0x0</size>
         <alignment>0x4</alignment>
      </object_component>
      <object_component id="oc-c8">
         <name>.binit</name>
         <load_address>0x0</load_address>
         <readonly>true</readonly>
         <run_address>0x0</run_address>
         <size>0x0</size>
         <alignment>0x4</alignment>
      </object_component>
      <object_component id="oc-1a">
         <name>.stack</name>
         <uninitialized>true</uninitialized>
         <readwrite>true</readwrite>
         <run_address>0x20207e00</run_address>
         <size>0x4</size>
         <alignment>0x4</alignment>
         <input_file_ref idref="fl-1e"/>
      </object_component>
      <object_component id="oc-101">
         <name>.stack</name>
         <uninitialized>true</uninitialized>
         <readwrite>true</readwrite>
         <run_address>0x20207e00</run_address>
         <size>0x0</size>
         <alignment>0x8</alignment>
      </object_component>
      <object_component id="oc-80">
         <name>.debug_abbrev</name>
         <load_address>0x0</load_address>
         <run_address>0x0</run_address>
         <size>0x47</size>
         <alignment>0x1</alignment>
         <input_file_ref idref="fl-1"/>
      </object_component>
      <object_component id="oc-a6">
         <name>.debug_abbrev</name>
         <load_address>0x47</load_address>
         <run_address>0x47</run_address>
         <size>0x1dd</size>
         <alignment>0x1</alignment>
         <input_file_ref idref="fl-2"/>
      </object_component>
      <object_component id="oc-34">
         <name>.debug_abbrev</name>
         <load_address>0x224</load_address>
         <run_address>0x224</run_address>
         <size>0x6d</size>
         <alignment>0x1</alignment>
         <input_file_ref idref="fl-3"/>
      </object_component>
      <object_component id="oc-36">
         <name>.debug_abbrev</name>
         <load_address>0x291</load_address>
         <run_address>0x291</run_address>
         <size>0xaf</size>
         <alignment>0x1</alignment>
         <input_file_ref idref="fl-1e"/>
      </object_component>
      <object_component id="oc-79">
         <name>.debug_abbrev</name>
         <load_address>0x340</load_address>
         <run_address>0x340</run_address>
         <size>0x39</size>
         <alignment>0x1</alignment>
         <input_file_ref idref="fl-21"/>
      </object_component>
      <object_component id="oc-a8">
         <name>.debug_abbrev</name>
         <load_address>0x379</load_address>
         <run_address>0x379</run_address>
         <size>0xb3</size>
         <alignment>0x1</alignment>
         <input_file_ref idref="fl-26"/>
      </object_component>
      <object_component id="oc-103">
         <name>.debug_abbrev</name>
         <load_address>0x42c</load_address>
         <run_address>0x42c</run_address>
         <size>0xf</size>
         <alignment>0x0</alignment>
      </object_component>
      <object_component id="oc-64">
         <name>.debug_info</name>
         <load_address>0x0</load_address>
         <run_address>0x0</run_address>
         <size>0x51</size>
         <alignment>0x1</alignment>
         <input_file_ref idref="fl-1"/>
      </object_component>
      <object_component id="oc-7d">
         <name>.debug_info</name>
         <load_address>0x51</load_address>
         <run_address>0x51</run_address>
         <size>0x1dd1</size>
         <alignment>0x1</alignment>
         <input_file_ref idref="fl-2"/>
      </object_component>
      <object_component id="oc-19">
         <name>.debug_info</name>
         <load_address>0x1e22</load_address>
         <run_address>0x1e22</run_address>
         <size>0x80</size>
         <alignment>0x1</alignment>
         <input_file_ref idref="fl-3"/>
      </object_component>
      <object_component id="oc-1b">
         <name>.debug_info</name>
         <load_address>0x1ea2</load_address>
         <run_address>0x1ea2</run_address>
         <size>0x423</size>
         <alignment>0x1</alignment>
         <input_file_ref idref="fl-1e"/>
      </object_component>
      <object_component id="oc-62">
         <name>.debug_info</name>
         <load_address>0x22c5</load_address>
         <run_address>0x22c5</run_address>
         <size>0x46</size>
         <alignment>0x1</alignment>
         <input_file_ref idref="fl-21"/>
      </object_component>
      <object_component id="oc-86">
         <name>.debug_info</name>
         <load_address>0x230b</load_address>
         <run_address>0x230b</run_address>
         <size>0xed</size>
         <alignment>0x1</alignment>
         <input_file_ref idref="fl-26"/>
      </object_component>
      <object_component id="oc-102">
         <name>.debug_info</name>
         <load_address>0x23f8</load_address>
         <run_address>0x23f8</run_address>
         <size>0xa2</size>
         <alignment>0x0</alignment>
      </object_component>
      <object_component id="oc-81">
         <name>.debug_str</name>
         <load_address>0x0</load_address>
         <run_address>0x0</run_address>
         <size>0xca</size>
         <alignment>0x1</alignment>
         <input_file_ref idref="fl-1"/>
      </object_component>
      <object_component id="oc-a7">
         <name>.debug_str</name>
         <load_address>0xca</load_address>
         <run_address>0xca</run_address>
         <size>0x1096</size>
         <alignment>0x1</alignment>
         <input_file_ref idref="fl-2"/>
      </object_component>
      <object_component id="oc-35">
         <name>.debug_str</name>
         <load_address>0x1160</load_address>
         <run_address>0x1160</run_address>
         <size>0x159</size>
         <alignment>0x1</alignment>
         <input_file_ref idref="fl-3"/>
      </object_component>
      <object_component id="oc-37">
         <name>.debug_str</name>
         <load_address>0x12b9</load_address>
         <run_address>0x12b9</run_address>
         <size>0x225</size>
         <alignment>0x1</alignment>
         <input_file_ref idref="fl-1e"/>
      </object_component>
      <object_component id="oc-7a">
         <name>.debug_str</name>
         <load_address>0x14de</load_address>
         <run_address>0x14de</run_address>
         <size>0xf5</size>
         <alignment>0x1</alignment>
         <input_file_ref idref="fl-21"/>
      </object_component>
      <object_component id="oc-a9">
         <name>.debug_str</name>
         <load_address>0x15d3</load_address>
         <run_address>0x15d3</run_address>
         <size>0x13f</size>
         <alignment>0x1</alignment>
         <input_file_ref idref="fl-26"/>
      </object_component>
      <object_component id="oc-65">
         <name>.debug_frame</name>
         <load_address>0x0</load_address>
         <run_address>0x0</run_address>
         <size>0x20</size>
         <alignment>0x4</alignment>
         <input_file_ref idref="fl-1"/>
      </object_component>
      <object_component id="oc-7f">
         <name>.debug_frame</name>
         <load_address>0x20</load_address>
         <run_address>0x20</run_address>
         <size>0x60</size>
         <alignment>0x4</alignment>
         <input_file_ref idref="fl-2"/>
      </object_component>
      <object_component id="oc-32">
         <name>.debug_frame</name>
         <load_address>0x80</load_address>
         <run_address>0x80</run_address>
         <size>0x30</size>
         <alignment>0x4</alignment>
         <input_file_ref idref="fl-3"/>
      </object_component>
      <object_component id="oc-4e">
         <name>.debug_frame</name>
         <load_address>0xb0</load_address>
         <run_address>0xb0</run_address>
         <size>0x90</size>
         <alignment>0x4</alignment>
         <input_file_ref idref="fl-1e"/>
      </object_component>
      <object_component id="oc-60">
         <name>.debug_frame</name>
         <load_address>0x140</load_address>
         <run_address>0x140</run_address>
         <size>0x20</size>
         <alignment>0x4</alignment>
         <input_file_ref idref="fl-21"/>
      </object_component>
      <object_component id="oc-83">
         <name>.debug_frame</name>
         <load_address>0x160</load_address>
         <run_address>0x160</run_address>
         <size>0x30</size>
         <alignment>0x4</alignment>
         <input_file_ref idref="fl-26"/>
      </object_component>
      <object_component id="oc-66">
         <name>.debug_line</name>
         <load_address>0x0</load_address>
         <run_address>0x0</run_address>
         <size>0x3f</size>
         <alignment>0x1</alignment>
         <input_file_ref idref="fl-1"/>
      </object_component>
      <object_component id="oc-7c">
         <name>.debug_line</name>
         <load_address>0x3f</load_address>
         <run_address>0x3f</run_address>
         <size>0x359</size>
         <alignment>0x1</alignment>
         <input_file_ref idref="fl-2"/>
      </object_component>
      <object_component id="oc-30">
         <name>.debug_line</name>
         <load_address>0x398</load_address>
         <run_address>0x398</run_address>
         <size>0xba</size>
         <alignment>0x1</alignment>
         <input_file_ref idref="fl-3"/>
      </object_component>
      <object_component id="oc-38">
         <name>.debug_line</name>
         <load_address>0x452</load_address>
         <run_address>0x452</run_address>
         <size>0x1fe</size>
         <alignment>0x1</alignment>
         <input_file_ref idref="fl-1e"/>
      </object_component>
      <object_component id="oc-61">
         <name>.debug_line</name>
         <load_address>0x650</load_address>
         <run_address>0x650</run_address>
         <size>0x3e</size>
         <alignment>0x1</alignment>
         <input_file_ref idref="fl-21"/>
      </object_component>
      <object_component id="oc-84">
         <name>.debug_line</name>
         <load_address>0x68e</load_address>
         <run_address>0x68e</run_address>
         <size>0x6b</size>
         <alignment>0x1</alignment>
         <input_file_ref idref="fl-26"/>
      </object_component>
      <object_component id="oc-a5">
         <name>.debug_loc</name>
         <load_address>0x0</load_address>
         <run_address>0x0</run_address>
         <size>0x5c</size>
         <alignment>0x1</alignment>
         <input_file_ref idref="fl-2"/>
      </object_component>
      <object_component id="oc-3a">
         <name>.debug_loc</name>
         <load_address>0x5c</load_address>
         <run_address>0x5c</run_address>
         <size>0xd8</size>
         <alignment>0x1</alignment>
         <input_file_ref idref="fl-1e"/>
      </object_component>
      <object_component id="oc-88">
         <name>.debug_loc</name>
         <load_address>0x134</load_address>
         <run_address>0x134</run_address>
         <size>0x26</size>
         <alignment>0x1</alignment>
         <input_file_ref idref="fl-26"/>
      </object_component>
      <object_component id="oc-7e">
         <name>.debug_ranges</name>
         <load_address>0x0</load_address>
         <run_address>0x0</run_address>
         <size>0x28</size>
         <alignment>0x1</alignment>
         <input_file_ref idref="fl-2"/>
      </object_component>
      <object_component id="oc-31">
         <name>.debug_ranges</name>
         <load_address>0x28</load_address>
         <run_address>0x28</run_address>
         <size>0x18</size>
         <alignment>0x1</alignment>
         <input_file_ref idref="fl-3"/>
      </object_component>
      <object_component id="oc-39">
         <name>.debug_ranges</name>
         <load_address>0x40</load_address>
         <run_address>0x40</run_address>
         <size>0x48</size>
         <alignment>0x1</alignment>
         <input_file_ref idref="fl-1e"/>
      </object_component>
      <object_component id="oc-85">
         <name>.debug_ranges</name>
         <load_address>0x88</load_address>
         <run_address>0x88</run_address>
         <size>0x18</size>
         <alignment>0x1</alignment>
         <input_file_ref idref="fl-26"/>
      </object_component>
   </object_component_list>
   <logical_group_list>
      <logical_group id="lg-2" display="no" color="cyan">
         <name>.intvecs</name>
         <load_address>0x0</load_address>
         <run_address>0x0</run_address>
         <size>0xc0</size>
         <contents>
            <object_component_ref idref="oc-18"/>
         </contents>
      </logical_group>
      <logical_group id="lg-3" display="no" color="cyan">
         <name>.text</name>
         <load_address>0xc0</load_address>
         <run_address>0xc0</run_address>
         <size>0xc8</size>
         <contents>
            <object_component_ref idref="oc-a4"/>
            <object_component_ref idref="oc-a2"/>
            <object_component_ref idref="oc-4d"/>
            <object_component_ref idref="oc-b5"/>
            <object_component_ref idref="oc-7b"/>
            <object_component_ref idref="oc-63"/>
            <object_component_ref idref="oc-2f"/>
            <object_component_ref idref="oc-5f"/>
            <object_component_ref idref="oc-82"/>
            <object_component_ref idref="oc-33"/>
            <object_component_ref idref="oc-a3"/>
         </contents>
      </logical_group>
      <logical_group id="lg-4" display="no" color="cyan">
         <name>.const</name>
         <run_address>0x0</run_address>
         <size>0x0</size>
         <contents>
         </contents>
      </logical_group>
      <logical_group id="lg-5" display="no" color="cyan">
         <name>.cinit</name>
         <load_address>0x0</load_address>
         <run_address>0x0</run_address>
         <size>0x0</size>
         <contents>
            <object_component_ref idref="oc-ff"/>
         </contents>
      </logical_group>
      <logical_group id="lg-6" display="no" color="cyan">
         <name>.pinit</name>
         <run_address>0x0</run_address>
         <size>0x0</size>
         <contents>
         </contents>
      </logical_group>
      <logical_group id="lg-7" display="no" color="cyan">
         <name>.rodata</name>
         <run_address>0x0</run_address>
         <size>0x0</size>
         <contents>
         </contents>
      </logical_group>
      <logical_group id="lg-8" display="no" color="cyan">
         <name>.ARM.exidx</name>
         <run_address>0x0</run_address>
         <size>0x0</size>
         <contents>
         </contents>
      </logical_group>
      <logical_group id="lg-9" display="no" color="cyan">
         <name>.init_array</name>
         <run_address>0x0</run_address>
         <size>0x0</size>
         <contents>
         </contents>
      </logical_group>
      <logical_group id="lg-a" display="no" color="cyan">
         <name>.binit</name>
         <load_address>0x0</load_address>
         <run_address>0x0</run_address>
         <size>0x0</size>
         <contents>
            <object_component_ref idref="oc-c8"/>
         </contents>
      </logical_group>
      <logical_group id="lg-b" display="no" color="cyan">
         <name>.TI.ramfunc</name>
         <run_address>0x0</run_address>
         <size>0x0</size>
         <contents>
         </contents>
      </logical_group>
      <logical_group id="lg-c" display="no" color="cyan">
         <name>.vtable</name>
         <run_address>0x0</run_address>
         <size>0x0</size>
         <contents>
         </contents>
      </logical_group>
      <logical_group id="lg-d" display="no" color="cyan">
         <name>.args</name>
         <run_address>0x0</run_address>
         <size>0x0</size>
         <contents>
         </contents>
      </logical_group>
      <logical_group id="lg-e" display="no" color="cyan">
         <name>.data</name>
         <run_address>0x0</run_address>
         <size>0x0</size>
         <contents>
         </contents>
      </logical_group>
      <logical_group id="lg-f" display="no" color="cyan">
         <name>.bss</name>
         <run_address>0x0</run_address>
         <size>0x0</size>
         <contents>
         </contents>
      </logical_group>
      <logical_group id="lg-10" display="no" color="cyan">
         <name>.sysmem</name>
         <run_address>0x0</run_address>
         <size>0x0</size>
         <contents>
         </contents>
      </logical_group>
      <logical_group id="lg-11" display="no" color="cyan">
         <name>.stack</name>
         <run_address>0x20207e00</run_address>
         <size>0x200</size>
         <contents>
            <object_component_ref idref="oc-1a"/>
            <object_component_ref idref="oc-101"/>
         </contents>
      </logical_group>
      <logical_group id="lg-12" display="no" color="cyan">
         <name>.BCRConfig</name>
         <run_address>0x0</run_address>
         <size>0x0</size>
         <contents>
         </contents>
      </logical_group>
      <logical_group id="lg-13" display="no" color="cyan">
         <name>.BSLConfig</name>
         <run_address>0x0</run_address>
         <size>0x0</size>
         <contents>
         </contents>
      </logical_group>
      <logical_group id="lg-bf" display="no" color="cyan">
         <name>.TI.noinit</name>
         <run_address>0x0</run_address>
         <size>0x0</size>
         <contents>
         </contents>
      </logical_group>
      <logical_group id="lg-c0" display="no" color="cyan">
         <name>.TI.persistent</name>
         <run_address>0x0</run_address>
         <size>0x0</size>
         <contents>
         </contents>
      </logical_group>
      <logical_group id="lg-c1" display="no" color="cyan">
         <name>.TI.local</name>
         <run_address>0x0</run_address>
         <size>0x0</size>
         <contents>
         </contents>
      </logical_group>
      <logical_group id="lg-c2" display="no" color="cyan">
         <name>.TI.onchip</name>
         <run_address>0x0</run_address>
         <size>0x0</size>
         <contents>
         </contents>
      </logical_group>
      <logical_group id="lg-c3" display="no" color="cyan">
         <name>.TI.offchip</name>
         <run_address>0x0</run_address>
         <size>0x0</size>
         <contents>
         </contents>
      </logical_group>
      <logical_group id="lg-c4" display="no" color="cyan">
         <name>__llvm_prf_cnts</name>
         <run_address>0x20200000</run_address>
         <size>0x0</size>
         <contents>
         </contents>
      </logical_group>
      <logical_group id="lg-c6" display="no" color="cyan">
         <name>__llvm_prf_bits</name>
         <run_address>0x20200000</run_address>
         <size>0x0</size>
         <contents>
         </contents>
      </logical_group>
      <logical_group id="lg-e2" display="never" color="cyan">
         <name>.debug_abbrev</name>
         <load_address>0x0</load_address>
         <run_address>0x0</run_address>
         <size>0x43b</size>
         <contents>
            <object_component_ref idref="oc-80"/>
            <object_component_ref idref="oc-a6"/>
            <object_component_ref idref="oc-34"/>
            <object_component_ref idref="oc-36"/>
            <object_component_ref idref="oc-79"/>
            <object_component_ref idref="oc-a8"/>
            <object_component_ref idref="oc-103"/>
         </contents>
      </logical_group>
      <logical_group id="lg-e4" display="never" color="cyan">
         <name>.debug_info</name>
         <load_address>0x0</load_address>
         <run_address>0x0</run_address>
         <size>0x249a</size>
         <contents>
            <object_component_ref idref="oc-64"/>
            <object_component_ref idref="oc-7d"/>
            <object_component_ref idref="oc-19"/>
            <object_component_ref idref="oc-1b"/>
            <object_component_ref idref="oc-62"/>
            <object_component_ref idref="oc-86"/>
            <object_component_ref idref="oc-102"/>
         </contents>
      </logical_group>
      <logical_group id="lg-e6" display="never" color="cyan">
         <name>.debug_str</name>
         <load_address>0x0</load_address>
         <run_address>0x0</run_address>
         <size>0x1712</size>
         <contents>
            <object_component_ref idref="oc-81"/>
            <object_component_ref idref="oc-a7"/>
            <object_component_ref idref="oc-35"/>
            <object_component_ref idref="oc-37"/>
            <object_component_ref idref="oc-7a"/>
            <object_component_ref idref="oc-a9"/>
         </contents>
      </logical_group>
      <logical_group id="lg-e8" display="never" color="cyan">
         <name>.debug_frame</name>
         <load_address>0x0</load_address>
         <run_address>0x0</run_address>
         <size>0x190</size>
         <contents>
            <object_component_ref idref="oc-65"/>
            <object_component_ref idref="oc-7f"/>
            <object_component_ref idref="oc-32"/>
            <object_component_ref idref="oc-4e"/>
            <object_component_ref idref="oc-60"/>
            <object_component_ref idref="oc-83"/>
         </contents>
      </logical_group>
      <logical_group id="lg-ea" display="never" color="cyan">
         <name>.debug_line</name>
         <load_address>0x0</load_address>
         <run_address>0x0</run_address>
         <size>0x6f9</size>
         <contents>
            <object_component_ref idref="oc-66"/>
            <object_component_ref idref="oc-7c"/>
            <object_component_ref idref="oc-30"/>
            <object_component_ref idref="oc-38"/>
            <object_component_ref idref="oc-61"/>
            <object_component_ref idref="oc-84"/>
         </contents>
      </logical_group>
      <logical_group id="lg-ec" display="never" color="cyan">
         <name>.debug_loc</name>
         <load_address>0x0</load_address>
         <run_address>0x0</run_address>
         <size>0x15a</size>
         <contents>
            <object_component_ref idref="oc-a5"/>
            <object_component_ref idref="oc-3a"/>
            <object_component_ref idref="oc-88"/>
         </contents>
      </logical_group>
      <logical_group id="lg-ee" display="never" color="cyan">
         <name>.debug_ranges</name>
         <load_address>0x0</load_address>
         <run_address>0x0</run_address>
         <size>0xa0</size>
         <contents>
            <object_component_ref idref="oc-7e"/>
            <object_component_ref idref="oc-31"/>
            <object_component_ref idref="oc-39"/>
            <object_component_ref idref="oc-85"/>
         </contents>
      </logical_group>
      <logical_group id="lg-100" display="no" color="cyan">
         <name>Veneer$$CMSE</name>
         <run_address>0x0</run_address>
         <size>0x0</size>
         <contents>
         </contents>
      </logical_group>
      <load_segment id="lg-105" display="no" color="cyan">
         <name>SEGMENT_0</name>
         <load_address>0x0</load_address>
         <run_address>0x0</run_address>
         <size>0x188</size>
         <flags>0x5</flags>
         <contents>
            <logical_group_ref idref="lg-2"/>
            <logical_group_ref idref="lg-3"/>
         </contents>
      </load_segment>
      <load_segment id="lg-106" display="no" color="cyan">
         <name>SEGMENT_1</name>
         <run_address>0x20207e00</run_address>
         <size>0x200</size>
         <flags>0x6</flags>
         <contents>
            <logical_group_ref idref="lg-11"/>
         </contents>
      </load_segment>
   </logical_group_list>
   <placement_map>
      <memory_area display="yes" color="green">
         <name>FLASH</name>
         <page_id>0x0</page_id>
         <origin>0x0</origin>
         <length>0x20000</length>
         <used_space>0x188</used_space>
         <unused_space>0x1fe78</unused_space>
         <attributes>RX</attributes>
         <usage_details>
            <allocated_space>
               <start_address>0x0</start_address>
               <size>0x0</size>
               <logical_group_ref idref="lg-5"/>
            </allocated_space>
            <allocated_space>
               <start_address>0x0</start_address>
               <size>0x0</size>
               <logical_group_ref idref="lg-a"/>
            </allocated_space>
            <allocated_space>
               <start_address>0x0</start_address>
               <size>0xc0</size>
               <logical_group_ref idref="lg-2"/>
            </allocated_space>
            <allocated_space>
               <start_address>0xc0</start_address>
               <size>0xc8</size>
               <logical_group_ref idref="lg-3"/>
            </allocated_space>
            <available_space>
               <start_address>0x188</start_address>
               <size>0x1fe78</size>
            </available_space>
         </usage_details>
      </memory_area>
      <memory_area display="yes" color="green">
         <name>SRAM</name>
         <page_id>0x0</page_id>
         <origin>0x20200000</origin>
         <length>0x8000</length>
         <used_space>0x200</used_space>
         <unused_space>0x7e00</unused_space>
         <attributes>RWX</attributes>
         <usage_details>
            <allocated_space>
               <start_address>0x20200000</start_address>
               <size>0x0</size>
               <logical_group_ref idref="lg-c4"/>
            </allocated_space>
            <allocated_space>
               <start_address>0x20200000</start_address>
               <size>0x0</size>
               <logical_group_ref idref="lg-c6"/>
            </allocated_space>
            <available_space>
               <start_address>0x20200000</start_address>
               <size>0x7e00</size>
            </available_space>
            <allocated_space>
               <start_address>0x20207e00</start_address>
               <size>0x200</size>
               <logical_group_ref idref="lg-11"/>
            </allocated_space>
         </usage_details>
      </memory_area>
      <memory_area display="yes" color="green">
         <name>BCR_CONFIG</name>
         <page_id>0x0</page_id>
         <origin>0x41c00000</origin>
         <length>0x80</length>
         <used_space>0x0</used_space>
         <unused_space>0x80</unused_space>
         <attributes>R</attributes>
         <usage_details>
         </usage_details>
      </memory_area>
      <memory_area display="yes" color="green">
         <name>BSL_CONFIG</name>
         <page_id>0x0</page_id>
         <origin>0x41c00100</origin>
         <length>0x80</length>
         <used_space>0x0</used_space>
         <unused_space>0x80</unused_space>
         <attributes>R</attributes>
         <usage_details>
         </usage_details>
      </memory_area>
   </placement_map>
   <symbol_table>
      <symbol id="sm-1">
         <name>__start___llvm_prf_cnts</name>
         <value>0x20200000</value>
      </symbol>
      <symbol id="sm-2">
         <name>__stop___llvm_prf_cnts</name>
         <value>0x20200000</value>
      </symbol>
      <symbol id="sm-3">
         <name>__start___llvm_prf_bits</name>
         <value>0x20200000</value>
      </symbol>
      <symbol id="sm-4">
         <name>__stop___llvm_prf_bits</name>
         <value>0x20200000</value>
      </symbol>
      <symbol id="sm-5">
         <name>__TI_CINIT_Base</name>
         <value>0x0</value>
      </symbol>
      <symbol id="sm-6">
         <name>__TI_CINIT_Limit</name>
         <value>0x0</value>
      </symbol>
      <symbol id="sm-7">
         <name>__TI_CINIT_Warm</name>
         <value>0x0</value>
      </symbol>
      <symbol id="sm-8">
         <name>binit</name>
         <value>0xffffffff</value>
      </symbol>
      <symbol id="sm-9">
         <name>__binit__</name>
         <value>0xffffffff</value>
      </symbol>
      <symbol id="sm-a">
         <name>__STACK_SIZE</name>
         <value>0x200</value>
      </symbol>
      <symbol id="sm-b">
         <name>__STACK_END</name>
         <value>0x20208000</value>
      </symbol>
      <symbol id="sm-c">
         <name>__TI_pprof_out_hndl</name>
         <value>0xffffffff</value>
      </symbol>
      <symbol id="sm-d">
         <name>__TI_prof_data_start</name>
         <value>0xffffffff</value>
      </symbol>
      <symbol id="sm-e">
         <name>__TI_prof_data_size</name>
         <value>0xffffffff</value>
      </symbol>
      <symbol id="sm-f">
         <name>__TI_static_base__</name>
         <value>0x0</value>
      </symbol>
      <symbol id="sm-38">
         <name>main</name>
         <value>0x16d</value>
         <object_component_ref idref="oc-63"/>
      </symbol>
      <symbol id="sm-4a">
         <name>SYSCFG_DL_init</name>
         <value>0x15d</value>
         <object_component_ref idref="oc-7b"/>
      </symbol>
      <symbol id="sm-4b">
         <name>SYSCFG_DL_initPower</name>
         <value>0x101</value>
         <object_component_ref idref="oc-a2"/>
      </symbol>
      <symbol id="sm-4c">
         <name>SYSCFG_DL_GPIO_init</name>
         <value>0x181</value>
         <object_component_ref idref="oc-a3"/>
      </symbol>
      <symbol id="sm-4d">
         <name>SYSCFG_DL_SYSCTL_init</name>
         <value>0xc1</value>
         <object_component_ref idref="oc-a4"/>
      </symbol>
      <symbol id="sm-58">
         <name>Default_Handler</name>
         <value>0x17f</value>
         <object_component_ref idref="oc-33"/>
      </symbol>
      <symbol id="sm-59">
         <name>Reset_Handler</name>
         <value>0x173</value>
         <object_component_ref idref="oc-2f"/>
      </symbol>
      <symbol id="sm-5a">
         <name>interruptVectors</name>
         <value>0x0</value>
         <object_component_ref idref="oc-18"/>
      </symbol>
      <symbol id="sm-5b">
         <name>NMI_Handler</name>
         <value>0x17f</value>
         <object_component_ref idref="oc-33"/>
      </symbol>
      <symbol id="sm-5c">
         <name>HardFault_Handler</name>
         <value>0x17f</value>
         <object_component_ref idref="oc-33"/>
      </symbol>
      <symbol id="sm-5d">
         <name>SVC_Handler</name>
         <value>0x17f</value>
         <object_component_ref idref="oc-33"/>
      </symbol>
      <symbol id="sm-5e">
         <name>PendSV_Handler</name>
         <value>0x17f</value>
         <object_component_ref idref="oc-33"/>
      </symbol>
      <symbol id="sm-5f">
         <name>SysTick_Handler</name>
         <value>0x17f</value>
         <object_component_ref idref="oc-33"/>
      </symbol>
      <symbol id="sm-60">
         <name>GROUP0_IRQHandler</name>
         <value>0x17f</value>
         <object_component_ref idref="oc-33"/>
      </symbol>
      <symbol id="sm-61">
         <name>GROUP1_IRQHandler</name>
         <value>0x17f</value>
         <object_component_ref idref="oc-33"/>
      </symbol>
      <symbol id="sm-62">
         <name>TIMG8_IRQHandler</name>
         <value>0x17f</value>
         <object_component_ref idref="oc-33"/>
      </symbol>
      <symbol id="sm-63">
         <name>UART3_IRQHandler</name>
         <value>0x17f</value>
         <object_component_ref idref="oc-33"/>
      </symbol>
      <symbol id="sm-64">
         <name>ADC0_IRQHandler</name>
         <value>0x17f</value>
         <object_component_ref idref="oc-33"/>
      </symbol>
      <symbol id="sm-65">
         <name>ADC1_IRQHandler</name>
         <value>0x17f</value>
         <object_component_ref idref="oc-33"/>
      </symbol>
      <symbol id="sm-66">
         <name>CANFD0_IRQHandler</name>
         <value>0x17f</value>
         <object_component_ref idref="oc-33"/>
      </symbol>
      <symbol id="sm-67">
         <name>DAC0_IRQHandler</name>
         <value>0x17f</value>
         <object_component_ref idref="oc-33"/>
      </symbol>
      <symbol id="sm-68">
         <name>SPI0_IRQHandler</name>
         <value>0x17f</value>
         <object_component_ref idref="oc-33"/>
      </symbol>
      <symbol id="sm-69">
         <name>SPI1_IRQHandler</name>
         <value>0x17f</value>
         <object_component_ref idref="oc-33"/>
      </symbol>
      <symbol id="sm-6a">
         <name>UART1_IRQHandler</name>
         <value>0x17f</value>
         <object_component_ref idref="oc-33"/>
      </symbol>
      <symbol id="sm-6b">
         <name>UART2_IRQHandler</name>
         <value>0x17f</value>
         <object_component_ref idref="oc-33"/>
      </symbol>
      <symbol id="sm-6c">
         <name>UART0_IRQHandler</name>
         <value>0x17f</value>
         <object_component_ref idref="oc-33"/>
      </symbol>
      <symbol id="sm-6d">
         <name>TIMG0_IRQHandler</name>
         <value>0x17f</value>
         <object_component_ref idref="oc-33"/>
      </symbol>
      <symbol id="sm-6e">
         <name>TIMG6_IRQHandler</name>
         <value>0x17f</value>
         <object_component_ref idref="oc-33"/>
      </symbol>
      <symbol id="sm-6f">
         <name>TIMA0_IRQHandler</name>
         <value>0x17f</value>
         <object_component_ref idref="oc-33"/>
      </symbol>
      <symbol id="sm-70">
         <name>TIMA1_IRQHandler</name>
         <value>0x17f</value>
         <object_component_ref idref="oc-33"/>
      </symbol>
      <symbol id="sm-71">
         <name>TIMG7_IRQHandler</name>
         <value>0x17f</value>
         <object_component_ref idref="oc-33"/>
      </symbol>
      <symbol id="sm-72">
         <name>TIMG12_IRQHandler</name>
         <value>0x17f</value>
         <object_component_ref idref="oc-33"/>
      </symbol>
      <symbol id="sm-73">
         <name>I2C0_IRQHandler</name>
         <value>0x17f</value>
         <object_component_ref idref="oc-33"/>
      </symbol>
      <symbol id="sm-74">
         <name>I2C1_IRQHandler</name>
         <value>0x17f</value>
         <object_component_ref idref="oc-33"/>
      </symbol>
      <symbol id="sm-75">
         <name>AES_IRQHandler</name>
         <value>0x17f</value>
         <object_component_ref idref="oc-33"/>
      </symbol>
      <symbol id="sm-76">
         <name>RTC_IRQHandler</name>
         <value>0x17f</value>
         <object_component_ref idref="oc-33"/>
      </symbol>
      <symbol id="sm-77">
         <name>DMA_IRQHandler</name>
         <value>0x17f</value>
         <object_component_ref idref="oc-33"/>
      </symbol>
      <symbol id="sm-78">
         <name>__TI_ATRegion0_src_addr</name>
         <value>0x0</value>
      </symbol>
      <symbol id="sm-79">
         <name>__TI_ATRegion0_trg_addr</name>
         <value>0x0</value>
      </symbol>
      <symbol id="sm-7a">
         <name>__TI_ATRegion0_region_sz</name>
         <value>0x0</value>
      </symbol>
      <symbol id="sm-7b">
         <name>__TI_ATRegion1_src_addr</name>
         <value>0x0</value>
      </symbol>
      <symbol id="sm-7c">
         <name>__TI_ATRegion1_trg_addr</name>
         <value>0x0</value>
      </symbol>
      <symbol id="sm-7d">
         <name>__TI_ATRegion1_region_sz</name>
         <value>0x0</value>
      </symbol>
      <symbol id="sm-7e">
         <name>__TI_ATRegion2_src_addr</name>
         <value>0x0</value>
      </symbol>
      <symbol id="sm-7f">
         <name>__TI_ATRegion2_trg_addr</name>
         <value>0x0</value>
      </symbol>
      <symbol id="sm-80">
         <name>__TI_ATRegion2_region_sz</name>
         <value>0x0</value>
      </symbol>
      <symbol id="sm-85">
         <name>DL_Common_delayCycles</name>
         <value>0x14d</value>
         <object_component_ref idref="oc-b5"/>
      </symbol>
      <symbol id="sm-90">
         <name>_c_int00_noinit_noargs</name>
         <value>0x12d</value>
         <object_component_ref idref="oc-4d"/>
      </symbol>
      <symbol id="sm-91">
         <name>__stack</name>
         <value>0x20207e00</value>
         <object_component_ref idref="oc-1a"/>
      </symbol>
      <symbol id="sm-9b">
         <name>_system_pre_init</name>
         <value>0x177</value>
         <object_component_ref idref="oc-5f"/>
      </symbol>
      <symbol id="sm-a9">
         <name>abort</name>
         <value>0x17b</value>
         <object_component_ref idref="oc-82"/>
      </symbol>
      <symbol id="sm-aa">
         <name>C$$EXIT</name>
         <value>0x17a</value>
         <object_component_ref idref="oc-82"/>
      </symbol>
      <symbol id="sm-ad">
         <name>__mpu_init</name>
         <value>0x0</value>
      </symbol>
   </symbol_table>
   <title>Link successful</title>
</link_info>
