<?xml version="1.0" encoding="ISO-8859-1" ?>
<link_info>
   <banner>TI ARM Clang Linker PC v3.2.2.LTS</banner>
   <copyright>Copyright (c) 1996-2018 Texas Instruments Incorporated</copyright>
   <link_time>0x673ad7dd</link_time>
   <link_errors>0x0</link_errors>
   <output_file>C:\Users\roger_lin\Desktop\Meter\adc12_Meter_ver2\Debug\adc12_Meter_ver2.out</output_file>
   <entry_point>
      <name>_c_int00_noargs</name>
      <address>0x9cd</address>
   </entry_point>
   <input_file_list>
      <input_file id="fl-1">
         <path>C:\Users\roger_lin\Desktop\Meter\adc12_Meter_ver2\Debug\.\</path>
         <kind>object</kind>
         <file>adc12_single_conversion.o</file>
         <name>adc12_single_conversion.o</name>
      </input_file>
      <input_file id="fl-2">
         <path>C:\Users\roger_lin\Desktop\Meter\adc12_Meter_ver2\Debug\.\</path>
         <kind>object</kind>
         <file>ti_msp_dl_config.o</file>
         <name>ti_msp_dl_config.o</name>
      </input_file>
      <input_file id="fl-3">
         <path>C:\Users\roger_lin\Desktop\Meter\adc12_Meter_ver2\Debug\.\</path>
         <kind>object</kind>
         <file>startup_mspm0g350x_ticlang.o</file>
         <name>startup_mspm0g350x_ticlang.o</name>
      </input_file>
      <input_file id="fl-10">
         <path>C:\Users\roger_lin\Desktop\Meter\adc12_Meter_ver2\Debug\</path>
         <kind>object</kind>
         <file>&lt;internal&gt;</file>
         <name>&lt;internal&gt;</name>
      </input_file>
      <input_file id="fl-11">
         <path>C:\ti\mspm0_sdk_2_02_00_05\source\ti\driverlib\lib\ticlang\m0p\mspm0g1x0x_g3x0x\</path>
         <kind>archive</kind>
         <file>driverlib.a</file>
         <name>dl_adc12.o</name>
      </input_file>
      <input_file id="fl-12">
         <path>C:\ti\mspm0_sdk_2_02_00_05\source\ti\driverlib\lib\ticlang\m0p\mspm0g1x0x_g3x0x\</path>
         <kind>archive</kind>
         <file>driverlib.a</file>
         <name>dl_common.o</name>
      </input_file>
      <input_file id="fl-13">
         <path>C:\ti\mspm0_sdk_2_02_00_05\source\ti\driverlib\lib\ticlang\m0p\mspm0g1x0x_g3x0x\</path>
         <kind>archive</kind>
         <file>driverlib.a</file>
         <name>dl_timer.o</name>
      </input_file>
      <input_file id="fl-22">
         <path>C:\ti\ccs1280\ccs\tools\compiler\ti-cgt-armllvm_3.2.2.LTS\lib\armv6m-ti-none-eabi\c\</path>
         <kind>archive</kind>
         <file>libc.a</file>
         <name>boot_cortex_m.c.obj</name>
      </input_file>
      <input_file id="fl-23">
         <path>C:\ti\ccs1280\ccs\tools\compiler\ti-cgt-armllvm_3.2.2.LTS\lib\armv6m-ti-none-eabi\c\</path>
         <kind>archive</kind>
         <file>libc.a</file>
         <name>mathacl_init.c.obj</name>
      </input_file>
      <input_file id="fl-24">
         <path>C:\ti\ccs1280\ccs\tools\compiler\ti-cgt-armllvm_3.2.2.LTS\lib\armv6m-ti-none-eabi\c\</path>
         <kind>archive</kind>
         <file>libc.a</file>
         <name>autoinit.c.obj</name>
      </input_file>
      <input_file id="fl-25">
         <path>C:\ti\ccs1280\ccs\tools\compiler\ti-cgt-armllvm_3.2.2.LTS\lib\armv6m-ti-none-eabi\c\</path>
         <kind>archive</kind>
         <file>libc.a</file>
         <name>pre_init.c.obj</name>
      </input_file>
      <input_file id="fl-26">
         <path>C:\ti\ccs1280\ccs\tools\compiler\ti-cgt-armllvm_3.2.2.LTS\lib\armv6m-ti-none-eabi\c\</path>
         <kind>archive</kind>
         <file>libc.a</file>
         <name>cpy_tbl.c.obj</name>
      </input_file>
      <input_file id="fl-27">
         <path>C:\ti\ccs1280\ccs\tools\compiler\ti-cgt-armllvm_3.2.2.LTS\lib\armv6m-ti-none-eabi\c\</path>
         <kind>archive</kind>
         <file>libc.a</file>
         <name>copy_zero_init.c.obj</name>
      </input_file>
      <input_file id="fl-28">
         <path>C:\ti\ccs1280\ccs\tools\compiler\ti-cgt-armllvm_3.2.2.LTS\lib\armv6m-ti-none-eabi\c\</path>
         <kind>archive</kind>
         <file>libc.a</file>
         <name>copy_decompress_none.c.obj</name>
      </input_file>
      <input_file id="fl-29">
         <path>C:\ti\ccs1280\ccs\tools\compiler\ti-cgt-armllvm_3.2.2.LTS\lib\armv6m-ti-none-eabi\c\</path>
         <kind>archive</kind>
         <file>libc.a</file>
         <name>copy_decompress_lzss.c.obj</name>
      </input_file>
      <input_file id="fl-2a">
         <path>C:\ti\ccs1280\ccs\tools\compiler\ti-cgt-armllvm_3.2.2.LTS\lib\armv6m-ti-none-eabi\c\</path>
         <kind>archive</kind>
         <file>libc.a</file>
         <name>exit.c.obj</name>
      </input_file>
      <input_file id="fl-2b">
         <path>C:\ti\ccs1280\ccs\tools\compiler\ti-cgt-armllvm_3.2.2.LTS\lib\armv6m-ti-none-eabi\c\</path>
         <kind>archive</kind>
         <file>libc.a</file>
         <name>_lock.c.obj</name>
      </input_file>
      <input_file id="fl-2c">
         <path>C:\ti\ccs1280\ccs\tools\compiler\ti-cgt-armllvm_3.2.2.LTS\lib\armv6m-ti-none-eabi\c\</path>
         <kind>archive</kind>
         <file>libc.a</file>
         <name>args_main.c.obj</name>
      </input_file>
      <input_file id="fl-92">
         <path>C:\ti\ccs1280\ccs\tools\compiler\ti-cgt-armllvm_3.2.2.LTS\lib\clang\15.0.7\lib\armv6m-ti-none-eabi\</path>
         <kind>archive</kind>
         <file>libclang_rt.builtins.a</file>
         <name>addsf3.S.obj</name>
      </input_file>
      <input_file id="fl-93">
         <path>C:\ti\ccs1280\ccs\tools\compiler\ti-cgt-armllvm_3.2.2.LTS\lib\clang\15.0.7\lib\armv6m-ti-none-eabi\</path>
         <kind>archive</kind>
         <file>libclang_rt.builtins.a</file>
         <name>mulsf3.S.obj</name>
      </input_file>
      <input_file id="fl-94">
         <path>C:\ti\ccs1280\ccs\tools\compiler\ti-cgt-armllvm_3.2.2.LTS\lib\clang\15.0.7\lib\armv6m-ti-none-eabi\</path>
         <kind>archive</kind>
         <file>libclang_rt.builtins.a</file>
         <name>divsf3.S.obj</name>
      </input_file>
      <input_file id="fl-95">
         <path>C:\ti\ccs1280\ccs\tools\compiler\ti-cgt-armllvm_3.2.2.LTS\lib\clang\15.0.7\lib\armv6m-ti-none-eabi\</path>
         <kind>archive</kind>
         <file>libclang_rt.builtins.a</file>
         <name>floatunsisf.S.obj</name>
      </input_file>
      <input_file id="fl-96">
         <path>C:\ti\ccs1280\ccs\tools\compiler\ti-cgt-armllvm_3.2.2.LTS\lib\clang\15.0.7\lib\armv6m-ti-none-eabi\</path>
         <kind>archive</kind>
         <file>libclang_rt.builtins.a</file>
         <name>aeabi_memcpy.S.obj</name>
      </input_file>
      <input_file id="fl-97">
         <path>C:\ti\ccs1280\ccs\tools\compiler\ti-cgt-armllvm_3.2.2.LTS\lib\clang\15.0.7\lib\armv6m-ti-none-eabi\</path>
         <kind>archive</kind>
         <file>libclang_rt.builtins.a</file>
         <name>aeabi_memset.S.obj</name>
      </input_file>
      <input_file id="fl-98">
         <path>C:\ti\ccs1280\ccs\tools\compiler\ti-cgt-armllvm_3.2.2.LTS\lib\clang\15.0.7\lib\armv6m-ti-none-eabi\</path>
         <kind>archive</kind>
         <file>libclang_rt.builtins.a</file>
         <name>muldsi3.S.obj</name>
      </input_file>
      <input_file id="fl-99">
         <path>C:\ti\ccs1280\ccs\tools\compiler\ti-cgt-armllvm_3.2.2.LTS\lib\armv6m-ti-none-eabi\c\</path>
         <kind>archive</kind>
         <file>libc.a</file>
         <name>memcpy16.S.obj</name>
      </input_file>
      <input_file id="fl-9a">
         <path>C:\ti\ccs1280\ccs\tools\compiler\ti-cgt-armllvm_3.2.2.LTS\lib\armv6m-ti-none-eabi\c\</path>
         <kind>archive</kind>
         <file>libc.a</file>
         <name>memset16.S.obj</name>
      </input_file>
   </input_file_list>
   <object_component_list>
      <object_component id="oc-18">
         <name>.intvecs</name>
         <load_address>0x0</load_address>
         <readonly>true</readonly>
         <run_address>0x0</run_address>
         <size>0xc0</size>
         <alignment>0x4</alignment>
         <input_file_ref idref="fl-3"/>
      </object_component>
      <object_component id="oc-81">
         <name>.text.main</name>
         <load_address>0xc0</load_address>
         <readonly>true</readonly>
         <executable>true</executable>
         <run_address>0xc0</run_address>
         <size>0x2d0</size>
         <alignment>0x4</alignment>
         <input_file_ref idref="fl-1"/>
      </object_component>
      <object_component id="oc-e7">
         <name>.text.DL_Timer_initTimerMode</name>
         <load_address>0x390</load_address>
         <readonly>true</readonly>
         <executable>true</executable>
         <run_address>0x390</run_address>
         <size>0xe8</size>
         <alignment>0x4</alignment>
         <input_file_ref idref="fl-13"/>
      </object_component>
      <object_component id="oc-67">
         <name>.text</name>
         <load_address>0x478</load_address>
         <readonly>true</readonly>
         <executable>true</executable>
         <run_address>0x478</run_address>
         <size>0xd8</size>
         <alignment>0x4</alignment>
         <input_file_ref idref="fl-92"/>
      </object_component>
      <object_component id="oc-99">
         <name>.text:memcpy</name>
         <load_address>0x550</load_address>
         <readonly>true</readonly>
         <executable>true</executable>
         <run_address>0x550</run_address>
         <size>0x9a</size>
         <alignment>0x1</alignment>
         <input_file_ref idref="fl-99"/>
      </object_component>
      <object_component id="oc-33">
         <name>.text.Default_Handler</name>
         <load_address>0x5ea</load_address>
         <readonly>true</readonly>
         <executable>true</executable>
         <run_address>0x5ea</run_address>
         <size>0x2</size>
         <alignment>0x2</alignment>
         <input_file_ref idref="fl-3"/>
      </object_component>
      <object_component id="oc-63">
         <name>.text.__mulsf3</name>
         <load_address>0x5ec</load_address>
         <readonly>true</readonly>
         <executable>true</executable>
         <run_address>0x5ec</run_address>
         <size>0x8c</size>
         <alignment>0x4</alignment>
         <input_file_ref idref="fl-93"/>
      </object_component>
      <object_component id="oc-5f">
         <name>.text.__divsf3</name>
         <load_address>0x678</load_address>
         <readonly>true</readonly>
         <executable>true</executable>
         <run_address>0x678</run_address>
         <size>0x82</size>
         <alignment>0x4</alignment>
         <input_file_ref idref="fl-94"/>
      </object_component>
      <object_component id="oc-1c">
         <name>.text:decompress:lzss</name>
         <load_address>0x6fc</load_address>
         <readonly>true</readonly>
         <executable>true</executable>
         <run_address>0x6fc</run_address>
         <size>0x78</size>
         <alignment>0x4</alignment>
         <input_file_ref idref="fl-29"/>
      </object_component>
      <object_component id="oc-cd">
         <name>.text.SYSCFG_DL_ADC12_0_init</name>
         <load_address>0x774</load_address>
         <readonly>true</readonly>
         <executable>true</executable>
         <run_address>0x774</run_address>
         <size>0x68</size>
         <alignment>0x4</alignment>
         <input_file_ref idref="fl-2"/>
      </object_component>
      <object_component id="oc-34">
         <name>.text.TIMG6_IRQHandler</name>
         <load_address>0x7dc</load_address>
         <readonly>true</readonly>
         <executable>true</executable>
         <run_address>0x7dc</run_address>
         <size>0x68</size>
         <alignment>0x4</alignment>
         <input_file_ref idref="fl-1"/>
      </object_component>
      <object_component id="oc-ea">
         <name>.text.DL_ADC12_setClockConfig</name>
         <load_address>0x844</load_address>
         <readonly>true</readonly>
         <executable>true</executable>
         <run_address>0x844</run_address>
         <size>0x40</size>
         <alignment>0x4</alignment>
         <input_file_ref idref="fl-11"/>
      </object_component>
      <object_component id="oc-c8">
         <name>.text.SYSCFG_DL_initPower</name>
         <load_address>0x884</load_address>
         <readonly>true</readonly>
         <executable>true</executable>
         <run_address>0x884</run_address>
         <size>0x40</size>
         <alignment>0x4</alignment>
         <input_file_ref idref="fl-2"/>
      </object_component>
      <object_component id="oc-ae">
         <name>.text:__TI_auto_init_nobinit_nopinit</name>
         <load_address>0x8c4</load_address>
         <readonly>true</readonly>
         <executable>true</executable>
         <run_address>0x8c4</run_address>
         <size>0x3c</size>
         <alignment>0x4</alignment>
         <input_file_ref idref="fl-24"/>
      </object_component>
      <object_component id="oc-8e">
         <name>.text.__muldsi3</name>
         <load_address>0x900</load_address>
         <readonly>true</readonly>
         <executable>true</executable>
         <run_address>0x900</run_address>
         <size>0x3a</size>
         <alignment>0x4</alignment>
         <input_file_ref idref="fl-98"/>
      </object_component>
      <object_component id="oc-cc">
         <name>.text.SYSCFG_DL_TIMER_0_init</name>
         <load_address>0x93c</load_address>
         <readonly>true</readonly>
         <executable>true</executable>
         <run_address>0x93c</run_address>
         <size>0x38</size>
         <alignment>0x4</alignment>
         <input_file_ref idref="fl-2"/>
      </object_component>
      <object_component id="oc-ca">
         <name>.text.SYSCFG_DL_SYSCTL_init</name>
         <load_address>0x974</load_address>
         <readonly>true</readonly>
         <executable>true</executable>
         <run_address>0x974</run_address>
         <size>0x30</size>
         <alignment>0x4</alignment>
         <input_file_ref idref="fl-2"/>
      </object_component>
      <object_component id="oc-5b">
         <name>.text.__floatunsisf</name>
         <load_address>0x9a4</load_address>
         <readonly>true</readonly>
         <executable>true</executable>
         <run_address>0x9a4</run_address>
         <size>0x28</size>
         <alignment>0x4</alignment>
         <input_file_ref idref="fl-95"/>
      </object_component>
      <object_component id="oc-54">
         <name>.text:_c_int00_noargs</name>
         <load_address>0x9cc</load_address>
         <readonly>true</readonly>
         <executable>true</executable>
         <run_address>0x9cc</run_address>
         <size>0x28</size>
         <alignment>0x4</alignment>
         <input_file_ref idref="fl-22"/>
      </object_component>
      <object_component id="oc-9e">
         <name>.text.SYSCFG_DL_init</name>
         <load_address>0x9f4</load_address>
         <readonly>true</readonly>
         <executable>true</executable>
         <run_address>0x9f4</run_address>
         <size>0x24</size>
         <alignment>0x4</alignment>
         <input_file_ref idref="fl-2"/>
      </object_component>
      <object_component id="oc-e1">
         <name>.text.DL_Timer_setClockConfig</name>
         <load_address>0xa18</load_address>
         <readonly>true</readonly>
         <executable>true</executable>
         <run_address>0xa18</run_address>
         <size>0x1c</size>
         <alignment>0x4</alignment>
         <input_file_ref idref="fl-13"/>
      </object_component>
      <object_component id="oc-c9">
         <name>.text.SYSCFG_DL_GPIO_init</name>
         <load_address>0xa34</load_address>
         <readonly>true</readonly>
         <executable>true</executable>
         <run_address>0xa34</run_address>
         <size>0x18</size>
         <alignment>0x4</alignment>
         <input_file_ref idref="fl-2"/>
      </object_component>
      <object_component id="oc-4b">
         <name>.text:decompress:ZI:__TI_zero_init_nomemset</name>
         <load_address>0xa4c</load_address>
         <readonly>true</readonly>
         <executable>true</executable>
         <run_address>0xa4c</run_address>
         <size>0x16</size>
         <alignment>0x2</alignment>
         <input_file_ref idref="fl-27"/>
      </object_component>
      <object_component id="oc-20">
         <name>.text:decompress:none</name>
         <load_address>0xa62</load_address>
         <readonly>true</readonly>
         <executable>true</executable>
         <run_address>0xa62</run_address>
         <size>0x12</size>
         <alignment>0x2</alignment>
         <input_file_ref idref="fl-28"/>
      </object_component>
      <object_component id="oc-a3">
         <name>.text.DL_Common_delayCycles</name>
         <load_address>0xa74</load_address>
         <readonly>true</readonly>
         <executable>true</executable>
         <run_address>0xa74</run_address>
         <size>0xa</size>
         <alignment>0x2</alignment>
         <input_file_ref idref="fl-12"/>
      </object_component>
      <object_component id="oc-44">
         <name>.text.__aeabi_memcpy</name>
         <load_address>0xa80</load_address>
         <readonly>true</readonly>
         <executable>true</executable>
         <run_address>0xa80</run_address>
         <size>0x8</size>
         <alignment>0x4</alignment>
         <input_file_ref idref="fl-96"/>
      </object_component>
      <object_component id="oc-2f">
         <name>.text.Reset_Handler</name>
         <load_address>0xa88</load_address>
         <readonly>true</readonly>
         <executable>true</executable>
         <run_address>0xa88</run_address>
         <size>0x4</size>
         <alignment>0x2</alignment>
         <input_file_ref idref="fl-3"/>
      </object_component>
      <object_component id="oc-7d">
         <name>.text._system_pre_init</name>
         <load_address>0xa8c</load_address>
         <readonly>true</readonly>
         <executable>true</executable>
         <run_address>0xa8c</run_address>
         <size>0x4</size>
         <alignment>0x2</alignment>
         <input_file_ref idref="fl-25"/>
      </object_component>
      <object_component id="oc-a7">
         <name>.text:abort</name>
         <load_address>0xa90</load_address>
         <readonly>true</readonly>
         <executable>true</executable>
         <run_address>0xa90</run_address>
         <size>0x4</size>
         <alignment>0x2</alignment>
         <input_file_ref idref="fl-2a"/>
      </object_component>
      <object_component id="oc-13d">
         <name>__TI_handler_table</name>
         <load_address>0xab8</load_address>
         <readonly>true</readonly>
         <run_address>0xab8</run_address>
         <size>0xc</size>
         <alignment>0x4</alignment>
      </object_component>
      <object_component id="oc-140">
         <name>.cinit..bss.load</name>
         <load_address>0xac4</load_address>
         <readonly>true</readonly>
         <run_address>0xac4</run_address>
         <size>0x8</size>
         <alignment>0x4</alignment>
      </object_component>
      <object_component id="oc-13f">
         <name>.cinit..data.load</name>
         <load_address>0xacc</load_address>
         <readonly>true</readonly>
         <run_address>0xacc</run_address>
         <size>0x8</size>
         <alignment>0x1</alignment>
      </object_component>
      <object_component id="oc-13e">
         <name>__TI_cinit_table</name>
         <load_address>0xad4</load_address>
         <readonly>true</readonly>
         <run_address>0xad4</run_address>
         <size>0x10</size>
         <alignment>0x4</alignment>
      </object_component>
      <object_component id="oc-e9">
         <name>.rodata.gTIMER_0TimerConfig</name>
         <load_address>0xa98</load_address>
         <readonly>true</readonly>
         <run_address>0xa98</run_address>
         <size>0x14</size>
         <alignment>0x4</alignment>
         <input_file_ref idref="fl-2"/>
      </object_component>
      <object_component id="oc-f0">
         <name>.rodata.gADC12_0ClockConfig</name>
         <load_address>0xaac</load_address>
         <readonly>true</readonly>
         <run_address>0xaac</run_address>
         <size>0x8</size>
         <alignment>0x4</alignment>
         <input_file_ref idref="fl-2"/>
      </object_component>
      <object_component id="oc-e8">
         <name>.rodata.gTIMER_0ClockConfig</name>
         <load_address>0xab4</load_address>
         <readonly>true</readonly>
         <run_address>0xab4</run_address>
         <size>0x3</size>
         <alignment>0x1</alignment>
         <input_file_ref idref="fl-2"/>
      </object_component>
      <object_component id="oc-107">
         <name>.binit</name>
         <load_address>0x0</load_address>
         <readonly>true</readonly>
         <run_address>0x0</run_address>
         <size>0x0</size>
         <alignment>0x4</alignment>
      </object_component>
      <object_component id="oc-6c">
         <name>.data.V_REF</name>
         <load_address>0x202000b4</load_address>
         <readwrite>true</readwrite>
         <run_address>0x202000b4</run_address>
         <size>0x4</size>
         <alignment>0x4</alignment>
         <input_file_ref idref="fl-1"/>
      </object_component>
      <object_component id="oc-6f">
         <name>.common:GAIN</name>
         <uninitialized>true</uninitialized>
         <readwrite>true</readwrite>
         <run_address>0x202000a0</run_address>
         <size>0x4</size>
         <alignment>0x4</alignment>
      </object_component>
      <object_component id="oc-6e">
         <name>.common:OFFSET</name>
         <uninitialized>true</uninitialized>
         <readwrite>true</readwrite>
         <run_address>0x202000a4</run_address>
         <size>0x4</size>
         <alignment>0x4</alignment>
      </object_component>
      <object_component id="oc-6b">
         <name>.common:AdcResult</name>
         <uninitialized>true</uninitialized>
         <readwrite>true</readwrite>
         <run_address>0x202000b0</run_address>
         <size>0x2</size>
         <alignment>0x2</alignment>
      </object_component>
      <object_component id="oc-6d">
         <name>.common:measured_voltage</name>
         <uninitialized>true</uninitialized>
         <readwrite>true</readwrite>
         <run_address>0x202000ac</run_address>
         <size>0x4</size>
         <alignment>0x4</alignment>
      </object_component>
      <object_component id="oc-70">
         <name>.common:corrected_voltage</name>
         <uninitialized>true</uninitialized>
         <readwrite>true</readwrite>
         <run_address>0x202000a8</run_address>
         <size>0x4</size>
         <alignment>0x4</alignment>
      </object_component>
      <object_component id="oc-ce">
         <name>.common:gTIMER_0Backup</name>
         <uninitialized>true</uninitialized>
         <readwrite>true</readwrite>
         <run_address>0x20200000</run_address>
         <size>0xa0</size>
         <alignment>0x4</alignment>
      </object_component>
      <object_component id="oc-1a">
         <name>.stack</name>
         <uninitialized>true</uninitialized>
         <readwrite>true</readwrite>
         <run_address>0x20207e00</run_address>
         <size>0x4</size>
         <alignment>0x4</alignment>
         <input_file_ref idref="fl-22"/>
      </object_component>
      <object_component id="oc-142">
         <name>.stack</name>
         <uninitialized>true</uninitialized>
         <readwrite>true</readwrite>
         <run_address>0x20207e00</run_address>
         <size>0x0</size>
         <alignment>0x8</alignment>
      </object_component>
      <object_component id="oc-73">
         <name>.debug_loc</name>
         <load_address>0x0</load_address>
         <run_address>0x0</run_address>
         <size>0x82</size>
         <alignment>0x1</alignment>
         <input_file_ref idref="fl-1"/>
      </object_component>
      <object_component id="oc-cb">
         <name>.debug_loc</name>
         <load_address>0x82</load_address>
         <run_address>0x82</run_address>
         <size>0x9d</size>
         <alignment>0x1</alignment>
         <input_file_ref idref="fl-2"/>
      </object_component>
      <object_component id="oc-ee">
         <name>.debug_loc</name>
         <load_address>0x11f</load_address>
         <run_address>0x11f</run_address>
         <size>0xc7</size>
         <alignment>0x1</alignment>
         <input_file_ref idref="fl-11"/>
      </object_component>
      <object_component id="oc-d3">
         <name>.debug_loc</name>
         <load_address>0x1e6</load_address>
         <run_address>0x1e6</run_address>
         <size>0x13</size>
         <alignment>0x1</alignment>
         <input_file_ref idref="fl-12"/>
      </object_component>
      <object_component id="oc-e2">
         <name>.debug_loc</name>
         <load_address>0x1f9</load_address>
         <run_address>0x1f9</run_address>
         <size>0x1879</size>
         <alignment>0x1</alignment>
         <input_file_ref idref="fl-13"/>
      </object_component>
      <object_component id="oc-3f">
         <name>.debug_loc</name>
         <load_address>0x1a72</load_address>
         <run_address>0x1a72</run_address>
         <size>0xd8</size>
         <alignment>0x1</alignment>
         <input_file_ref idref="fl-22"/>
      </object_component>
      <object_component id="oc-b2">
         <name>.debug_loc</name>
         <load_address>0x1b4a</load_address>
         <run_address>0x1b4a</run_address>
         <size>0x480</size>
         <alignment>0x1</alignment>
         <input_file_ref idref="fl-24"/>
      </object_component>
      <object_component id="oc-50">
         <name>.debug_loc</name>
         <load_address>0x1fca</load_address>
         <run_address>0x1fca</run_address>
         <size>0x16c</size>
         <alignment>0x1</alignment>
         <input_file_ref idref="fl-27"/>
      </object_component>
      <object_component id="oc-4a">
         <name>.debug_loc</name>
         <load_address>0x2136</load_address>
         <run_address>0x2136</run_address>
         <size>0x6f</size>
         <alignment>0x1</alignment>
         <input_file_ref idref="fl-28"/>
      </object_component>
      <object_component id="oc-42">
         <name>.debug_loc</name>
         <load_address>0x21a5</load_address>
         <run_address>0x21a5</run_address>
         <size>0x166</size>
         <alignment>0x1</alignment>
         <input_file_ref idref="fl-29"/>
      </object_component>
      <object_component id="oc-ad">
         <name>.debug_loc</name>
         <load_address>0x230b</load_address>
         <run_address>0x230b</run_address>
         <size>0x26</size>
         <alignment>0x1</alignment>
         <input_file_ref idref="fl-2a"/>
      </object_component>
      <object_component id="oc-71">
         <name>.debug_abbrev</name>
         <load_address>0x0</load_address>
         <run_address>0x0</run_address>
         <size>0x23c</size>
         <alignment>0x1</alignment>
         <input_file_ref idref="fl-1"/>
      </object_component>
      <object_component id="oc-cf">
         <name>.debug_abbrev</name>
         <load_address>0x23c</load_address>
         <run_address>0x23c</run_address>
         <size>0x222</size>
         <alignment>0x1</alignment>
         <input_file_ref idref="fl-2"/>
      </object_component>
      <object_component id="oc-39">
         <name>.debug_abbrev</name>
         <load_address>0x45e</load_address>
         <run_address>0x45e</run_address>
         <size>0x6d</size>
         <alignment>0x1</alignment>
         <input_file_ref idref="fl-3"/>
      </object_component>
      <object_component id="oc-fc">
         <name>.debug_abbrev</name>
         <load_address>0x4cb</load_address>
         <run_address>0x4cb</run_address>
         <size>0x171</size>
         <alignment>0x1</alignment>
         <input_file_ref idref="fl-11"/>
      </object_component>
      <object_component id="oc-d1">
         <name>.debug_abbrev</name>
         <load_address>0x63c</load_address>
         <run_address>0x63c</run_address>
         <size>0x62</size>
         <alignment>0x1</alignment>
         <input_file_ref idref="fl-12"/>
      </object_component>
      <object_component id="oc-fa">
         <name>.debug_abbrev</name>
         <load_address>0x69e</load_address>
         <run_address>0x69e</run_address>
         <size>0x23b</size>
         <alignment>0x1</alignment>
         <input_file_ref idref="fl-13"/>
      </object_component>
      <object_component id="oc-3b">
         <name>.debug_abbrev</name>
         <load_address>0x8d9</load_address>
         <run_address>0x8d9</run_address>
         <size>0xaf</size>
         <alignment>0x1</alignment>
         <input_file_ref idref="fl-22"/>
      </object_component>
      <object_component id="oc-da">
         <name>.debug_abbrev</name>
         <load_address>0x988</load_address>
         <run_address>0x988</run_address>
         <size>0x186</size>
         <alignment>0x1</alignment>
         <input_file_ref idref="fl-24"/>
      </object_component>
      <object_component id="oc-9c">
         <name>.debug_abbrev</name>
         <load_address>0xb0e</load_address>
         <run_address>0xb0e</run_address>
         <size>0x39</size>
         <alignment>0x1</alignment>
         <input_file_ref idref="fl-25"/>
      </object_component>
      <object_component id="oc-76">
         <name>.debug_abbrev</name>
         <load_address>0xb47</load_address>
         <run_address>0xb47</run_address>
         <size>0xc2</size>
         <alignment>0x1</alignment>
         <input_file_ref idref="fl-27"/>
      </object_component>
      <object_component id="oc-48">
         <name>.debug_abbrev</name>
         <load_address>0xc09</load_address>
         <run_address>0xc09</run_address>
         <size>0x70</size>
         <alignment>0x1</alignment>
         <input_file_ref idref="fl-28"/>
      </object_component>
      <object_component id="oc-40">
         <name>.debug_abbrev</name>
         <load_address>0xc79</load_address>
         <run_address>0xc79</run_address>
         <size>0x8d</size>
         <alignment>0x1</alignment>
         <input_file_ref idref="fl-29"/>
      </object_component>
      <object_component id="oc-d4">
         <name>.debug_abbrev</name>
         <load_address>0xd06</load_address>
         <run_address>0xd06</run_address>
         <size>0xb3</size>
         <alignment>0x1</alignment>
         <input_file_ref idref="fl-2a"/>
      </object_component>
      <object_component id="oc-93">
         <name>.debug_abbrev</name>
         <load_address>0xdb9</load_address>
         <run_address>0xdb9</run_address>
         <size>0x27</size>
         <alignment>0x1</alignment>
         <input_file_ref idref="fl-92"/>
      </object_component>
      <object_component id="oc-92">
         <name>.debug_abbrev</name>
         <load_address>0xde0</load_address>
         <run_address>0xde0</run_address>
         <size>0x27</size>
         <alignment>0x1</alignment>
         <input_file_ref idref="fl-93"/>
      </object_component>
      <object_component id="oc-8d">
         <name>.debug_abbrev</name>
         <load_address>0xe07</load_address>
         <run_address>0xe07</run_address>
         <size>0x27</size>
         <alignment>0x1</alignment>
         <input_file_ref idref="fl-94"/>
      </object_component>
      <object_component id="oc-8c">
         <name>.debug_abbrev</name>
         <load_address>0xe2e</load_address>
         <run_address>0xe2e</run_address>
         <size>0x27</size>
         <alignment>0x1</alignment>
         <input_file_ref idref="fl-95"/>
      </object_component>
      <object_component id="oc-75">
         <name>.debug_abbrev</name>
         <load_address>0xe55</load_address>
         <run_address>0xe55</run_address>
         <size>0x27</size>
         <alignment>0x1</alignment>
         <input_file_ref idref="fl-96"/>
      </object_component>
      <object_component id="oc-c0">
         <name>.debug_abbrev</name>
         <load_address>0xe7c</load_address>
         <run_address>0xe7c</run_address>
         <size>0x27</size>
         <alignment>0x1</alignment>
         <input_file_ref idref="fl-98"/>
      </object_component>
      <object_component id="oc-c1">
         <name>.debug_abbrev</name>
         <load_address>0xea3</load_address>
         <run_address>0xea3</run_address>
         <size>0x25</size>
         <alignment>0x1</alignment>
         <input_file_ref idref="fl-99"/>
      </object_component>
      <object_component id="oc-144">
         <name>.debug_abbrev</name>
         <load_address>0xec8</load_address>
         <run_address>0xec8</run_address>
         <size>0xf</size>
         <alignment>0x0</alignment>
      </object_component>
      <object_component id="oc-35">
         <name>.debug_info</name>
         <load_address>0x0</load_address>
         <run_address>0x0</run_address>
         <size>0x1167</size>
         <alignment>0x1</alignment>
         <input_file_ref idref="fl-1"/>
      </object_component>
      <object_component id="oc-a1">
         <name>.debug_info</name>
         <load_address>0x1167</load_address>
         <run_address>0x1167</run_address>
         <size>0x33ed</size>
         <alignment>0x1</alignment>
         <input_file_ref idref="fl-2"/>
      </object_component>
      <object_component id="oc-19">
         <name>.debug_info</name>
         <load_address>0x4554</load_address>
         <run_address>0x4554</run_address>
         <size>0x80</size>
         <alignment>0x1</alignment>
         <input_file_ref idref="fl-3"/>
      </object_component>
      <object_component id="oc-ec">
         <name>.debug_info</name>
         <load_address>0x45d4</load_address>
         <run_address>0x45d4</run_address>
         <size>0x731</size>
         <alignment>0x1</alignment>
         <input_file_ref idref="fl-11"/>
      </object_component>
      <object_component id="oc-a4">
         <name>.debug_info</name>
         <load_address>0x4d05</load_address>
         <run_address>0x4d05</run_address>
         <size>0x75</size>
         <alignment>0x1</alignment>
         <input_file_ref idref="fl-12"/>
      </object_component>
      <object_component id="oc-e5">
         <name>.debug_info</name>
         <load_address>0x4d7a</load_address>
         <run_address>0x4d7a</run_address>
         <size>0x2f4b</size>
         <alignment>0x1</alignment>
         <input_file_ref idref="fl-13"/>
      </object_component>
      <object_component id="oc-1b">
         <name>.debug_info</name>
         <load_address>0x7cc5</load_address>
         <run_address>0x7cc5</run_address>
         <size>0x423</size>
         <alignment>0x1</alignment>
         <input_file_ref idref="fl-22"/>
      </object_component>
      <object_component id="oc-b1">
         <name>.debug_info</name>
         <load_address>0x80e8</load_address>
         <run_address>0x80e8</run_address>
         <size>0x74a</size>
         <alignment>0x1</alignment>
         <input_file_ref idref="fl-24"/>
      </object_component>
      <object_component id="oc-7e">
         <name>.debug_info</name>
         <load_address>0x8832</load_address>
         <run_address>0x8832</run_address>
         <size>0x46</size>
         <alignment>0x1</alignment>
         <input_file_ref idref="fl-25"/>
      </object_component>
      <object_component id="oc-4f">
         <name>.debug_info</name>
         <load_address>0x8878</load_address>
         <run_address>0x8878</run_address>
         <size>0x192</size>
         <alignment>0x1</alignment>
         <input_file_ref idref="fl-27"/>
      </object_component>
      <object_component id="oc-23">
         <name>.debug_info</name>
         <load_address>0x8a0a</load_address>
         <run_address>0x8a0a</run_address>
         <size>0xc6</size>
         <alignment>0x1</alignment>
         <input_file_ref idref="fl-28"/>
      </object_component>
      <object_component id="oc-1d">
         <name>.debug_info</name>
         <load_address>0x8ad0</load_address>
         <run_address>0x8ad0</run_address>
         <size>0x180</size>
         <alignment>0x1</alignment>
         <input_file_ref idref="fl-29"/>
      </object_component>
      <object_component id="oc-aa">
         <name>.debug_info</name>
         <load_address>0x8c50</load_address>
         <run_address>0x8c50</run_address>
         <size>0xed</size>
         <alignment>0x1</alignment>
         <input_file_ref idref="fl-2a"/>
      </object_component>
      <object_component id="oc-69">
         <name>.debug_info</name>
         <load_address>0x8d3d</load_address>
         <run_address>0x8d3d</run_address>
         <size>0x1ac</size>
         <alignment>0x1</alignment>
         <input_file_ref idref="fl-92"/>
      </object_component>
      <object_component id="oc-65">
         <name>.debug_info</name>
         <load_address>0x8ee9</load_address>
         <run_address>0x8ee9</run_address>
         <size>0x192</size>
         <alignment>0x1</alignment>
         <input_file_ref idref="fl-93"/>
      </object_component>
      <object_component id="oc-61">
         <name>.debug_info</name>
         <load_address>0x907b</load_address>
         <run_address>0x907b</run_address>
         <size>0x192</size>
         <alignment>0x1</alignment>
         <input_file_ref idref="fl-94"/>
      </object_component>
      <object_component id="oc-5e">
         <name>.debug_info</name>
         <load_address>0x920d</load_address>
         <run_address>0x920d</run_address>
         <size>0x19c</size>
         <alignment>0x1</alignment>
         <input_file_ref idref="fl-95"/>
      </object_component>
      <object_component id="oc-47">
         <name>.debug_info</name>
         <load_address>0x93a9</load_address>
         <run_address>0x93a9</run_address>
         <size>0x19e</size>
         <alignment>0x1</alignment>
         <input_file_ref idref="fl-96"/>
      </object_component>
      <object_component id="oc-8f">
         <name>.debug_info</name>
         <load_address>0x9547</load_address>
         <run_address>0x9547</run_address>
         <size>0x194</size>
         <alignment>0x1</alignment>
         <input_file_ref idref="fl-98"/>
      </object_component>
      <object_component id="oc-98">
         <name>.debug_info</name>
         <load_address>0x96db</load_address>
         <run_address>0x96db</run_address>
         <size>0x2fa</size>
         <alignment>0x1</alignment>
         <input_file_ref idref="fl-99"/>
      </object_component>
      <object_component id="oc-143">
         <name>.debug_info</name>
         <load_address>0x99d5</load_address>
         <run_address>0x99d5</run_address>
         <size>0xab</size>
         <alignment>0x0</alignment>
      </object_component>
      <object_component id="oc-36">
         <name>.debug_ranges</name>
         <load_address>0x0</load_address>
         <run_address>0x0</run_address>
         <size>0x5e8</size>
         <alignment>0x1</alignment>
         <input_file_ref idref="fl-1"/>
      </object_component>
      <object_component id="oc-9f">
         <name>.debug_ranges</name>
         <load_address>0x5e8</load_address>
         <run_address>0x5e8</run_address>
         <size>0x48</size>
         <alignment>0x1</alignment>
         <input_file_ref idref="fl-2"/>
      </object_component>
      <object_component id="oc-31">
         <name>.debug_ranges</name>
         <load_address>0x630</load_address>
         <run_address>0x630</run_address>
         <size>0x18</size>
         <alignment>0x1</alignment>
         <input_file_ref idref="fl-3"/>
      </object_component>
      <object_component id="oc-ed">
         <name>.debug_ranges</name>
         <load_address>0x648</load_address>
         <run_address>0x648</run_address>
         <size>0x18</size>
         <alignment>0x1</alignment>
         <input_file_ref idref="fl-11"/>
      </object_component>
      <object_component id="oc-e4">
         <name>.debug_ranges</name>
         <load_address>0x660</load_address>
         <run_address>0x660</run_address>
         <size>0x168</size>
         <alignment>0x1</alignment>
         <input_file_ref idref="fl-13"/>
      </object_component>
      <object_component id="oc-3e">
         <name>.debug_ranges</name>
         <load_address>0x7c8</load_address>
         <run_address>0x7c8</run_address>
         <size>0x48</size>
         <alignment>0x1</alignment>
         <input_file_ref idref="fl-22"/>
      </object_component>
      <object_component id="oc-b3">
         <name>.debug_ranges</name>
         <load_address>0x810</load_address>
         <run_address>0x810</run_address>
         <size>0xa8</size>
         <alignment>0x1</alignment>
         <input_file_ref idref="fl-24"/>
      </object_component>
      <object_component id="oc-4e">
         <name>.debug_ranges</name>
         <load_address>0x8b8</load_address>
         <run_address>0x8b8</run_address>
         <size>0x18</size>
         <alignment>0x1</alignment>
         <input_file_ref idref="fl-27"/>
      </object_component>
      <object_component id="oc-43">
         <name>.debug_ranges</name>
         <load_address>0x8d0</load_address>
         <run_address>0x8d0</run_address>
         <size>0x30</size>
         <alignment>0x1</alignment>
         <input_file_ref idref="fl-29"/>
      </object_component>
      <object_component id="oc-ab">
         <name>.debug_ranges</name>
         <load_address>0x900</load_address>
         <run_address>0x900</run_address>
         <size>0x18</size>
         <alignment>0x1</alignment>
         <input_file_ref idref="fl-2a"/>
      </object_component>
      <object_component id="oc-97">
         <name>.debug_ranges</name>
         <load_address>0x918</load_address>
         <run_address>0x918</run_address>
         <size>0x28</size>
         <alignment>0x1</alignment>
         <input_file_ref idref="fl-99"/>
      </object_component>
      <object_component id="oc-72">
         <name>.debug_str</name>
         <load_address>0x0</load_address>
         <run_address>0x0</run_address>
         <size>0xb1c</size>
         <alignment>0x1</alignment>
         <input_file_ref idref="fl-1"/>
      </object_component>
      <object_component id="oc-d0">
         <name>.debug_str</name>
         <load_address>0xb1c</load_address>
         <run_address>0xb1c</run_address>
         <size>0x2193</size>
         <alignment>0x1</alignment>
         <input_file_ref idref="fl-2"/>
      </object_component>
      <object_component id="oc-3a">
         <name>.debug_str</name>
         <load_address>0x2caf</load_address>
         <run_address>0x2caf</run_address>
         <size>0x162</size>
         <alignment>0x1</alignment>
         <input_file_ref idref="fl-3"/>
      </object_component>
      <object_component id="oc-fd">
         <name>.debug_str</name>
         <load_address>0x2e11</load_address>
         <run_address>0x2e11</run_address>
         <size>0x63b</size>
         <alignment>0x1</alignment>
         <input_file_ref idref="fl-11"/>
      </object_component>
      <object_component id="oc-d2">
         <name>.debug_str</name>
         <load_address>0x344c</load_address>
         <run_address>0x344c</run_address>
         <size>0x177</size>
         <alignment>0x1</alignment>
         <input_file_ref idref="fl-12"/>
      </object_component>
      <object_component id="oc-fb">
         <name>.debug_str</name>
         <load_address>0x35c3</load_address>
         <run_address>0x35c3</run_address>
         <size>0x1c1d</size>
         <alignment>0x1</alignment>
         <input_file_ref idref="fl-13"/>
      </object_component>
      <object_component id="oc-3c">
         <name>.debug_str</name>
         <load_address>0x51e0</load_address>
         <run_address>0x51e0</run_address>
         <size>0x225</size>
         <alignment>0x1</alignment>
         <input_file_ref idref="fl-22"/>
      </object_component>
      <object_component id="oc-db">
         <name>.debug_str</name>
         <load_address>0x5405</load_address>
         <run_address>0x5405</run_address>
         <size>0x32f</size>
         <alignment>0x1</alignment>
         <input_file_ref idref="fl-24"/>
      </object_component>
      <object_component id="oc-9d">
         <name>.debug_str</name>
         <load_address>0x5734</load_address>
         <run_address>0x5734</run_address>
         <size>0xf5</size>
         <alignment>0x1</alignment>
         <input_file_ref idref="fl-25"/>
      </object_component>
      <object_component id="oc-77">
         <name>.debug_str</name>
         <load_address>0x5829</load_address>
         <run_address>0x5829</run_address>
         <size>0x19b</size>
         <alignment>0x1</alignment>
         <input_file_ref idref="fl-27"/>
      </object_component>
      <object_component id="oc-49">
         <name>.debug_str</name>
         <load_address>0x59c4</load_address>
         <run_address>0x59c4</run_address>
         <size>0x168</size>
         <alignment>0x1</alignment>
         <input_file_ref idref="fl-28"/>
      </object_component>
      <object_component id="oc-41">
         <name>.debug_str</name>
         <load_address>0x5b2c</load_address>
         <run_address>0x5b2c</run_address>
         <size>0x1d5</size>
         <alignment>0x1</alignment>
         <input_file_ref idref="fl-29"/>
      </object_component>
      <object_component id="oc-d5">
         <name>.debug_str</name>
         <load_address>0x5d01</load_address>
         <run_address>0x5d01</run_address>
         <size>0x13f</size>
         <alignment>0x1</alignment>
         <input_file_ref idref="fl-2a"/>
      </object_component>
      <object_component id="oc-37">
         <name>.debug_frame</name>
         <load_address>0x0</load_address>
         <run_address>0x0</run_address>
         <size>0x68</size>
         <alignment>0x4</alignment>
         <input_file_ref idref="fl-1"/>
      </object_component>
      <object_component id="oc-a2">
         <name>.debug_frame</name>
         <load_address>0x68</load_address>
         <run_address>0x68</run_address>
         <size>0xc0</size>
         <alignment>0x4</alignment>
         <input_file_ref idref="fl-2"/>
      </object_component>
      <object_component id="oc-32">
         <name>.debug_frame</name>
         <load_address>0x128</load_address>
         <run_address>0x128</run_address>
         <size>0x30</size>
         <alignment>0x4</alignment>
         <input_file_ref idref="fl-3"/>
      </object_component>
      <object_component id="oc-ef">
         <name>.debug_frame</name>
         <load_address>0x158</load_address>
         <run_address>0x158</run_address>
         <size>0x4c</size>
         <alignment>0x4</alignment>
         <input_file_ref idref="fl-11"/>
      </object_component>
      <object_component id="oc-a5">
         <name>.debug_frame</name>
         <load_address>0x1a4</load_address>
         <run_address>0x1a4</run_address>
         <size>0x20</size>
         <alignment>0x4</alignment>
         <input_file_ref idref="fl-12"/>
      </object_component>
      <object_component id="oc-e3">
         <name>.debug_frame</name>
         <load_address>0x1c4</load_address>
         <run_address>0x1c4</run_address>
         <size>0x3e0</size>
         <alignment>0x4</alignment>
         <input_file_ref idref="fl-13"/>
      </object_component>
      <object_component id="oc-53">
         <name>.debug_frame</name>
         <load_address>0x5a4</load_address>
         <run_address>0x5a4</run_address>
         <size>0x90</size>
         <alignment>0x4</alignment>
         <input_file_ref idref="fl-22"/>
      </object_component>
      <object_component id="oc-b0">
         <name>.debug_frame</name>
         <load_address>0x634</load_address>
         <run_address>0x634</run_address>
         <size>0x100</size>
         <alignment>0x4</alignment>
         <input_file_ref idref="fl-24"/>
      </object_component>
      <object_component id="oc-7f">
         <name>.debug_frame</name>
         <load_address>0x734</load_address>
         <run_address>0x734</run_address>
         <size>0x20</size>
         <alignment>0x4</alignment>
         <input_file_ref idref="fl-25"/>
      </object_component>
      <object_component id="oc-4d">
         <name>.debug_frame</name>
         <load_address>0x754</load_address>
         <run_address>0x754</run_address>
         <size>0x38</size>
         <alignment>0x4</alignment>
         <input_file_ref idref="fl-27"/>
      </object_component>
      <object_component id="oc-21">
         <name>.debug_frame</name>
         <load_address>0x78c</load_address>
         <run_address>0x78c</run_address>
         <size>0x28</size>
         <alignment>0x4</alignment>
         <input_file_ref idref="fl-28"/>
      </object_component>
      <object_component id="oc-1e">
         <name>.debug_frame</name>
         <load_address>0x7b4</load_address>
         <run_address>0x7b4</run_address>
         <size>0x30</size>
         <alignment>0x4</alignment>
         <input_file_ref idref="fl-29"/>
      </object_component>
      <object_component id="oc-a8">
         <name>.debug_frame</name>
         <load_address>0x7e4</load_address>
         <run_address>0x7e4</run_address>
         <size>0x30</size>
         <alignment>0x4</alignment>
         <input_file_ref idref="fl-2a"/>
      </object_component>
      <object_component id="oc-38">
         <name>.debug_line</name>
         <load_address>0x0</load_address>
         <run_address>0x0</run_address>
         <size>0x1274</size>
         <alignment>0x1</alignment>
         <input_file_ref idref="fl-1"/>
      </object_component>
      <object_component id="oc-a0">
         <name>.debug_line</name>
         <load_address>0x1274</load_address>
         <run_address>0x1274</run_address>
         <size>0x4d9</size>
         <alignment>0x1</alignment>
         <input_file_ref idref="fl-2"/>
      </object_component>
      <object_component id="oc-30">
         <name>.debug_line</name>
         <load_address>0x174d</load_address>
         <run_address>0x174d</run_address>
         <size>0xba</size>
         <alignment>0x1</alignment>
         <input_file_ref idref="fl-3"/>
      </object_component>
      <object_component id="oc-eb">
         <name>.debug_line</name>
         <load_address>0x1807</load_address>
         <run_address>0x1807</run_address>
         <size>0x1f1</size>
         <alignment>0x1</alignment>
         <input_file_ref idref="fl-11"/>
      </object_component>
      <object_component id="oc-a6">
         <name>.debug_line</name>
         <load_address>0x19f8</load_address>
         <run_address>0x19f8</run_address>
         <size>0xe4</size>
         <alignment>0x1</alignment>
         <input_file_ref idref="fl-12"/>
      </object_component>
      <object_component id="oc-e6">
         <name>.debug_line</name>
         <load_address>0x1adc</load_address>
         <run_address>0x1adc</run_address>
         <size>0x15e8</size>
         <alignment>0x1</alignment>
         <input_file_ref idref="fl-13"/>
      </object_component>
      <object_component id="oc-3d">
         <name>.debug_line</name>
         <load_address>0x30c4</load_address>
         <run_address>0x30c4</run_address>
         <size>0x1fe</size>
         <alignment>0x1</alignment>
         <input_file_ref idref="fl-22"/>
      </object_component>
      <object_component id="oc-af">
         <name>.debug_line</name>
         <load_address>0x32c2</load_address>
         <run_address>0x32c2</run_address>
         <size>0x4fb</size>
         <alignment>0x1</alignment>
         <input_file_ref idref="fl-24"/>
      </object_component>
      <object_component id="oc-80">
         <name>.debug_line</name>
         <load_address>0x37bd</load_address>
         <run_address>0x37bd</run_address>
         <size>0x3e</size>
         <alignment>0x1</alignment>
         <input_file_ref idref="fl-25"/>
      </object_component>
      <object_component id="oc-4c">
         <name>.debug_line</name>
         <load_address>0x37fb</load_address>
         <run_address>0x37fb</run_address>
         <size>0xf8</size>
         <alignment>0x1</alignment>
         <input_file_ref idref="fl-27"/>
      </object_component>
      <object_component id="oc-22">
         <name>.debug_line</name>
         <load_address>0x38f3</load_address>
         <run_address>0x38f3</run_address>
         <size>0xbf</size>
         <alignment>0x1</alignment>
         <input_file_ref idref="fl-28"/>
      </object_component>
      <object_component id="oc-1f">
         <name>.debug_line</name>
         <load_address>0x39b2</load_address>
         <run_address>0x39b2</run_address>
         <size>0x1c7</size>
         <alignment>0x1</alignment>
         <input_file_ref idref="fl-29"/>
      </object_component>
      <object_component id="oc-a9">
         <name>.debug_line</name>
         <load_address>0x3b79</load_address>
         <run_address>0x3b79</run_address>
         <size>0x6b</size>
         <alignment>0x1</alignment>
         <input_file_ref idref="fl-2a"/>
      </object_component>
      <object_component id="oc-68">
         <name>.debug_line</name>
         <load_address>0x3be4</load_address>
         <run_address>0x3be4</run_address>
         <size>0x107</size>
         <alignment>0x1</alignment>
         <input_file_ref idref="fl-92"/>
      </object_component>
      <object_component id="oc-64">
         <name>.debug_line</name>
         <load_address>0x3ceb</load_address>
         <run_address>0x3ceb</run_address>
         <size>0xe0</size>
         <alignment>0x1</alignment>
         <input_file_ref idref="fl-93"/>
      </object_component>
      <object_component id="oc-62">
         <name>.debug_line</name>
         <load_address>0x3dcb</load_address>
         <run_address>0x3dcb</run_address>
         <size>0xdc</size>
         <alignment>0x1</alignment>
         <input_file_ref idref="fl-94"/>
      </object_component>
      <object_component id="oc-5d">
         <name>.debug_line</name>
         <load_address>0x3ea7</load_address>
         <run_address>0x3ea7</run_address>
         <size>0xb4</size>
         <alignment>0x1</alignment>
         <input_file_ref idref="fl-95"/>
      </object_component>
      <object_component id="oc-46">
         <name>.debug_line</name>
         <load_address>0x3f5b</load_address>
         <run_address>0x3f5b</run_address>
         <size>0xa4</size>
         <alignment>0x1</alignment>
         <input_file_ref idref="fl-96"/>
      </object_component>
      <object_component id="oc-91">
         <name>.debug_line</name>
         <load_address>0x3fff</load_address>
         <run_address>0x3fff</run_address>
         <size>0xb9</size>
         <alignment>0x1</alignment>
         <input_file_ref idref="fl-98"/>
      </object_component>
      <object_component id="oc-95">
         <name>.debug_line</name>
         <load_address>0x40b8</load_address>
         <run_address>0x40b8</run_address>
         <size>0xa0</size>
         <alignment>0x1</alignment>
         <input_file_ref idref="fl-99"/>
      </object_component>
      <object_component id="oc-6a">
         <name>.debug_aranges</name>
         <load_address>0x0</load_address>
         <run_address>0x0</run_address>
         <size>0x20</size>
         <alignment>0x1</alignment>
         <input_file_ref idref="fl-92"/>
      </object_component>
      <object_component id="oc-66">
         <name>.debug_aranges</name>
         <load_address>0x20</load_address>
         <run_address>0x20</run_address>
         <size>0x20</size>
         <alignment>0x1</alignment>
         <input_file_ref idref="fl-93"/>
      </object_component>
      <object_component id="oc-60">
         <name>.debug_aranges</name>
         <load_address>0x40</load_address>
         <run_address>0x40</run_address>
         <size>0x20</size>
         <alignment>0x1</alignment>
         <input_file_ref idref="fl-94"/>
      </object_component>
      <object_component id="oc-5c">
         <name>.debug_aranges</name>
         <load_address>0x60</load_address>
         <run_address>0x60</run_address>
         <size>0x20</size>
         <alignment>0x1</alignment>
         <input_file_ref idref="fl-95"/>
      </object_component>
      <object_component id="oc-45">
         <name>.debug_aranges</name>
         <load_address>0x80</load_address>
         <run_address>0x80</run_address>
         <size>0x20</size>
         <alignment>0x1</alignment>
         <input_file_ref idref="fl-96"/>
      </object_component>
      <object_component id="oc-90">
         <name>.debug_aranges</name>
         <load_address>0xa0</load_address>
         <run_address>0xa0</run_address>
         <size>0x20</size>
         <alignment>0x1</alignment>
         <input_file_ref idref="fl-98"/>
      </object_component>
      <object_component id="oc-96">
         <name>.debug_aranges</name>
         <load_address>0xc0</load_address>
         <run_address>0xc0</run_address>
         <size>0x28</size>
         <alignment>0x1</alignment>
         <input_file_ref idref="fl-99"/>
      </object_component>
   </object_component_list>
   <logical_group_list>
      <logical_group id="lg-2" display="no" color="cyan">
         <name>.intvecs</name>
         <load_address>0x0</load_address>
         <run_address>0x0</run_address>
         <size>0xc0</size>
         <contents>
            <object_component_ref idref="oc-18"/>
         </contents>
      </logical_group>
      <logical_group id="lg-3" display="no" color="cyan">
         <name>.text</name>
         <load_address>0xc0</load_address>
         <run_address>0xc0</run_address>
         <size>0x9d8</size>
         <contents>
            <object_component_ref idref="oc-81"/>
            <object_component_ref idref="oc-e7"/>
            <object_component_ref idref="oc-67"/>
            <object_component_ref idref="oc-99"/>
            <object_component_ref idref="oc-33"/>
            <object_component_ref idref="oc-63"/>
            <object_component_ref idref="oc-5f"/>
            <object_component_ref idref="oc-1c"/>
            <object_component_ref idref="oc-cd"/>
            <object_component_ref idref="oc-34"/>
            <object_component_ref idref="oc-ea"/>
            <object_component_ref idref="oc-c8"/>
            <object_component_ref idref="oc-ae"/>
            <object_component_ref idref="oc-8e"/>
            <object_component_ref idref="oc-cc"/>
            <object_component_ref idref="oc-ca"/>
            <object_component_ref idref="oc-5b"/>
            <object_component_ref idref="oc-54"/>
            <object_component_ref idref="oc-9e"/>
            <object_component_ref idref="oc-e1"/>
            <object_component_ref idref="oc-c9"/>
            <object_component_ref idref="oc-4b"/>
            <object_component_ref idref="oc-20"/>
            <object_component_ref idref="oc-a3"/>
            <object_component_ref idref="oc-44"/>
            <object_component_ref idref="oc-2f"/>
            <object_component_ref idref="oc-7d"/>
            <object_component_ref idref="oc-a7"/>
         </contents>
      </logical_group>
      <logical_group id="lg-4" display="no" color="cyan">
         <name>.const</name>
         <run_address>0x0</run_address>
         <size>0x0</size>
         <contents>
         </contents>
      </logical_group>
      <logical_group id="lg-5" display="no" color="cyan">
         <name>.cinit</name>
         <load_address>0xab8</load_address>
         <run_address>0xab8</run_address>
         <size>0x30</size>
         <contents>
            <object_component_ref idref="oc-13d"/>
            <object_component_ref idref="oc-140"/>
            <object_component_ref idref="oc-13f"/>
            <object_component_ref idref="oc-13e"/>
         </contents>
      </logical_group>
      <logical_group id="lg-6" display="no" color="cyan">
         <name>.pinit</name>
         <run_address>0x0</run_address>
         <size>0x0</size>
         <contents>
         </contents>
      </logical_group>
      <logical_group id="lg-7" display="no" color="cyan">
         <name>.rodata</name>
         <load_address>0xa98</load_address>
         <run_address>0xa98</run_address>
         <size>0x20</size>
         <contents>
            <object_component_ref idref="oc-e9"/>
            <object_component_ref idref="oc-f0"/>
            <object_component_ref idref="oc-e8"/>
         </contents>
      </logical_group>
      <logical_group id="lg-8" display="no" color="cyan">
         <name>.ARM.exidx</name>
         <run_address>0x0</run_address>
         <size>0x0</size>
         <contents>
         </contents>
      </logical_group>
      <logical_group id="lg-9" display="no" color="cyan">
         <name>.init_array</name>
         <run_address>0x0</run_address>
         <size>0x0</size>
         <contents>
         </contents>
      </logical_group>
      <logical_group id="lg-a" display="no" color="cyan">
         <name>.binit</name>
         <load_address>0x0</load_address>
         <run_address>0x0</run_address>
         <size>0x0</size>
         <contents>
            <object_component_ref idref="oc-107"/>
         </contents>
      </logical_group>
      <logical_group id="lg-b" display="no" color="cyan">
         <name>.TI.ramfunc</name>
         <run_address>0x0</run_address>
         <size>0x0</size>
         <contents>
         </contents>
      </logical_group>
      <logical_group id="lg-c" display="no" color="cyan">
         <name>.vtable</name>
         <run_address>0x0</run_address>
         <size>0x0</size>
         <contents>
         </contents>
      </logical_group>
      <logical_group id="lg-d" display="no" color="cyan">
         <name>.args</name>
         <run_address>0x0</run_address>
         <size>0x0</size>
         <contents>
         </contents>
      </logical_group>
      <logical_group id="lg-e" display="no" color="cyan">
         <name>.data</name>
         <run_address>0x202000b4</run_address>
         <size>0x4</size>
         <contents>
            <object_component_ref idref="oc-6c"/>
         </contents>
      </logical_group>
      <logical_group id="lg-f" display="no" color="cyan">
         <name>.bss</name>
         <run_address>0x20200000</run_address>
         <size>0xb2</size>
         <contents>
            <object_component_ref idref="oc-6f"/>
            <object_component_ref idref="oc-6e"/>
            <object_component_ref idref="oc-6b"/>
            <object_component_ref idref="oc-6d"/>
            <object_component_ref idref="oc-70"/>
            <object_component_ref idref="oc-ce"/>
         </contents>
      </logical_group>
      <logical_group id="lg-10" display="no" color="cyan">
         <name>.sysmem</name>
         <run_address>0x0</run_address>
         <size>0x0</size>
         <contents>
         </contents>
      </logical_group>
      <logical_group id="lg-11" display="no" color="cyan">
         <name>.stack</name>
         <run_address>0x20207e00</run_address>
         <size>0x200</size>
         <contents>
            <object_component_ref idref="oc-1a"/>
            <object_component_ref idref="oc-142"/>
         </contents>
      </logical_group>
      <logical_group id="lg-12" display="no" color="cyan">
         <name>.BCRConfig</name>
         <run_address>0x0</run_address>
         <size>0x0</size>
         <contents>
         </contents>
      </logical_group>
      <logical_group id="lg-13" display="no" color="cyan">
         <name>.BSLConfig</name>
         <run_address>0x0</run_address>
         <size>0x0</size>
         <contents>
         </contents>
      </logical_group>
      <logical_group id="lg-fe" display="no" color="cyan">
         <name>.TI.noinit</name>
         <run_address>0x0</run_address>
         <size>0x0</size>
         <contents>
         </contents>
      </logical_group>
      <logical_group id="lg-ff" display="no" color="cyan">
         <name>.TI.persistent</name>
         <run_address>0x0</run_address>
         <size>0x0</size>
         <contents>
         </contents>
      </logical_group>
      <logical_group id="lg-100" display="no" color="cyan">
         <name>.TI.local</name>
         <run_address>0x0</run_address>
         <size>0x0</size>
         <contents>
         </contents>
      </logical_group>
      <logical_group id="lg-101" display="no" color="cyan">
         <name>.TI.onchip</name>
         <run_address>0x0</run_address>
         <size>0x0</size>
         <contents>
         </contents>
      </logical_group>
      <logical_group id="lg-102" display="no" color="cyan">
         <name>.TI.offchip</name>
         <run_address>0x0</run_address>
         <size>0x0</size>
         <contents>
         </contents>
      </logical_group>
      <logical_group id="lg-103" display="no" color="cyan">
         <name>__llvm_prf_cnts</name>
         <run_address>0x20200000</run_address>
         <size>0x0</size>
         <contents>
         </contents>
      </logical_group>
      <logical_group id="lg-105" display="no" color="cyan">
         <name>__llvm_prf_bits</name>
         <run_address>0x20200000</run_address>
         <size>0x0</size>
         <contents>
         </contents>
      </logical_group>
      <logical_group id="lg-121" display="never" color="cyan">
         <name>.debug_loc</name>
         <load_address>0x0</load_address>
         <run_address>0x0</run_address>
         <size>0x2331</size>
         <contents>
            <object_component_ref idref="oc-73"/>
            <object_component_ref idref="oc-cb"/>
            <object_component_ref idref="oc-ee"/>
            <object_component_ref idref="oc-d3"/>
            <object_component_ref idref="oc-e2"/>
            <object_component_ref idref="oc-3f"/>
            <object_component_ref idref="oc-b2"/>
            <object_component_ref idref="oc-50"/>
            <object_component_ref idref="oc-4a"/>
            <object_component_ref idref="oc-42"/>
            <object_component_ref idref="oc-ad"/>
         </contents>
      </logical_group>
      <logical_group id="lg-123" display="never" color="cyan">
         <name>.debug_abbrev</name>
         <load_address>0x0</load_address>
         <run_address>0x0</run_address>
         <size>0xed7</size>
         <contents>
            <object_component_ref idref="oc-71"/>
            <object_component_ref idref="oc-cf"/>
            <object_component_ref idref="oc-39"/>
            <object_component_ref idref="oc-fc"/>
            <object_component_ref idref="oc-d1"/>
            <object_component_ref idref="oc-fa"/>
            <object_component_ref idref="oc-3b"/>
            <object_component_ref idref="oc-da"/>
            <object_component_ref idref="oc-9c"/>
            <object_component_ref idref="oc-76"/>
            <object_component_ref idref="oc-48"/>
            <object_component_ref idref="oc-40"/>
            <object_component_ref idref="oc-d4"/>
            <object_component_ref idref="oc-93"/>
            <object_component_ref idref="oc-92"/>
            <object_component_ref idref="oc-8d"/>
            <object_component_ref idref="oc-8c"/>
            <object_component_ref idref="oc-75"/>
            <object_component_ref idref="oc-c0"/>
            <object_component_ref idref="oc-c1"/>
            <object_component_ref idref="oc-144"/>
         </contents>
      </logical_group>
      <logical_group id="lg-125" display="never" color="cyan">
         <name>.debug_info</name>
         <load_address>0x0</load_address>
         <run_address>0x0</run_address>
         <size>0x9a80</size>
         <contents>
            <object_component_ref idref="oc-35"/>
            <object_component_ref idref="oc-a1"/>
            <object_component_ref idref="oc-19"/>
            <object_component_ref idref="oc-ec"/>
            <object_component_ref idref="oc-a4"/>
            <object_component_ref idref="oc-e5"/>
            <object_component_ref idref="oc-1b"/>
            <object_component_ref idref="oc-b1"/>
            <object_component_ref idref="oc-7e"/>
            <object_component_ref idref="oc-4f"/>
            <object_component_ref idref="oc-23"/>
            <object_component_ref idref="oc-1d"/>
            <object_component_ref idref="oc-aa"/>
            <object_component_ref idref="oc-69"/>
            <object_component_ref idref="oc-65"/>
            <object_component_ref idref="oc-61"/>
            <object_component_ref idref="oc-5e"/>
            <object_component_ref idref="oc-47"/>
            <object_component_ref idref="oc-8f"/>
            <object_component_ref idref="oc-98"/>
            <object_component_ref idref="oc-143"/>
         </contents>
      </logical_group>
      <logical_group id="lg-127" display="never" color="cyan">
         <name>.debug_ranges</name>
         <load_address>0x0</load_address>
         <run_address>0x0</run_address>
         <size>0x940</size>
         <contents>
            <object_component_ref idref="oc-36"/>
            <object_component_ref idref="oc-9f"/>
            <object_component_ref idref="oc-31"/>
            <object_component_ref idref="oc-ed"/>
            <object_component_ref idref="oc-e4"/>
            <object_component_ref idref="oc-3e"/>
            <object_component_ref idref="oc-b3"/>
            <object_component_ref idref="oc-4e"/>
            <object_component_ref idref="oc-43"/>
            <object_component_ref idref="oc-ab"/>
            <object_component_ref idref="oc-97"/>
         </contents>
      </logical_group>
      <logical_group id="lg-129" display="never" color="cyan">
         <name>.debug_str</name>
         <load_address>0x0</load_address>
         <run_address>0x0</run_address>
         <size>0x5e40</size>
         <contents>
            <object_component_ref idref="oc-72"/>
            <object_component_ref idref="oc-d0"/>
            <object_component_ref idref="oc-3a"/>
            <object_component_ref idref="oc-fd"/>
            <object_component_ref idref="oc-d2"/>
            <object_component_ref idref="oc-fb"/>
            <object_component_ref idref="oc-3c"/>
            <object_component_ref idref="oc-db"/>
            <object_component_ref idref="oc-9d"/>
            <object_component_ref idref="oc-77"/>
            <object_component_ref idref="oc-49"/>
            <object_component_ref idref="oc-41"/>
            <object_component_ref idref="oc-d5"/>
         </contents>
      </logical_group>
      <logical_group id="lg-12b" display="never" color="cyan">
         <name>.debug_frame</name>
         <load_address>0x0</load_address>
         <run_address>0x0</run_address>
         <size>0x814</size>
         <contents>
            <object_component_ref idref="oc-37"/>
            <object_component_ref idref="oc-a2"/>
            <object_component_ref idref="oc-32"/>
            <object_component_ref idref="oc-ef"/>
            <object_component_ref idref="oc-a5"/>
            <object_component_ref idref="oc-e3"/>
            <object_component_ref idref="oc-53"/>
            <object_component_ref idref="oc-b0"/>
            <object_component_ref idref="oc-7f"/>
            <object_component_ref idref="oc-4d"/>
            <object_component_ref idref="oc-21"/>
            <object_component_ref idref="oc-1e"/>
            <object_component_ref idref="oc-a8"/>
         </contents>
      </logical_group>
      <logical_group id="lg-12d" display="never" color="cyan">
         <name>.debug_line</name>
         <load_address>0x0</load_address>
         <run_address>0x0</run_address>
         <size>0x4158</size>
         <contents>
            <object_component_ref idref="oc-38"/>
            <object_component_ref idref="oc-a0"/>
            <object_component_ref idref="oc-30"/>
            <object_component_ref idref="oc-eb"/>
            <object_component_ref idref="oc-a6"/>
            <object_component_ref idref="oc-e6"/>
            <object_component_ref idref="oc-3d"/>
            <object_component_ref idref="oc-af"/>
            <object_component_ref idref="oc-80"/>
            <object_component_ref idref="oc-4c"/>
            <object_component_ref idref="oc-22"/>
            <object_component_ref idref="oc-1f"/>
            <object_component_ref idref="oc-a9"/>
            <object_component_ref idref="oc-68"/>
            <object_component_ref idref="oc-64"/>
            <object_component_ref idref="oc-62"/>
            <object_component_ref idref="oc-5d"/>
            <object_component_ref idref="oc-46"/>
            <object_component_ref idref="oc-91"/>
            <object_component_ref idref="oc-95"/>
         </contents>
      </logical_group>
      <logical_group id="lg-137" display="never" color="cyan">
         <name>.debug_aranges</name>
         <load_address>0x0</load_address>
         <run_address>0x0</run_address>
         <size>0xe8</size>
         <contents>
            <object_component_ref idref="oc-6a"/>
            <object_component_ref idref="oc-66"/>
            <object_component_ref idref="oc-60"/>
            <object_component_ref idref="oc-5c"/>
            <object_component_ref idref="oc-45"/>
            <object_component_ref idref="oc-90"/>
            <object_component_ref idref="oc-96"/>
         </contents>
      </logical_group>
      <logical_group id="lg-141" display="no" color="cyan">
         <name>Veneer$$CMSE</name>
         <run_address>0x0</run_address>
         <size>0x0</size>
         <contents>
         </contents>
      </logical_group>
      <load_segment id="lg-14b" display="no" color="cyan">
         <name>SEGMENT_0</name>
         <load_address>0x0</load_address>
         <run_address>0x0</run_address>
         <size>0xae8</size>
         <flags>0x5</flags>
         <contents>
            <logical_group_ref idref="lg-2"/>
            <logical_group_ref idref="lg-3"/>
            <logical_group_ref idref="lg-7"/>
            <logical_group_ref idref="lg-5"/>
         </contents>
      </load_segment>
      <load_segment id="lg-14c" display="no" color="cyan">
         <name>SEGMENT_1</name>
         <run_address>0x20200000</run_address>
         <size>0xb8</size>
         <flags>0x6</flags>
         <contents>
            <logical_group_ref idref="lg-f"/>
            <logical_group_ref idref="lg-e"/>
         </contents>
      </load_segment>
      <load_segment id="lg-14d" display="no" color="cyan">
         <name>SEGMENT_2</name>
         <run_address>0x20207e00</run_address>
         <size>0x200</size>
         <flags>0x6</flags>
         <contents>
            <logical_group_ref idref="lg-11"/>
         </contents>
      </load_segment>
   </logical_group_list>
   <placement_map>
      <memory_area display="yes" color="green">
         <name>FLASH</name>
         <page_id>0x0</page_id>
         <origin>0x0</origin>
         <length>0x20000</length>
         <used_space>0xae8</used_space>
         <unused_space>0x1f518</unused_space>
         <attributes>RX</attributes>
         <usage_details>
            <allocated_space>
               <start_address>0x0</start_address>
               <size>0x0</size>
               <logical_group_ref idref="lg-a"/>
            </allocated_space>
            <allocated_space>
               <start_address>0x0</start_address>
               <size>0xc0</size>
               <logical_group_ref idref="lg-2"/>
            </allocated_space>
            <allocated_space>
               <start_address>0xc0</start_address>
               <size>0x9d8</size>
               <logical_group_ref idref="lg-3"/>
            </allocated_space>
            <allocated_space>
               <start_address>0xa98</start_address>
               <size>0x20</size>
               <logical_group_ref idref="lg-7"/>
            </allocated_space>
            <allocated_space>
               <start_address>0xab8</start_address>
               <size>0x30</size>
               <logical_group_ref idref="lg-5"/>
            </allocated_space>
            <available_space>
               <start_address>0xae8</start_address>
               <size>0x1f518</size>
            </available_space>
         </usage_details>
      </memory_area>
      <memory_area display="yes" color="green">
         <name>SRAM</name>
         <page_id>0x0</page_id>
         <origin>0x20200000</origin>
         <length>0x8000</length>
         <used_space>0x2b6</used_space>
         <unused_space>0x7d4a</unused_space>
         <attributes>RWX</attributes>
         <usage_details>
            <allocated_space>
               <start_address>0x20200000</start_address>
               <size>0x0</size>
               <logical_group_ref idref="lg-103"/>
            </allocated_space>
            <allocated_space>
               <start_address>0x20200000</start_address>
               <size>0x0</size>
               <logical_group_ref idref="lg-105"/>
            </allocated_space>
            <allocated_space>
               <start_address>0x20200000</start_address>
               <size>0xb2</size>
               <logical_group_ref idref="lg-f"/>
            </allocated_space>
            <available_space>
               <start_address>0x202000b2</start_address>
               <size>0x2</size>
            </available_space>
            <allocated_space>
               <start_address>0x202000b4</start_address>
               <size>0x4</size>
               <logical_group_ref idref="lg-e"/>
            </allocated_space>
            <available_space>
               <start_address>0x202000b8</start_address>
               <size>0x7d48</size>
            </available_space>
            <allocated_space>
               <start_address>0x20207e00</start_address>
               <size>0x200</size>
               <logical_group_ref idref="lg-11"/>
            </allocated_space>
         </usage_details>
      </memory_area>
      <memory_area display="yes" color="green">
         <name>BCR_CONFIG</name>
         <page_id>0x0</page_id>
         <origin>0x41c00000</origin>
         <length>0x80</length>
         <used_space>0x0</used_space>
         <unused_space>0x80</unused_space>
         <attributes>R</attributes>
         <usage_details>
         </usage_details>
      </memory_area>
      <memory_area display="yes" color="green">
         <name>BSL_CONFIG</name>
         <page_id>0x0</page_id>
         <origin>0x41c00100</origin>
         <length>0x80</length>
         <used_space>0x0</used_space>
         <unused_space>0x80</unused_space>
         <attributes>R</attributes>
         <usage_details>
         </usage_details>
      </memory_area>
   </placement_map>
   <cptbl_list>
      <cptbl>
         <name>__TI_cinit_table</name>
         <cprec>
            <name>.bss</name>
            <load_address>0xac4</load_address>
            <load_size>0x8</load_size>
            <run_address>0x20200000</run_address>
            <run_size>0xb2</run_size>
            <compression>zero_init</compression>
         </cprec>
         <cprec>
            <name>.data</name>
            <load_address>0xacc</load_address>
            <load_size>0x8</load_size>
            <run_address>0x202000b4</run_address>
            <run_size>0x4</run_size>
            <compression>lzss</compression>
         </cprec>
      </cptbl>
   </cptbl_list>
   <handler_table>
      <handler_table_name>__TI_handler_table</handler_table_name>
      <handler>
         <index>0x0</index>
         <name>__TI_decompress_lzss</name>
      </handler>
      <handler>
         <index>0x1</index>
         <name>__TI_decompress_none</name>
      </handler>
      <handler>
         <index>0x2</index>
         <name>__TI_zero_init</name>
      </handler>
   </handler_table>
   <symbol_table>
      <symbol id="sm-1">
         <name>__start___llvm_prf_cnts</name>
         <value>0x20200000</value>
      </symbol>
      <symbol id="sm-2">
         <name>__stop___llvm_prf_cnts</name>
         <value>0x20200000</value>
      </symbol>
      <symbol id="sm-3">
         <name>__start___llvm_prf_bits</name>
         <value>0x20200000</value>
      </symbol>
      <symbol id="sm-4">
         <name>__stop___llvm_prf_bits</name>
         <value>0x20200000</value>
      </symbol>
      <symbol id="sm-5">
         <name>__TI_CINIT_Base</name>
         <value>0xad4</value>
      </symbol>
      <symbol id="sm-6">
         <name>__TI_CINIT_Limit</name>
         <value>0xae4</value>
      </symbol>
      <symbol id="sm-7">
         <name>__TI_CINIT_Warm</name>
         <value>0xae4</value>
      </symbol>
      <symbol id="sm-8">
         <name>__TI_Handler_Table_Base</name>
         <value>0xab8</value>
      </symbol>
      <symbol id="sm-9">
         <name>__TI_Handler_Table_Limit</name>
         <value>0xac4</value>
      </symbol>
      <symbol id="sm-a">
         <name>binit</name>
         <value>0xffffffff</value>
      </symbol>
      <symbol id="sm-b">
         <name>__binit__</name>
         <value>0xffffffff</value>
      </symbol>
      <symbol id="sm-c">
         <name>__STACK_SIZE</name>
         <value>0x200</value>
      </symbol>
      <symbol id="sm-d">
         <name>__STACK_END</name>
         <value>0x20208000</value>
      </symbol>
      <symbol id="sm-e">
         <name>__TI_pprof_out_hndl</name>
         <value>0xffffffff</value>
      </symbol>
      <symbol id="sm-f">
         <name>__TI_prof_data_start</name>
         <value>0xffffffff</value>
      </symbol>
      <symbol id="sm-10">
         <name>__TI_prof_data_size</name>
         <value>0xffffffff</value>
      </symbol>
      <symbol id="sm-40">
         <name>V_REF</name>
         <value>0x202000b4</value>
         <object_component_ref idref="oc-6c"/>
      </symbol>
      <symbol id="sm-41">
         <name>main</name>
         <value>0xc1</value>
         <object_component_ref idref="oc-81"/>
      </symbol>
      <symbol id="sm-42">
         <name>GAIN</name>
         <value>0x202000a0</value>
      </symbol>
      <symbol id="sm-43">
         <name>OFFSET</name>
         <value>0x202000a4</value>
      </symbol>
      <symbol id="sm-44">
         <name>TIMG6_IRQHandler</name>
         <value>0x7dd</value>
         <object_component_ref idref="oc-34"/>
      </symbol>
      <symbol id="sm-45">
         <name>AdcResult</name>
         <value>0x202000b0</value>
      </symbol>
      <symbol id="sm-46">
         <name>measured_voltage</name>
         <value>0x202000ac</value>
      </symbol>
      <symbol id="sm-47">
         <name>corrected_voltage</name>
         <value>0x202000a8</value>
      </symbol>
      <symbol id="sm-67">
         <name>SYSCFG_DL_init</name>
         <value>0x9f5</value>
         <object_component_ref idref="oc-9e"/>
      </symbol>
      <symbol id="sm-68">
         <name>SYSCFG_DL_initPower</name>
         <value>0x885</value>
         <object_component_ref idref="oc-c8"/>
      </symbol>
      <symbol id="sm-69">
         <name>SYSCFG_DL_GPIO_init</name>
         <value>0xa35</value>
         <object_component_ref idref="oc-c9"/>
      </symbol>
      <symbol id="sm-6a">
         <name>SYSCFG_DL_SYSCTL_init</name>
         <value>0x975</value>
         <object_component_ref idref="oc-ca"/>
      </symbol>
      <symbol id="sm-6b">
         <name>SYSCFG_DL_TIMER_0_init</name>
         <value>0x93d</value>
         <object_component_ref idref="oc-cc"/>
      </symbol>
      <symbol id="sm-6c">
         <name>SYSCFG_DL_ADC12_0_init</name>
         <value>0x775</value>
         <object_component_ref idref="oc-cd"/>
      </symbol>
      <symbol id="sm-6d">
         <name>gTIMER_0Backup</name>
         <value>0x20200000</value>
      </symbol>
      <symbol id="sm-78">
         <name>Default_Handler</name>
         <value>0x5eb</value>
         <object_component_ref idref="oc-33"/>
      </symbol>
      <symbol id="sm-79">
         <name>Reset_Handler</name>
         <value>0xa89</value>
         <object_component_ref idref="oc-2f"/>
      </symbol>
      <symbol id="sm-7a">
         <name>interruptVectors</name>
         <value>0x0</value>
         <object_component_ref idref="oc-18"/>
      </symbol>
      <symbol id="sm-7b">
         <name>NMI_Handler</name>
         <value>0x5eb</value>
         <object_component_ref idref="oc-33"/>
      </symbol>
      <symbol id="sm-7c">
         <name>HardFault_Handler</name>
         <value>0x5eb</value>
         <object_component_ref idref="oc-33"/>
      </symbol>
      <symbol id="sm-7d">
         <name>SVC_Handler</name>
         <value>0x5eb</value>
         <object_component_ref idref="oc-33"/>
      </symbol>
      <symbol id="sm-7e">
         <name>PendSV_Handler</name>
         <value>0x5eb</value>
         <object_component_ref idref="oc-33"/>
      </symbol>
      <symbol id="sm-7f">
         <name>SysTick_Handler</name>
         <value>0x5eb</value>
         <object_component_ref idref="oc-33"/>
      </symbol>
      <symbol id="sm-80">
         <name>GROUP0_IRQHandler</name>
         <value>0x5eb</value>
         <object_component_ref idref="oc-33"/>
      </symbol>
      <symbol id="sm-81">
         <name>GROUP1_IRQHandler</name>
         <value>0x5eb</value>
         <object_component_ref idref="oc-33"/>
      </symbol>
      <symbol id="sm-82">
         <name>TIMG8_IRQHandler</name>
         <value>0x5eb</value>
         <object_component_ref idref="oc-33"/>
      </symbol>
      <symbol id="sm-83">
         <name>UART3_IRQHandler</name>
         <value>0x5eb</value>
         <object_component_ref idref="oc-33"/>
      </symbol>
      <symbol id="sm-84">
         <name>ADC0_IRQHandler</name>
         <value>0x5eb</value>
         <object_component_ref idref="oc-33"/>
      </symbol>
      <symbol id="sm-85">
         <name>ADC1_IRQHandler</name>
         <value>0x5eb</value>
         <object_component_ref idref="oc-33"/>
      </symbol>
      <symbol id="sm-86">
         <name>CANFD0_IRQHandler</name>
         <value>0x5eb</value>
         <object_component_ref idref="oc-33"/>
      </symbol>
      <symbol id="sm-87">
         <name>DAC0_IRQHandler</name>
         <value>0x5eb</value>
         <object_component_ref idref="oc-33"/>
      </symbol>
      <symbol id="sm-88">
         <name>SPI0_IRQHandler</name>
         <value>0x5eb</value>
         <object_component_ref idref="oc-33"/>
      </symbol>
      <symbol id="sm-89">
         <name>SPI1_IRQHandler</name>
         <value>0x5eb</value>
         <object_component_ref idref="oc-33"/>
      </symbol>
      <symbol id="sm-8a">
         <name>UART1_IRQHandler</name>
         <value>0x5eb</value>
         <object_component_ref idref="oc-33"/>
      </symbol>
      <symbol id="sm-8b">
         <name>UART2_IRQHandler</name>
         <value>0x5eb</value>
         <object_component_ref idref="oc-33"/>
      </symbol>
      <symbol id="sm-8c">
         <name>UART0_IRQHandler</name>
         <value>0x5eb</value>
         <object_component_ref idref="oc-33"/>
      </symbol>
      <symbol id="sm-8d">
         <name>TIMG0_IRQHandler</name>
         <value>0x5eb</value>
         <object_component_ref idref="oc-33"/>
      </symbol>
      <symbol id="sm-8e">
         <name>TIMA0_IRQHandler</name>
         <value>0x5eb</value>
         <object_component_ref idref="oc-33"/>
      </symbol>
      <symbol id="sm-8f">
         <name>TIMA1_IRQHandler</name>
         <value>0x5eb</value>
         <object_component_ref idref="oc-33"/>
      </symbol>
      <symbol id="sm-90">
         <name>TIMG7_IRQHandler</name>
         <value>0x5eb</value>
         <object_component_ref idref="oc-33"/>
      </symbol>
      <symbol id="sm-91">
         <name>TIMG12_IRQHandler</name>
         <value>0x5eb</value>
         <object_component_ref idref="oc-33"/>
      </symbol>
      <symbol id="sm-92">
         <name>I2C0_IRQHandler</name>
         <value>0x5eb</value>
         <object_component_ref idref="oc-33"/>
      </symbol>
      <symbol id="sm-93">
         <name>I2C1_IRQHandler</name>
         <value>0x5eb</value>
         <object_component_ref idref="oc-33"/>
      </symbol>
      <symbol id="sm-94">
         <name>AES_IRQHandler</name>
         <value>0x5eb</value>
         <object_component_ref idref="oc-33"/>
      </symbol>
      <symbol id="sm-95">
         <name>RTC_IRQHandler</name>
         <value>0x5eb</value>
         <object_component_ref idref="oc-33"/>
      </symbol>
      <symbol id="sm-96">
         <name>DMA_IRQHandler</name>
         <value>0x5eb</value>
         <object_component_ref idref="oc-33"/>
      </symbol>
      <symbol id="sm-97">
         <name>__TI_ATRegion0_src_addr</name>
         <value>0x0</value>
      </symbol>
      <symbol id="sm-98">
         <name>__TI_ATRegion0_trg_addr</name>
         <value>0x0</value>
      </symbol>
      <symbol id="sm-99">
         <name>__TI_ATRegion0_region_sz</name>
         <value>0x0</value>
      </symbol>
      <symbol id="sm-9a">
         <name>__TI_ATRegion1_src_addr</name>
         <value>0x0</value>
      </symbol>
      <symbol id="sm-9b">
         <name>__TI_ATRegion1_trg_addr</name>
         <value>0x0</value>
      </symbol>
      <symbol id="sm-9c">
         <name>__TI_ATRegion1_region_sz</name>
         <value>0x0</value>
      </symbol>
      <symbol id="sm-9d">
         <name>__TI_ATRegion2_src_addr</name>
         <value>0x0</value>
      </symbol>
      <symbol id="sm-9e">
         <name>__TI_ATRegion2_trg_addr</name>
         <value>0x0</value>
      </symbol>
      <symbol id="sm-9f">
         <name>__TI_ATRegion2_region_sz</name>
         <value>0x0</value>
      </symbol>
      <symbol id="sm-aa">
         <name>DL_ADC12_setClockConfig</name>
         <value>0x845</value>
         <object_component_ref idref="oc-ea"/>
      </symbol>
      <symbol id="sm-b3">
         <name>DL_Common_delayCycles</name>
         <value>0xa75</value>
         <object_component_ref idref="oc-a3"/>
      </symbol>
      <symbol id="sm-c3">
         <name>DL_Timer_setClockConfig</name>
         <value>0xa19</value>
         <object_component_ref idref="oc-e1"/>
      </symbol>
      <symbol id="sm-c4">
         <name>DL_Timer_initTimerMode</name>
         <value>0x391</value>
         <object_component_ref idref="oc-e7"/>
      </symbol>
      <symbol id="sm-cf">
         <name>_c_int00_noargs</name>
         <value>0x9cd</value>
         <object_component_ref idref="oc-54"/>
      </symbol>
      <symbol id="sm-d0">
         <name>__stack</name>
         <value>0x20207e00</value>
         <object_component_ref idref="oc-1a"/>
      </symbol>
      <symbol id="sm-dc">
         <name>__TI_auto_init_nobinit_nopinit</name>
         <value>0x8c5</value>
         <object_component_ref idref="oc-ae"/>
      </symbol>
      <symbol id="sm-e4">
         <name>_system_pre_init</name>
         <value>0xa8d</value>
         <object_component_ref idref="oc-7d"/>
      </symbol>
      <symbol id="sm-ef">
         <name>__TI_zero_init_nomemset</name>
         <value>0xa4d</value>
         <object_component_ref idref="oc-4b"/>
      </symbol>
      <symbol id="sm-f8">
         <name>__TI_decompress_none</name>
         <value>0xa63</value>
         <object_component_ref idref="oc-20"/>
      </symbol>
      <symbol id="sm-103">
         <name>__TI_decompress_lzss</name>
         <value>0x6fd</value>
         <object_component_ref idref="oc-1c"/>
      </symbol>
      <symbol id="sm-10d">
         <name>abort</name>
         <value>0xa91</value>
         <object_component_ref idref="oc-a7"/>
      </symbol>
      <symbol id="sm-10e">
         <name>C$$EXIT</name>
         <value>0xa90</value>
         <object_component_ref idref="oc-a7"/>
      </symbol>
      <symbol id="sm-116">
         <name>__aeabi_fadd</name>
         <value>0x483</value>
         <object_component_ref idref="oc-67"/>
      </symbol>
      <symbol id="sm-117">
         <name>__addsf3</name>
         <value>0x483</value>
         <object_component_ref idref="oc-67"/>
      </symbol>
      <symbol id="sm-118">
         <name>__aeabi_fsub</name>
         <value>0x479</value>
         <object_component_ref idref="oc-67"/>
      </symbol>
      <symbol id="sm-119">
         <name>__subsf3</name>
         <value>0x479</value>
         <object_component_ref idref="oc-67"/>
      </symbol>
      <symbol id="sm-11f">
         <name>__aeabi_fmul</name>
         <value>0x5ed</value>
         <object_component_ref idref="oc-63"/>
      </symbol>
      <symbol id="sm-120">
         <name>__mulsf3</name>
         <value>0x5ed</value>
         <object_component_ref idref="oc-63"/>
      </symbol>
      <symbol id="sm-126">
         <name>__aeabi_fdiv</name>
         <value>0x679</value>
         <object_component_ref idref="oc-5f"/>
      </symbol>
      <symbol id="sm-127">
         <name>__divsf3</name>
         <value>0x679</value>
         <object_component_ref idref="oc-5f"/>
      </symbol>
      <symbol id="sm-12d">
         <name>__aeabi_ui2f</name>
         <value>0x9a5</value>
         <object_component_ref idref="oc-5b"/>
      </symbol>
      <symbol id="sm-12e">
         <name>__floatunsisf</name>
         <value>0x9a5</value>
         <object_component_ref idref="oc-5b"/>
      </symbol>
      <symbol id="sm-134">
         <name>__aeabi_memcpy</name>
         <value>0xa81</value>
         <object_component_ref idref="oc-44"/>
      </symbol>
      <symbol id="sm-135">
         <name>__aeabi_memcpy4</name>
         <value>0xa81</value>
         <object_component_ref idref="oc-44"/>
      </symbol>
      <symbol id="sm-136">
         <name>__aeabi_memcpy8</name>
         <value>0xa81</value>
         <object_component_ref idref="oc-44"/>
      </symbol>
      <symbol id="sm-13c">
         <name>__muldsi3</name>
         <value>0x901</value>
         <object_component_ref idref="oc-8e"/>
      </symbol>
      <symbol id="sm-155">
         <name>memcpy</name>
         <value>0x551</value>
         <object_component_ref idref="oc-99"/>
      </symbol>
      <symbol id="sm-156">
         <name>__TI_static_base__</name>
         <value>0x0</value>
      </symbol>
      <symbol id="sm-159">
         <name>__mpu_init</name>
         <value>0x0</value>
      </symbol>
      <symbol id="sm-15a">
         <name>_system_post_cinit</name>
         <value>0x0</value>
      </symbol>
   </symbol_table>
   <title>Link successful</title>
</link_info>
