<?xml version="1.0" encoding="ISO-8859-1" ?>
<link_info>
   <banner>TI ARM Clang Linker PC v2.1.3.LTS</banner>
   <copyright>Copyright (c) 1996-2018 Texas Instruments Incorporated</copyright>
   <link_time>0x658e64a5</link_time>
   <link_errors>0x0</link_errors>
   <output_file>M0G3507_BUCK_EEPROM.out</output_file>
   <entry_point>
      <name>_c_int00_noinit_noargs</name>
      <address>0x39d</address>
   </entry_point>
   <input_file_list>
      <input_file id="fl-1">
         <path>.\</path>
         <kind>object</kind>
         <file>main.o</file>
         <name>main.o</name>
      </input_file>
      <input_file id="fl-2">
         <path>.\syscfg\</path>
         <kind>object</kind>
         <file>ti_msp_dl_config.o</file>
         <name>ti_msp_dl_config.o</name>
      </input_file>
      <input_file id="fl-3">
         <path>.\</path>
         <kind>object</kind>
         <file>startup_mspm0g350x_ticlang.o</file>
         <name>startup_mspm0g350x_ticlang.o</name>
      </input_file>
      <input_file id="fl-4">
         <path>.\ti\driverlib\</path>
         <kind>object</kind>
         <file>dl_adc12.o</file>
         <name>dl_adc12.o</name>
      </input_file>
      <input_file id="fl-5">
         <path>.\ti\driverlib\</path>
         <kind>object</kind>
         <file>dl_aes.o</file>
         <name>dl_aes.o</name>
      </input_file>
      <input_file id="fl-6">
         <path>.\ti\driverlib\</path>
         <kind>object</kind>
         <file>dl_common.o</file>
         <name>dl_common.o</name>
      </input_file>
      <input_file id="fl-7">
         <path>.\ti\driverlib\</path>
         <kind>object</kind>
         <file>dl_crc.o</file>
         <name>dl_crc.o</name>
      </input_file>
      <input_file id="fl-8">
         <path>.\ti\driverlib\</path>
         <kind>object</kind>
         <file>dl_dac12.o</file>
         <name>dl_dac12.o</name>
      </input_file>
      <input_file id="fl-9">
         <path>.\ti\driverlib\</path>
         <kind>object</kind>
         <file>dl_dma.o</file>
         <name>dl_dma.o</name>
      </input_file>
      <input_file id="fl-a">
         <path>.\ti\driverlib\</path>
         <kind>object</kind>
         <file>dl_flashctl.o</file>
         <name>dl_flashctl.o</name>
      </input_file>
      <input_file id="fl-b">
         <path>.\ti\driverlib\</path>
         <kind>object</kind>
         <file>dl_i2c.o</file>
         <name>dl_i2c.o</name>
      </input_file>
      <input_file id="fl-c">
         <path>.\ti\driverlib\</path>
         <kind>object</kind>
         <file>dl_mathacl.o</file>
         <name>dl_mathacl.o</name>
      </input_file>
      <input_file id="fl-d">
         <path>.\ti\driverlib\</path>
         <kind>object</kind>
         <file>dl_mcan.o</file>
         <name>dl_mcan.o</name>
      </input_file>
      <input_file id="fl-e">
         <path>.\ti\driverlib\</path>
         <kind>object</kind>
         <file>dl_opa.o</file>
         <name>dl_opa.o</name>
      </input_file>
      <input_file id="fl-f">
         <path>.\ti\driverlib\</path>
         <kind>object</kind>
         <file>dl_rtc.o</file>
         <name>dl_rtc.o</name>
      </input_file>
      <input_file id="fl-10">
         <path>.\ti\driverlib\</path>
         <kind>object</kind>
         <file>dl_spi.o</file>
         <name>dl_spi.o</name>
      </input_file>
      <input_file id="fl-11">
         <path>.\ti\driverlib\</path>
         <kind>object</kind>
         <file>dl_timer.o</file>
         <name>dl_timer.o</name>
      </input_file>
      <input_file id="fl-12">
         <path>.\ti\driverlib\</path>
         <kind>object</kind>
         <file>dl_trng.o</file>
         <name>dl_trng.o</name>
      </input_file>
      <input_file id="fl-13">
         <path>.\ti\driverlib\</path>
         <kind>object</kind>
         <file>dl_uart.o</file>
         <name>dl_uart.o</name>
      </input_file>
      <input_file id="fl-14">
         <path>.\ti\driverlib\</path>
         <kind>object</kind>
         <file>dl_vref.o</file>
         <name>dl_vref.o</name>
      </input_file>
      <input_file id="fl-15">
         <path>.\ti\driverlib\m0p\</path>
         <kind>object</kind>
         <file>dl_interrupt.o</file>
         <name>dl_interrupt.o</name>
      </input_file>
      <input_file id="fl-16">
         <path>.\ti\driverlib\m0p\sysctl\</path>
         <kind>object</kind>
         <file>dl_sysctl_mspm0c110x.o</file>
         <name>dl_sysctl_mspm0c110x.o</name>
      </input_file>
      <input_file id="fl-17">
         <path>.\ti\driverlib\m0p\sysctl\</path>
         <kind>object</kind>
         <file>dl_sysctl_mspm0g1x0x_g3x0x.o</file>
         <name>dl_sysctl_mspm0g1x0x_g3x0x.o</name>
      </input_file>
      <input_file id="fl-18">
         <path>.\ti\driverlib\m0p\sysctl\</path>
         <kind>object</kind>
         <file>dl_sysctl_mspm0l11xx_l13xx.o</file>
         <name>dl_sysctl_mspm0l11xx_l13xx.o</name>
      </input_file>
      <input_file id="fl-25">
         <kind>object</kind>
         <file>&lt;internal&gt;</file>
         <name>&lt;internal&gt;</name>
      </input_file>
      <input_file id="fl-31">
         <path>C:\ti\ccs1230\ccs\tools\compiler\ti-cgt-armllvm_2.1.3.LTS\lib\armv6m-ti-none-eabi\c\</path>
         <kind>archive</kind>
         <file>libc.a</file>
         <name>copy_zero_init.c.obj</name>
      </input_file>
      <input_file id="fl-32">
         <path>C:\ti\ccs1230\ccs\tools\compiler\ti-cgt-armllvm_2.1.3.LTS\lib\armv6m-ti-none-eabi\c\</path>
         <kind>archive</kind>
         <file>libc.a</file>
         <name>copy_decompress_none.c.obj</name>
      </input_file>
      <input_file id="fl-33">
         <path>C:\ti\ccs1230\ccs\tools\compiler\ti-cgt-armllvm_2.1.3.LTS\lib\armv6m-ti-none-eabi\c\</path>
         <kind>archive</kind>
         <file>libc.a</file>
         <name>copy_decompress_lzss.c.obj</name>
      </input_file>
      <input_file id="fl-34">
         <path>C:\ti\ccs1230\ccs\tools\compiler\ti-cgt-armllvm_2.1.3.LTS\lib\armv6m-ti-none-eabi\c\</path>
         <kind>archive</kind>
         <file>libc.a</file>
         <name>boot_cortex_m.c.obj</name>
      </input_file>
      <input_file id="fl-35">
         <path>C:\ti\ccs1230\ccs\tools\compiler\ti-cgt-armllvm_2.1.3.LTS\lib\armv6m-ti-none-eabi\c\</path>
         <kind>archive</kind>
         <file>libc.a</file>
         <name>mathacl_init.c.obj</name>
      </input_file>
      <input_file id="fl-36">
         <path>C:\ti\ccs1230\ccs\tools\compiler\ti-cgt-armllvm_2.1.3.LTS\lib\armv6m-ti-none-eabi\c\</path>
         <kind>archive</kind>
         <file>libc.a</file>
         <name>exit.c.obj</name>
      </input_file>
      <input_file id="fl-37">
         <path>C:\ti\ccs1230\ccs\tools\compiler\ti-cgt-armllvm_2.1.3.LTS\lib\armv6m-ti-none-eabi\c\</path>
         <kind>archive</kind>
         <file>libc.a</file>
         <name>_lock.c.obj</name>
      </input_file>
      <input_file id="fl-38">
         <path>C:\ti\ccs1230\ccs\tools\compiler\ti-cgt-armllvm_2.1.3.LTS\lib\armv6m-ti-none-eabi\c\</path>
         <kind>archive</kind>
         <file>libc.a</file>
         <name>args_main.c.obj</name>
      </input_file>
      <input_file id="fl-39">
         <path>C:\ti\ccs1230\ccs\tools\compiler\ti-cgt-armllvm_2.1.3.LTS\lib\armv6m-ti-none-eabi\c\</path>
         <kind>archive</kind>
         <file>libc.a</file>
         <name>autoinit.c.obj</name>
      </input_file>
      <input_file id="fl-3a">
         <path>C:\ti\ccs1230\ccs\tools\compiler\ti-cgt-armllvm_2.1.3.LTS\lib\armv6m-ti-none-eabi\c\</path>
         <kind>archive</kind>
         <file>libc.a</file>
         <name>pre_init.c.obj</name>
      </input_file>
      <input_file id="fl-3b">
         <path>C:\ti\ccs1230\ccs\tools\compiler\ti-cgt-armllvm_2.1.3.LTS\lib\armv6m-ti-none-eabi\c\</path>
         <kind>archive</kind>
         <file>libc.a</file>
         <name>cpy_tbl.c.obj</name>
      </input_file>
      <input_file id="fl-74">
         <path>C:\ti\ccs1230\ccs\tools\compiler\ti-cgt-armllvm_2.1.3.LTS\lib\clang\14.0.6\lib\armv6m-ti-none-eabi\</path>
         <kind>archive</kind>
         <file>libclang_rt.builtins.a</file>
         <name>aeabi_memcpy.S.obj</name>
      </input_file>
      <input_file id="fl-75">
         <path>C:\ti\ccs1230\ccs\tools\compiler\ti-cgt-armllvm_2.1.3.LTS\lib\clang\14.0.6\lib\armv6m-ti-none-eabi\</path>
         <kind>archive</kind>
         <file>libclang_rt.builtins.a</file>
         <name>aeabi_memset.S.obj</name>
      </input_file>
      <input_file id="fl-76">
         <path>C:\ti\ccs1230\ccs\tools\compiler\ti-cgt-armllvm_2.1.3.LTS\lib\clang\14.0.6\lib\armv6m-ti-none-eabi\</path>
         <kind>archive</kind>
         <file>libclang_rt.builtins.a</file>
         <name>aeabi_uidivmod.S.obj</name>
      </input_file>
      <input_file id="fl-77">
         <path>C:\ti\ccs1230\ccs\tools\compiler\ti-cgt-armllvm_2.1.3.LTS\lib\clang\14.0.6\lib\armv6m-ti-none-eabi\</path>
         <kind>archive</kind>
         <file>libclang_rt.builtins.a</file>
         <name>aeabi_div0.c.obj</name>
      </input_file>
      <input_file id="fl-78">
         <path>C:\ti\ccs1230\ccs\tools\compiler\ti-cgt-armllvm_2.1.3.LTS\lib\armv6m-ti-none-eabi\c\</path>
         <kind>archive</kind>
         <file>libc.a</file>
         <name>memcpy16.S.obj</name>
      </input_file>
      <input_file id="fl-79">
         <path>C:\ti\ccs1230\ccs\tools\compiler\ti-cgt-armllvm_2.1.3.LTS\lib\armv6m-ti-none-eabi\c\</path>
         <kind>archive</kind>
         <file>libc.a</file>
         <name>memset16.S.obj</name>
      </input_file>
   </input_file_list>
   <object_component_list>
      <object_component id="oc-18">
         <name>.intvecs</name>
         <load_address>0x0</load_address>
         <run_address>0x0</run_address>
         <size>0xc0</size>
         <input_file_ref idref="fl-3"/>
      </object_component>
      <object_component id="oc-9d">
         <name>.text.SYSCFG_DL_UART_0_DEBUG_init</name>
         <load_address>0xc0</load_address>
         <run_address>0xc0</run_address>
         <size>0x60</size>
         <input_file_ref idref="fl-2"/>
      </object_component>
      <object_component id="oc-9e">
         <name>.text.SYSCFG_DL_ADC0_BUCK_init</name>
         <load_address>0x120</load_address>
         <run_address>0x120</run_address>
         <size>0x58</size>
         <input_file_ref idref="fl-2"/>
      </object_component>
      <object_component id="oc-9f">
         <name>.text.SYSCFG_DL_ADC1_DAB_init</name>
         <load_address>0x178</load_address>
         <run_address>0x178</run_address>
         <size>0x58</size>
         <input_file_ref idref="fl-2"/>
      </object_component>
      <object_component id="oc-98">
         <name>.text.SYSCFG_DL_initPower</name>
         <load_address>0x1d0</load_address>
         <run_address>0x1d0</run_address>
         <size>0x54</size>
         <input_file_ref idref="fl-2"/>
      </object_component>
      <object_component id="oc-c0">
         <name>.text.DL_UART_init</name>
         <load_address>0x224</load_address>
         <run_address>0x224</run_address>
         <size>0x48</size>
         <input_file_ref idref="fl-13"/>
      </object_component>
      <object_component id="oc-99">
         <name>.text.SYSCFG_DL_GPIO_init</name>
         <load_address>0x26c</load_address>
         <run_address>0x26c</run_address>
         <size>0x48</size>
         <input_file_ref idref="fl-2"/>
      </object_component>
      <object_component id="oc-c3">
         <name>.text.DL_ADC12_setClockConfig</name>
         <load_address>0x2b4</load_address>
         <run_address>0x2b4</run_address>
         <size>0x40</size>
         <input_file_ref idref="fl-4"/>
      </object_component>
      <object_component id="oc-9c">
         <name>.text.SYSCFG_DL_I2C_EEPROM_init</name>
         <load_address>0x2f4</load_address>
         <run_address>0x2f4</run_address>
         <size>0x30</size>
         <input_file_ref idref="fl-2"/>
      </object_component>
      <object_component id="oc-9a">
         <name>.text.SYSCFG_DL_SYSCTL_init</name>
         <load_address>0x324</load_address>
         <run_address>0x324</run_address>
         <size>0x30</size>
         <input_file_ref idref="fl-2"/>
      </object_component>
      <object_component id="oc-b3">
         <name>.text.DL_I2C_setClockConfig</name>
         <load_address>0x354</load_address>
         <run_address>0x354</run_address>
         <size>0x26</size>
         <input_file_ref idref="fl-b"/>
      </object_component>
      <object_component id="oc-71">
         <name>.text.SYSCFG_DL_init</name>
         <load_address>0x37a</load_address>
         <run_address>0x37a</run_address>
         <size>0x20</size>
         <input_file_ref idref="fl-2"/>
      </object_component>
      <object_component id="oc-2a">
         <name>.text.Default_Handler</name>
         <load_address>0x39a</load_address>
         <run_address>0x39a</run_address>
         <size>0x2</size>
         <input_file_ref idref="fl-3"/>
      </object_component>
      <object_component id="oc-44">
         <name>.text:_c_int00_noinit_noargs</name>
         <load_address>0x39c</load_address>
         <run_address>0x39c</run_address>
         <size>0x20</size>
         <input_file_ref idref="fl-34"/>
      </object_component>
      <object_component id="oc-ba">
         <name>.text.DL_UART_setClockConfig</name>
         <load_address>0x3bc</load_address>
         <run_address>0x3bc</run_address>
         <size>0x12</size>
         <input_file_ref idref="fl-13"/>
      </object_component>
      <object_component id="oc-af">
         <name>.text.DL_Common_delayCycles</name>
         <load_address>0x3ce</load_address>
         <run_address>0x3ce</run_address>
         <size>0xa</size>
         <input_file_ref idref="fl-6"/>
      </object_component>
      <object_component id="oc-59">
         <name>.text.main</name>
         <load_address>0x3d8</load_address>
         <run_address>0x3d8</run_address>
         <size>0x6</size>
         <input_file_ref idref="fl-1"/>
      </object_component>
      <object_component id="oc-26">
         <name>.text.Reset_Handler</name>
         <load_address>0x3de</load_address>
         <run_address>0x3de</run_address>
         <size>0x4</size>
         <input_file_ref idref="fl-3"/>
      </object_component>
      <object_component id="oc-55">
         <name>.text._system_pre_init</name>
         <load_address>0x3e2</load_address>
         <run_address>0x3e2</run_address>
         <size>0x4</size>
         <input_file_ref idref="fl-3a"/>
      </object_component>
      <object_component id="oc-78">
         <name>.text:abort</name>
         <load_address>0x3e6</load_address>
         <run_address>0x3e6</run_address>
         <size>0x4</size>
         <input_file_ref idref="fl-36"/>
      </object_component>
      <object_component id="oc-116">
         <name>__TI_cinit_table</name>
         <load_address>0x0</load_address>
         <run_address>0x0</run_address>
         <size>0x0</size>
      </object_component>
      <object_component id="oc-c2">
         <name>.rodata.gUART_0_DEBUGConfig</name>
         <load_address>0x3f0</load_address>
         <run_address>0x3f0</run_address>
         <size>0xa</size>
         <input_file_ref idref="fl-2"/>
      </object_component>
      <object_component id="oc-b9">
         <name>.rodata.gI2C_EEPROMClockConfig</name>
         <load_address>0x3fa</load_address>
         <run_address>0x3fa</run_address>
         <size>0x2</size>
         <input_file_ref idref="fl-2"/>
      </object_component>
      <object_component id="oc-c9">
         <name>.rodata.gADC0_BUCKClockConfig</name>
         <load_address>0x3fc</load_address>
         <run_address>0x3fc</run_address>
         <size>0x8</size>
         <input_file_ref idref="fl-2"/>
      </object_component>
      <object_component id="oc-ca">
         <name>.rodata.gADC1_DABClockConfig</name>
         <load_address>0x404</load_address>
         <run_address>0x404</run_address>
         <size>0x8</size>
         <input_file_ref idref="fl-2"/>
      </object_component>
      <object_component id="oc-c1">
         <name>.rodata.gUART_0_DEBUGClockConfig</name>
         <load_address>0x40c</load_address>
         <run_address>0x40c</run_address>
         <size>0x2</size>
         <input_file_ref idref="fl-2"/>
      </object_component>
      <object_component id="oc-e2">
         <name>.binit</name>
         <load_address>0x0</load_address>
         <run_address>0x0</run_address>
         <size>0x0</size>
      </object_component>
      <object_component id="oc-1a">
         <name>.stack</name>
         <uninitialized>true</uninitialized>
         <run_address>0x20207e00</run_address>
         <size>0x4</size>
         <input_file_ref idref="fl-34"/>
      </object_component>
      <object_component id="oc-118">
         <name>.stack</name>
         <uninitialized>true</uninitialized>
         <run_address>0x20207e00</run_address>
         <size>0x0</size>
      </object_component>
      <object_component id="oc-76">
         <name>.debug_abbrev</name>
         <load_address>0x0</load_address>
         <run_address>0x0</run_address>
         <size>0x47</size>
         <input_file_ref idref="fl-1"/>
      </object_component>
      <object_component id="oc-a0">
         <name>.debug_abbrev</name>
         <load_address>0x47</load_address>
         <run_address>0x47</run_address>
         <size>0x1da</size>
         <input_file_ref idref="fl-2"/>
      </object_component>
      <object_component id="oc-2b">
         <name>.debug_abbrev</name>
         <load_address>0x221</load_address>
         <run_address>0x221</run_address>
         <size>0x6d</size>
         <input_file_ref idref="fl-3"/>
      </object_component>
      <object_component id="oc-da">
         <name>.debug_abbrev</name>
         <load_address>0x28e</load_address>
         <run_address>0x28e</run_address>
         <size>0x15f</size>
         <input_file_ref idref="fl-4"/>
      </object_component>
      <object_component id="oc-d4">
         <name>.debug_abbrev</name>
         <load_address>0x3ed</load_address>
         <run_address>0x3ed</run_address>
         <size>0x53</size>
         <input_file_ref idref="fl-6"/>
      </object_component>
      <object_component id="oc-d6">
         <name>.debug_abbrev</name>
         <load_address>0x440</load_address>
         <run_address>0x440</run_address>
         <size>0x1de</size>
         <input_file_ref idref="fl-b"/>
      </object_component>
      <object_component id="oc-d8">
         <name>.debug_abbrev</name>
         <load_address>0x61e</load_address>
         <run_address>0x61e</run_address>
         <size>0x28e</size>
         <input_file_ref idref="fl-13"/>
      </object_component>
      <object_component id="oc-2d">
         <name>.debug_abbrev</name>
         <load_address>0x8ac</load_address>
         <run_address>0x8ac</run_address>
         <size>0xaf</size>
         <input_file_ref idref="fl-34"/>
      </object_component>
      <object_component id="oc-a2">
         <name>.debug_abbrev</name>
         <load_address>0x95b</load_address>
         <run_address>0x95b</run_address>
         <size>0xb3</size>
         <input_file_ref idref="fl-36"/>
      </object_component>
      <object_component id="oc-6f">
         <name>.debug_abbrev</name>
         <load_address>0xa0e</load_address>
         <run_address>0xa0e</run_address>
         <size>0x39</size>
         <input_file_ref idref="fl-3a"/>
      </object_component>
      <object_component id="oc-11a">
         <name>.debug_abbrev</name>
         <load_address>0xa47</load_address>
         <run_address>0xa47</run_address>
         <size>0xf</size>
      </object_component>
      <object_component id="oc-5a">
         <name>.debug_info</name>
         <load_address>0x0</load_address>
         <run_address>0x0</run_address>
         <size>0x51</size>
         <input_file_ref idref="fl-1"/>
      </object_component>
      <object_component id="oc-72">
         <name>.debug_info</name>
         <load_address>0x51</load_address>
         <run_address>0x51</run_address>
         <size>0x3d46</size>
         <input_file_ref idref="fl-2"/>
      </object_component>
      <object_component id="oc-19">
         <name>.debug_info</name>
         <load_address>0x3d97</load_address>
         <run_address>0x3d97</run_address>
         <size>0x80</size>
         <input_file_ref idref="fl-3"/>
      </object_component>
      <object_component id="oc-c4">
         <name>.debug_info</name>
         <load_address>0x3e17</load_address>
         <run_address>0x3e17</run_address>
         <size>0x741</size>
         <input_file_ref idref="fl-4"/>
      </object_component>
      <object_component id="oc-b0">
         <name>.debug_info</name>
         <load_address>0x4558</load_address>
         <run_address>0x4558</run_address>
         <size>0x66</size>
         <input_file_ref idref="fl-6"/>
      </object_component>
      <object_component id="oc-b6">
         <name>.debug_info</name>
         <load_address>0x45be</load_address>
         <run_address>0x45be</run_address>
         <size>0xcac</size>
         <input_file_ref idref="fl-b"/>
      </object_component>
      <object_component id="oc-be">
         <name>.debug_info</name>
         <load_address>0x526a</load_address>
         <run_address>0x526a</run_address>
         <size>0x121d</size>
         <input_file_ref idref="fl-13"/>
      </object_component>
      <object_component id="oc-1b">
         <name>.debug_info</name>
         <load_address>0x6487</load_address>
         <run_address>0x6487</run_address>
         <size>0x423</size>
         <input_file_ref idref="fl-34"/>
      </object_component>
      <object_component id="oc-7b">
         <name>.debug_info</name>
         <load_address>0x68aa</load_address>
         <run_address>0x68aa</run_address>
         <size>0xed</size>
         <input_file_ref idref="fl-36"/>
      </object_component>
      <object_component id="oc-56">
         <name>.debug_info</name>
         <load_address>0x6997</load_address>
         <run_address>0x6997</run_address>
         <size>0x46</size>
         <input_file_ref idref="fl-3a"/>
      </object_component>
      <object_component id="oc-119">
         <name>.debug_info</name>
         <load_address>0x69dd</load_address>
         <run_address>0x69dd</run_address>
         <size>0xad</size>
      </object_component>
      <object_component id="oc-77">
         <name>.debug_str</name>
         <load_address>0x0</load_address>
         <run_address>0x0</run_address>
         <size>0x105</size>
         <input_file_ref idref="fl-1"/>
      </object_component>
      <object_component id="oc-a1">
         <name>.debug_str</name>
         <load_address>0x105</load_address>
         <run_address>0x105</run_address>
         <size>0x2897</size>
         <input_file_ref idref="fl-2"/>
      </object_component>
      <object_component id="oc-2c">
         <name>.debug_str</name>
         <load_address>0x299c</load_address>
         <run_address>0x299c</run_address>
         <size>0x164</size>
         <input_file_ref idref="fl-3"/>
      </object_component>
      <object_component id="oc-db">
         <name>.debug_str</name>
         <load_address>0x2b00</load_address>
         <run_address>0x2b00</run_address>
         <size>0x5eb</size>
         <input_file_ref idref="fl-4"/>
      </object_component>
      <object_component id="oc-d5">
         <name>.debug_str</name>
         <load_address>0x30eb</load_address>
         <run_address>0x30eb</run_address>
         <size>0x10c</size>
         <input_file_ref idref="fl-6"/>
      </object_component>
      <object_component id="oc-d7">
         <name>.debug_str</name>
         <load_address>0x31f7</load_address>
         <run_address>0x31f7</run_address>
         <size>0x856</size>
         <input_file_ref idref="fl-b"/>
      </object_component>
      <object_component id="oc-d9">
         <name>.debug_str</name>
         <load_address>0x3a4d</load_address>
         <run_address>0x3a4d</run_address>
         <size>0xc8a</size>
         <input_file_ref idref="fl-13"/>
      </object_component>
      <object_component id="oc-2e">
         <name>.debug_str</name>
         <load_address>0x46d7</load_address>
         <run_address>0x46d7</run_address>
         <size>0x270</size>
         <input_file_ref idref="fl-34"/>
      </object_component>
      <object_component id="oc-a3">
         <name>.debug_str</name>
         <load_address>0x4947</load_address>
         <run_address>0x4947</run_address>
         <size>0x18a</size>
         <input_file_ref idref="fl-36"/>
      </object_component>
      <object_component id="oc-70">
         <name>.debug_str</name>
         <load_address>0x4ad1</load_address>
         <run_address>0x4ad1</run_address>
         <size>0x140</size>
         <input_file_ref idref="fl-3a"/>
      </object_component>
      <object_component id="oc-5b">
         <name>.debug_frame</name>
         <load_address>0x0</load_address>
         <run_address>0x0</run_address>
         <size>0x20</size>
         <input_file_ref idref="fl-1"/>
      </object_component>
      <object_component id="oc-75">
         <name>.debug_frame</name>
         <load_address>0x20</load_address>
         <run_address>0x20</run_address>
         <size>0xcc</size>
         <input_file_ref idref="fl-2"/>
      </object_component>
      <object_component id="oc-28">
         <name>.debug_frame</name>
         <load_address>0xec</load_address>
         <run_address>0xec</run_address>
         <size>0x30</size>
         <input_file_ref idref="fl-3"/>
      </object_component>
      <object_component id="oc-c7">
         <name>.debug_frame</name>
         <load_address>0x11c</load_address>
         <run_address>0x11c</run_address>
         <size>0x48</size>
         <input_file_ref idref="fl-4"/>
      </object_component>
      <object_component id="oc-b2">
         <name>.debug_frame</name>
         <load_address>0x164</load_address>
         <run_address>0x164</run_address>
         <size>0x20</size>
         <input_file_ref idref="fl-6"/>
      </object_component>
      <object_component id="oc-b5">
         <name>.debug_frame</name>
         <load_address>0x184</load_address>
         <run_address>0x184</run_address>
         <size>0x114</size>
         <input_file_ref idref="fl-b"/>
      </object_component>
      <object_component id="oc-bc">
         <name>.debug_frame</name>
         <load_address>0x298</load_address>
         <run_address>0x298</run_address>
         <size>0x1b4</size>
         <input_file_ref idref="fl-13"/>
      </object_component>
      <object_component id="oc-45">
         <name>.debug_frame</name>
         <load_address>0x44c</load_address>
         <run_address>0x44c</run_address>
         <size>0x90</size>
         <input_file_ref idref="fl-34"/>
      </object_component>
      <object_component id="oc-7a">
         <name>.debug_frame</name>
         <load_address>0x4dc</load_address>
         <run_address>0x4dc</run_address>
         <size>0x30</size>
         <input_file_ref idref="fl-36"/>
      </object_component>
      <object_component id="oc-57">
         <name>.debug_frame</name>
         <load_address>0x50c</load_address>
         <run_address>0x50c</run_address>
         <size>0x20</size>
         <input_file_ref idref="fl-3a"/>
      </object_component>
      <object_component id="oc-5c">
         <name>.debug_line</name>
         <load_address>0x0</load_address>
         <run_address>0x0</run_address>
         <size>0x3e</size>
         <input_file_ref idref="fl-1"/>
      </object_component>
      <object_component id="oc-74">
         <name>.debug_line</name>
         <load_address>0x3e</load_address>
         <run_address>0x3e</run_address>
         <size>0x609</size>
         <input_file_ref idref="fl-2"/>
      </object_component>
      <object_component id="oc-27">
         <name>.debug_line</name>
         <load_address>0x647</load_address>
         <run_address>0x647</run_address>
         <size>0xba</size>
         <input_file_ref idref="fl-3"/>
      </object_component>
      <object_component id="oc-c8">
         <name>.debug_line</name>
         <load_address>0x701</load_address>
         <run_address>0x701</run_address>
         <size>0x24b</size>
         <input_file_ref idref="fl-4"/>
      </object_component>
      <object_component id="oc-b1">
         <name>.debug_line</name>
         <load_address>0x94c</load_address>
         <run_address>0x94c</run_address>
         <size>0x102</size>
         <input_file_ref idref="fl-6"/>
      </object_component>
      <object_component id="oc-b7">
         <name>.debug_line</name>
         <load_address>0xa4e</load_address>
         <run_address>0xa4e</run_address>
         <size>0x780</size>
         <input_file_ref idref="fl-b"/>
      </object_component>
      <object_component id="oc-bf">
         <name>.debug_line</name>
         <load_address>0x11ce</load_address>
         <run_address>0x11ce</run_address>
         <size>0xa8b</size>
         <input_file_ref idref="fl-13"/>
      </object_component>
      <object_component id="oc-2f">
         <name>.debug_line</name>
         <load_address>0x1c59</load_address>
         <run_address>0x1c59</run_address>
         <size>0x1fe</size>
         <input_file_ref idref="fl-34"/>
      </object_component>
      <object_component id="oc-79">
         <name>.debug_line</name>
         <load_address>0x1e57</load_address>
         <run_address>0x1e57</run_address>
         <size>0x6b</size>
         <input_file_ref idref="fl-36"/>
      </object_component>
      <object_component id="oc-58">
         <name>.debug_line</name>
         <load_address>0x1ec2</load_address>
         <run_address>0x1ec2</run_address>
         <size>0x3e</size>
         <input_file_ref idref="fl-3a"/>
      </object_component>
      <object_component id="oc-9b">
         <name>.debug_loc</name>
         <load_address>0x0</load_address>
         <run_address>0x0</run_address>
         <size>0x17b</size>
         <input_file_ref idref="fl-2"/>
      </object_component>
      <object_component id="oc-c6">
         <name>.debug_loc</name>
         <load_address>0x17b</load_address>
         <run_address>0x17b</run_address>
         <size>0x133</size>
         <input_file_ref idref="fl-4"/>
      </object_component>
      <object_component id="oc-b8">
         <name>.debug_loc</name>
         <load_address>0x2ae</load_address>
         <run_address>0x2ae</run_address>
         <size>0x369</size>
         <input_file_ref idref="fl-b"/>
      </object_component>
      <object_component id="oc-bb">
         <name>.debug_loc</name>
         <load_address>0x617</load_address>
         <run_address>0x617</run_address>
         <size>0x7da</size>
         <input_file_ref idref="fl-13"/>
      </object_component>
      <object_component id="oc-31">
         <name>.debug_loc</name>
         <load_address>0xdf1</load_address>
         <run_address>0xdf1</run_address>
         <size>0xd8</size>
         <input_file_ref idref="fl-34"/>
      </object_component>
      <object_component id="oc-7e">
         <name>.debug_loc</name>
         <load_address>0xec9</load_address>
         <run_address>0xec9</run_address>
         <size>0x26</size>
         <input_file_ref idref="fl-36"/>
      </object_component>
      <object_component id="oc-73">
         <name>.debug_ranges</name>
         <load_address>0x0</load_address>
         <run_address>0x0</run_address>
         <size>0x48</size>
         <input_file_ref idref="fl-2"/>
      </object_component>
      <object_component id="oc-29">
         <name>.debug_ranges</name>
         <load_address>0x48</load_address>
         <run_address>0x48</run_address>
         <size>0x18</size>
         <input_file_ref idref="fl-3"/>
      </object_component>
      <object_component id="oc-c5">
         <name>.debug_ranges</name>
         <load_address>0x60</load_address>
         <run_address>0x60</run_address>
         <size>0x18</size>
         <input_file_ref idref="fl-4"/>
      </object_component>
      <object_component id="oc-b4">
         <name>.debug_ranges</name>
         <load_address>0x78</load_address>
         <run_address>0x78</run_address>
         <size>0x240</size>
         <input_file_ref idref="fl-b"/>
      </object_component>
      <object_component id="oc-bd">
         <name>.debug_ranges</name>
         <load_address>0x2b8</load_address>
         <run_address>0x2b8</run_address>
         <size>0x240</size>
         <input_file_ref idref="fl-13"/>
      </object_component>
      <object_component id="oc-30">
         <name>.debug_ranges</name>
         <load_address>0x4f8</load_address>
         <run_address>0x4f8</run_address>
         <size>0x48</size>
         <input_file_ref idref="fl-34"/>
      </object_component>
      <object_component id="oc-7c">
         <name>.debug_ranges</name>
         <load_address>0x540</load_address>
         <run_address>0x540</run_address>
         <size>0x18</size>
         <input_file_ref idref="fl-36"/>
      </object_component>
   </object_component_list>
   <logical_group_list>
      <logical_group id="lg-2" display="no" color="cyan">
         <name>.intvecs</name>
         <load_address>0x0</load_address>
         <run_address>0x0</run_address>
         <size>0xc0</size>
         <contents>
            <object_component_ref idref="oc-18"/>
         </contents>
      </logical_group>
      <logical_group id="lg-3" display="no" color="cyan">
         <name>.text</name>
         <load_address>0xc0</load_address>
         <run_address>0xc0</run_address>
         <size>0x330</size>
         <contents>
            <object_component_ref idref="oc-9d"/>
            <object_component_ref idref="oc-9e"/>
            <object_component_ref idref="oc-9f"/>
            <object_component_ref idref="oc-98"/>
            <object_component_ref idref="oc-c0"/>
            <object_component_ref idref="oc-99"/>
            <object_component_ref idref="oc-c3"/>
            <object_component_ref idref="oc-9c"/>
            <object_component_ref idref="oc-9a"/>
            <object_component_ref idref="oc-b3"/>
            <object_component_ref idref="oc-71"/>
            <object_component_ref idref="oc-2a"/>
            <object_component_ref idref="oc-44"/>
            <object_component_ref idref="oc-ba"/>
            <object_component_ref idref="oc-af"/>
            <object_component_ref idref="oc-59"/>
            <object_component_ref idref="oc-26"/>
            <object_component_ref idref="oc-55"/>
            <object_component_ref idref="oc-78"/>
         </contents>
      </logical_group>
      <logical_group id="lg-4" display="no" color="cyan">
         <name>.const</name>
         <run_address>0x0</run_address>
         <size>0x0</size>
         <contents>
         </contents>
      </logical_group>
      <logical_group id="lg-5" display="no" color="cyan">
         <name>.cinit</name>
         <load_address>0x0</load_address>
         <run_address>0x0</run_address>
         <size>0x0</size>
         <contents>
            <object_component_ref idref="oc-116"/>
         </contents>
      </logical_group>
      <logical_group id="lg-6" display="no" color="cyan">
         <name>.pinit</name>
         <run_address>0x0</run_address>
         <size>0x0</size>
         <contents>
         </contents>
      </logical_group>
      <logical_group id="lg-7" display="no" color="cyan">
         <name>.rodata</name>
         <load_address>0x3f0</load_address>
         <run_address>0x3f0</run_address>
         <size>0x20</size>
         <contents>
            <object_component_ref idref="oc-c2"/>
            <object_component_ref idref="oc-b9"/>
            <object_component_ref idref="oc-c9"/>
            <object_component_ref idref="oc-ca"/>
            <object_component_ref idref="oc-c1"/>
         </contents>
      </logical_group>
      <logical_group id="lg-8" display="no" color="cyan">
         <name>.ARM.exidx</name>
         <run_address>0x0</run_address>
         <size>0x0</size>
         <contents>
         </contents>
      </logical_group>
      <logical_group id="lg-9" display="no" color="cyan">
         <name>.init_array</name>
         <run_address>0x0</run_address>
         <size>0x0</size>
         <contents>
         </contents>
      </logical_group>
      <logical_group id="lg-a" display="no" color="cyan">
         <name>.binit</name>
         <load_address>0x0</load_address>
         <run_address>0x0</run_address>
         <size>0x0</size>
         <contents>
            <object_component_ref idref="oc-e2"/>
         </contents>
      </logical_group>
      <logical_group id="lg-b" display="no" color="cyan">
         <name>.TI.ramfunc</name>
         <run_address>0x0</run_address>
         <size>0x0</size>
         <contents>
         </contents>
      </logical_group>
      <logical_group id="lg-c" display="no" color="cyan">
         <name>.vtable</name>
         <run_address>0x0</run_address>
         <size>0x0</size>
         <contents>
         </contents>
      </logical_group>
      <logical_group id="lg-d" display="no" color="cyan">
         <name>.args</name>
         <run_address>0x0</run_address>
         <size>0x0</size>
         <contents>
         </contents>
      </logical_group>
      <logical_group id="lg-e" display="no" color="cyan">
         <name>.data</name>
         <run_address>0x0</run_address>
         <size>0x0</size>
         <contents>
         </contents>
      </logical_group>
      <logical_group id="lg-f" display="no" color="cyan">
         <name>.bss</name>
         <run_address>0x0</run_address>
         <size>0x0</size>
         <contents>
         </contents>
      </logical_group>
      <logical_group id="lg-10" display="no" color="cyan">
         <name>.sysmem</name>
         <run_address>0x0</run_address>
         <size>0x0</size>
         <contents>
         </contents>
      </logical_group>
      <logical_group id="lg-11" display="no" color="cyan">
         <name>.stack</name>
         <run_address>0x20207e00</run_address>
         <size>0x200</size>
         <contents>
            <object_component_ref idref="oc-1a"/>
            <object_component_ref idref="oc-118"/>
         </contents>
      </logical_group>
      <logical_group id="lg-12" display="no" color="cyan">
         <name>.BCRConfig</name>
         <run_address>0x0</run_address>
         <size>0x0</size>
         <contents>
         </contents>
      </logical_group>
      <logical_group id="lg-13" display="no" color="cyan">
         <name>.BSLConfig</name>
         <run_address>0x0</run_address>
         <size>0x0</size>
         <contents>
         </contents>
      </logical_group>
      <logical_group id="lg-dc" display="no" color="cyan">
         <name>.TI.noinit</name>
         <run_address>0x0</run_address>
         <size>0x0</size>
         <contents>
         </contents>
      </logical_group>
      <logical_group id="lg-dd" display="no" color="cyan">
         <name>.TI.persistent</name>
         <run_address>0x0</run_address>
         <size>0x0</size>
         <contents>
         </contents>
      </logical_group>
      <logical_group id="lg-de" display="no" color="cyan">
         <name>__llvm_prf_cnts</name>
         <run_address>0x20200000</run_address>
         <size>0x0</size>
         <contents>
         </contents>
      </logical_group>
      <logical_group id="lg-e0" display="no" color="cyan">
         <name>__llvm_prf_bits</name>
         <run_address>0x20200000</run_address>
         <size>0x0</size>
         <contents>
         </contents>
      </logical_group>
      <logical_group id="lg-f9" display="never" color="cyan">
         <name>.debug_abbrev</name>
         <load_address>0x0</load_address>
         <run_address>0x0</run_address>
         <size>0xa56</size>
         <contents>
            <object_component_ref idref="oc-76"/>
            <object_component_ref idref="oc-a0"/>
            <object_component_ref idref="oc-2b"/>
            <object_component_ref idref="oc-da"/>
            <object_component_ref idref="oc-d4"/>
            <object_component_ref idref="oc-d6"/>
            <object_component_ref idref="oc-d8"/>
            <object_component_ref idref="oc-2d"/>
            <object_component_ref idref="oc-a2"/>
            <object_component_ref idref="oc-6f"/>
            <object_component_ref idref="oc-11a"/>
         </contents>
      </logical_group>
      <logical_group id="lg-fb" display="never" color="cyan">
         <name>.debug_info</name>
         <load_address>0x0</load_address>
         <run_address>0x0</run_address>
         <size>0x6a8a</size>
         <contents>
            <object_component_ref idref="oc-5a"/>
            <object_component_ref idref="oc-72"/>
            <object_component_ref idref="oc-19"/>
            <object_component_ref idref="oc-c4"/>
            <object_component_ref idref="oc-b0"/>
            <object_component_ref idref="oc-b6"/>
            <object_component_ref idref="oc-be"/>
            <object_component_ref idref="oc-1b"/>
            <object_component_ref idref="oc-7b"/>
            <object_component_ref idref="oc-56"/>
            <object_component_ref idref="oc-119"/>
         </contents>
      </logical_group>
      <logical_group id="lg-fd" display="never" color="cyan">
         <name>.debug_str</name>
         <load_address>0x0</load_address>
         <run_address>0x0</run_address>
         <size>0x4c11</size>
         <contents>
            <object_component_ref idref="oc-77"/>
            <object_component_ref idref="oc-a1"/>
            <object_component_ref idref="oc-2c"/>
            <object_component_ref idref="oc-db"/>
            <object_component_ref idref="oc-d5"/>
            <object_component_ref idref="oc-d7"/>
            <object_component_ref idref="oc-d9"/>
            <object_component_ref idref="oc-2e"/>
            <object_component_ref idref="oc-a3"/>
            <object_component_ref idref="oc-70"/>
         </contents>
      </logical_group>
      <logical_group id="lg-ff" display="never" color="cyan">
         <name>.debug_frame</name>
         <load_address>0x0</load_address>
         <run_address>0x0</run_address>
         <size>0x52c</size>
         <contents>
            <object_component_ref idref="oc-5b"/>
            <object_component_ref idref="oc-75"/>
            <object_component_ref idref="oc-28"/>
            <object_component_ref idref="oc-c7"/>
            <object_component_ref idref="oc-b2"/>
            <object_component_ref idref="oc-b5"/>
            <object_component_ref idref="oc-bc"/>
            <object_component_ref idref="oc-45"/>
            <object_component_ref idref="oc-7a"/>
            <object_component_ref idref="oc-57"/>
         </contents>
      </logical_group>
      <logical_group id="lg-101" display="never" color="cyan">
         <name>.debug_line</name>
         <load_address>0x0</load_address>
         <run_address>0x0</run_address>
         <size>0x1f00</size>
         <contents>
            <object_component_ref idref="oc-5c"/>
            <object_component_ref idref="oc-74"/>
            <object_component_ref idref="oc-27"/>
            <object_component_ref idref="oc-c8"/>
            <object_component_ref idref="oc-b1"/>
            <object_component_ref idref="oc-b7"/>
            <object_component_ref idref="oc-bf"/>
            <object_component_ref idref="oc-2f"/>
            <object_component_ref idref="oc-79"/>
            <object_component_ref idref="oc-58"/>
         </contents>
      </logical_group>
      <logical_group id="lg-103" display="never" color="cyan">
         <name>.debug_loc</name>
         <load_address>0x0</load_address>
         <run_address>0x0</run_address>
         <size>0xeef</size>
         <contents>
            <object_component_ref idref="oc-9b"/>
            <object_component_ref idref="oc-c6"/>
            <object_component_ref idref="oc-b8"/>
            <object_component_ref idref="oc-bb"/>
            <object_component_ref idref="oc-31"/>
            <object_component_ref idref="oc-7e"/>
         </contents>
      </logical_group>
      <logical_group id="lg-105" display="never" color="cyan">
         <name>.debug_ranges</name>
         <load_address>0x0</load_address>
         <run_address>0x0</run_address>
         <size>0x558</size>
         <contents>
            <object_component_ref idref="oc-73"/>
            <object_component_ref idref="oc-29"/>
            <object_component_ref idref="oc-c5"/>
            <object_component_ref idref="oc-b4"/>
            <object_component_ref idref="oc-bd"/>
            <object_component_ref idref="oc-30"/>
            <object_component_ref idref="oc-7c"/>
         </contents>
      </logical_group>
      <logical_group id="lg-117" display="no" color="cyan">
         <name>Veneer$$CMSE</name>
         <run_address>0x0</run_address>
         <size>0x0</size>
         <contents>
         </contents>
      </logical_group>
      <load_segment id="lg-11d" display="no" color="cyan">
         <name>SEGMENT_0</name>
         <load_address>0x0</load_address>
         <run_address>0x0</run_address>
         <size>0x410</size>
         <flags>0x5</flags>
         <contents>
            <logical_group_ref idref="lg-2"/>
            <logical_group_ref idref="lg-3"/>
            <logical_group_ref idref="lg-7"/>
         </contents>
      </load_segment>
      <load_segment id="lg-11e" display="no" color="cyan">
         <name>SEGMENT_1</name>
         <run_address>0x20207e00</run_address>
         <size>0x200</size>
         <flags>0x6</flags>
         <contents>
            <logical_group_ref idref="lg-11"/>
         </contents>
      </load_segment>
   </logical_group_list>
   <placement_map>
      <memory_area display="yes" color="green">
         <name>FLASH</name>
         <page_id>0x0</page_id>
         <origin>0x0</origin>
         <length>0x20000</length>
         <used_space>0x410</used_space>
         <unused_space>0x1fbf0</unused_space>
         <attributes>RX</attributes>
         <usage_details>
            <allocated_space>
               <start_address>0x0</start_address>
               <size>0x0</size>
               <logical_group_ref idref="lg-5"/>
            </allocated_space>
            <allocated_space>
               <start_address>0x0</start_address>
               <size>0x0</size>
               <logical_group_ref idref="lg-a"/>
            </allocated_space>
            <allocated_space>
               <start_address>0x0</start_address>
               <size>0xc0</size>
               <logical_group_ref idref="lg-2"/>
            </allocated_space>
            <allocated_space>
               <start_address>0xc0</start_address>
               <size>0x330</size>
               <logical_group_ref idref="lg-3"/>
            </allocated_space>
            <allocated_space>
               <start_address>0x3f0</start_address>
               <size>0x20</size>
               <logical_group_ref idref="lg-7"/>
            </allocated_space>
            <available_space>
               <start_address>0x410</start_address>
               <size>0x1fbf0</size>
            </available_space>
         </usage_details>
      </memory_area>
      <memory_area display="yes" color="green">
         <name>SRAM</name>
         <page_id>0x0</page_id>
         <origin>0x20200000</origin>
         <length>0x8000</length>
         <used_space>0x200</used_space>
         <unused_space>0x7e00</unused_space>
         <attributes>RWX</attributes>
         <usage_details>
            <allocated_space>
               <start_address>0x20200000</start_address>
               <size>0x0</size>
               <logical_group_ref idref="lg-de"/>
            </allocated_space>
            <allocated_space>
               <start_address>0x20200000</start_address>
               <size>0x0</size>
               <logical_group_ref idref="lg-e0"/>
            </allocated_space>
            <available_space>
               <start_address>0x20200000</start_address>
               <size>0x7e00</size>
            </available_space>
            <allocated_space>
               <start_address>0x20207e00</start_address>
               <size>0x200</size>
               <logical_group_ref idref="lg-11"/>
            </allocated_space>
         </usage_details>
      </memory_area>
      <memory_area display="yes" color="green">
         <name>BCR_CONFIG</name>
         <page_id>0x0</page_id>
         <origin>0x41c00000</origin>
         <length>0x80</length>
         <used_space>0x0</used_space>
         <unused_space>0x80</unused_space>
         <attributes>R</attributes>
         <usage_details>
         </usage_details>
      </memory_area>
      <memory_area display="yes" color="green">
         <name>BSL_CONFIG</name>
         <page_id>0x0</page_id>
         <origin>0x41c00100</origin>
         <length>0x80</length>
         <used_space>0x0</used_space>
         <unused_space>0x80</unused_space>
         <attributes>R</attributes>
         <usage_details>
         </usage_details>
      </memory_area>
   </placement_map>
   <symbol_table>
      <symbol id="sm-1">
         <name>__start___llvm_prf_cnts</name>
         <value>0x20200000</value>
      </symbol>
      <symbol id="sm-2">
         <name>__stop___llvm_prf_cnts</name>
         <value>0x20200000</value>
      </symbol>
      <symbol id="sm-3">
         <name>__start___llvm_prf_bits</name>
         <value>0x20200000</value>
      </symbol>
      <symbol id="sm-4">
         <name>__stop___llvm_prf_bits</name>
         <value>0x20200000</value>
      </symbol>
      <symbol id="sm-5">
         <name>__TI_CINIT_Base</name>
         <value>0x0</value>
      </symbol>
      <symbol id="sm-6">
         <name>__TI_CINIT_Limit</name>
         <value>0x0</value>
      </symbol>
      <symbol id="sm-7">
         <name>__TI_CINIT_Warm</name>
         <value>0x0</value>
      </symbol>
      <symbol id="sm-8">
         <name>binit</name>
         <value>0xffffffff</value>
      </symbol>
      <symbol id="sm-9">
         <name>__binit__</name>
         <value>0xffffffff</value>
      </symbol>
      <symbol id="sm-a">
         <name>__STACK_SIZE</name>
         <value>0x200</value>
      </symbol>
      <symbol id="sm-b">
         <name>__STACK_END</name>
         <value>0x20208000</value>
      </symbol>
      <symbol id="sm-c">
         <name>__TI_pprof_out_hndl</name>
         <value>0xffffffff</value>
      </symbol>
      <symbol id="sm-d">
         <name>__TI_prof_data_start</name>
         <value>0xffffffff</value>
      </symbol>
      <symbol id="sm-e">
         <name>__TI_prof_data_size</name>
         <value>0xffffffff</value>
      </symbol>
      <symbol id="sm-f">
         <name>__TI_static_base__</name>
         <value>0x0</value>
      </symbol>
      <symbol id="sm-35">
         <name>main</name>
         <value>0x3d9</value>
         <object_component_ref idref="oc-59"/>
      </symbol>
      <symbol id="sm-5e">
         <name>SYSCFG_DL_init</name>
         <value>0x37b</value>
         <object_component_ref idref="oc-71"/>
      </symbol>
      <symbol id="sm-5f">
         <name>SYSCFG_DL_initPower</name>
         <value>0x1d1</value>
         <object_component_ref idref="oc-98"/>
      </symbol>
      <symbol id="sm-60">
         <name>SYSCFG_DL_GPIO_init</name>
         <value>0x26d</value>
         <object_component_ref idref="oc-99"/>
      </symbol>
      <symbol id="sm-61">
         <name>SYSCFG_DL_SYSCTL_init</name>
         <value>0x325</value>
         <object_component_ref idref="oc-9a"/>
      </symbol>
      <symbol id="sm-62">
         <name>SYSCFG_DL_I2C_EEPROM_init</name>
         <value>0x2f5</value>
         <object_component_ref idref="oc-9c"/>
      </symbol>
      <symbol id="sm-63">
         <name>SYSCFG_DL_UART_0_DEBUG_init</name>
         <value>0xc1</value>
         <object_component_ref idref="oc-9d"/>
      </symbol>
      <symbol id="sm-64">
         <name>SYSCFG_DL_ADC0_BUCK_init</name>
         <value>0x121</value>
         <object_component_ref idref="oc-9e"/>
      </symbol>
      <symbol id="sm-65">
         <name>SYSCFG_DL_ADC1_DAB_init</name>
         <value>0x179</value>
         <object_component_ref idref="oc-9f"/>
      </symbol>
      <symbol id="sm-70">
         <name>Default_Handler</name>
         <value>0x39b</value>
         <object_component_ref idref="oc-2a"/>
      </symbol>
      <symbol id="sm-71">
         <name>Reset_Handler</name>
         <value>0x3df</value>
         <object_component_ref idref="oc-26"/>
      </symbol>
      <symbol id="sm-72">
         <name>interruptVectors</name>
         <value>0x0</value>
         <object_component_ref idref="oc-18"/>
      </symbol>
      <symbol id="sm-73">
         <name>NMI_Handler</name>
         <value>0x39b</value>
         <object_component_ref idref="oc-2a"/>
      </symbol>
      <symbol id="sm-74">
         <name>HardFault_Handler</name>
         <value>0x39b</value>
         <object_component_ref idref="oc-2a"/>
      </symbol>
      <symbol id="sm-75">
         <name>SVC_Handler</name>
         <value>0x39b</value>
         <object_component_ref idref="oc-2a"/>
      </symbol>
      <symbol id="sm-76">
         <name>PendSV_Handler</name>
         <value>0x39b</value>
         <object_component_ref idref="oc-2a"/>
      </symbol>
      <symbol id="sm-77">
         <name>SysTick_Handler</name>
         <value>0x39b</value>
         <object_component_ref idref="oc-2a"/>
      </symbol>
      <symbol id="sm-78">
         <name>GROUP0_IRQHandler</name>
         <value>0x39b</value>
         <object_component_ref idref="oc-2a"/>
      </symbol>
      <symbol id="sm-79">
         <name>GROUP1_IRQHandler</name>
         <value>0x39b</value>
         <object_component_ref idref="oc-2a"/>
      </symbol>
      <symbol id="sm-7a">
         <name>TIMG8_IRQHandler</name>
         <value>0x39b</value>
         <object_component_ref idref="oc-2a"/>
      </symbol>
      <symbol id="sm-7b">
         <name>UART3_IRQHandler</name>
         <value>0x39b</value>
         <object_component_ref idref="oc-2a"/>
      </symbol>
      <symbol id="sm-7c">
         <name>ADC0_IRQHandler</name>
         <value>0x39b</value>
         <object_component_ref idref="oc-2a"/>
      </symbol>
      <symbol id="sm-7d">
         <name>ADC1_IRQHandler</name>
         <value>0x39b</value>
         <object_component_ref idref="oc-2a"/>
      </symbol>
      <symbol id="sm-7e">
         <name>CANFD0_IRQHandler</name>
         <value>0x39b</value>
         <object_component_ref idref="oc-2a"/>
      </symbol>
      <symbol id="sm-7f">
         <name>DAC0_IRQHandler</name>
         <value>0x39b</value>
         <object_component_ref idref="oc-2a"/>
      </symbol>
      <symbol id="sm-80">
         <name>SPI0_IRQHandler</name>
         <value>0x39b</value>
         <object_component_ref idref="oc-2a"/>
      </symbol>
      <symbol id="sm-81">
         <name>SPI1_IRQHandler</name>
         <value>0x39b</value>
         <object_component_ref idref="oc-2a"/>
      </symbol>
      <symbol id="sm-82">
         <name>UART1_IRQHandler</name>
         <value>0x39b</value>
         <object_component_ref idref="oc-2a"/>
      </symbol>
      <symbol id="sm-83">
         <name>UART2_IRQHandler</name>
         <value>0x39b</value>
         <object_component_ref idref="oc-2a"/>
      </symbol>
      <symbol id="sm-84">
         <name>UART0_IRQHandler</name>
         <value>0x39b</value>
         <object_component_ref idref="oc-2a"/>
      </symbol>
      <symbol id="sm-85">
         <name>TIMG0_IRQHandler</name>
         <value>0x39b</value>
         <object_component_ref idref="oc-2a"/>
      </symbol>
      <symbol id="sm-86">
         <name>TIMG6_IRQHandler</name>
         <value>0x39b</value>
         <object_component_ref idref="oc-2a"/>
      </symbol>
      <symbol id="sm-87">
         <name>TIMA0_IRQHandler</name>
         <value>0x39b</value>
         <object_component_ref idref="oc-2a"/>
      </symbol>
      <symbol id="sm-88">
         <name>TIMA1_IRQHandler</name>
         <value>0x39b</value>
         <object_component_ref idref="oc-2a"/>
      </symbol>
      <symbol id="sm-89">
         <name>TIMG7_IRQHandler</name>
         <value>0x39b</value>
         <object_component_ref idref="oc-2a"/>
      </symbol>
      <symbol id="sm-8a">
         <name>TIMG12_IRQHandler</name>
         <value>0x39b</value>
         <object_component_ref idref="oc-2a"/>
      </symbol>
      <symbol id="sm-8b">
         <name>I2C0_IRQHandler</name>
         <value>0x39b</value>
         <object_component_ref idref="oc-2a"/>
      </symbol>
      <symbol id="sm-8c">
         <name>I2C1_IRQHandler</name>
         <value>0x39b</value>
         <object_component_ref idref="oc-2a"/>
      </symbol>
      <symbol id="sm-8d">
         <name>AES_IRQHandler</name>
         <value>0x39b</value>
         <object_component_ref idref="oc-2a"/>
      </symbol>
      <symbol id="sm-8e">
         <name>RTC_IRQHandler</name>
         <value>0x39b</value>
         <object_component_ref idref="oc-2a"/>
      </symbol>
      <symbol id="sm-8f">
         <name>DMA_IRQHandler</name>
         <value>0x39b</value>
         <object_component_ref idref="oc-2a"/>
      </symbol>
      <symbol id="sm-9a">
         <name>DL_ADC12_setClockConfig</name>
         <value>0x2b5</value>
         <object_component_ref idref="oc-c3"/>
      </symbol>
      <symbol id="sm-a4">
         <name>DL_Common_delayCycles</name>
         <value>0x3cf</value>
         <object_component_ref idref="oc-af"/>
      </symbol>
      <symbol id="sm-b2">
         <name>DL_I2C_setClockConfig</name>
         <value>0x355</value>
         <object_component_ref idref="oc-b3"/>
      </symbol>
      <symbol id="sm-c6">
         <name>DL_UART_init</name>
         <value>0x225</value>
         <object_component_ref idref="oc-c0"/>
      </symbol>
      <symbol id="sm-c7">
         <name>DL_UART_setClockConfig</name>
         <value>0x3bd</value>
         <object_component_ref idref="oc-ba"/>
      </symbol>
      <symbol id="sm-db">
         <name>_c_int00_noinit_noargs</name>
         <value>0x39d</value>
         <object_component_ref idref="oc-44"/>
      </symbol>
      <symbol id="sm-dc">
         <name>__stack</name>
         <value>0x20207e00</value>
         <object_component_ref idref="oc-1a"/>
      </symbol>
      <symbol id="sm-e7">
         <name>abort</name>
         <value>0x3e7</value>
         <object_component_ref idref="oc-78"/>
      </symbol>
      <symbol id="sm-e8">
         <name>C$$EXIT</name>
         <value>0x3e6</value>
         <object_component_ref idref="oc-78"/>
      </symbol>
      <symbol id="sm-f3">
         <name>_system_pre_init</name>
         <value>0x3e3</value>
         <object_component_ref idref="oc-55"/>
      </symbol>
      <symbol id="sm-f6">
         <name>__mpu_init</name>
         <value>0x0</value>
      </symbol>
   </symbol_table>
   <title>Link successful</title>
</link_info>
