<?xml version="1.0" encoding="ISO-8859-1" ?>
<link_info>
   <banner>TI ARM Clang Linker PC v2.1.3.LTS</banner>
   <copyright>Copyright (c) 1996-2018 Texas Instruments Incorporated</copyright>
   <link_time>0x65faa1c8</link_time>
   <link_errors>0x0</link_errors>
   <output_file>G3507_emu_EEPROM.out</output_file>
   <entry_point>
      <name>_c_int00_noargs</name>
      <address>0xb39</address>
   </entry_point>
   <input_file_list>
      <input_file id="fl-1">
         <path>.\</path>
         <kind>object</kind>
         <file>ti_msp_dl_config.o</file>
         <name>ti_msp_dl_config.o</name>
      </input_file>
      <input_file id="fl-2">
         <path>.\</path>
         <kind>object</kind>
         <file>startup_mspm0g350x_ticlang.o</file>
         <name>startup_mspm0g350x_ticlang.o</name>
      </input_file>
      <input_file id="fl-3">
         <path>.\</path>
         <kind>object</kind>
         <file>emu_eeprom.o</file>
         <name>emu_eeprom.o</name>
      </input_file>
      <input_file id="fl-4">
         <path>.\</path>
         <kind>object</kind>
         <file>main.o</file>
         <name>main.o</name>
      </input_file>
      <input_file id="fl-11">
         <kind>object</kind>
         <file>&lt;internal&gt;</file>
         <name>&lt;internal&gt;</name>
      </input_file>
      <input_file id="fl-12">
         <path>C:\ti\mspm0_sdk_1_30_00_03\source\ti\driverlib\lib\ticlang\m0p\mspm0g1x0x_g3x0x\</path>
         <kind>archive</kind>
         <file>driverlib.a</file>
         <name>dl_common.o</name>
      </input_file>
      <input_file id="fl-13">
         <path>C:\ti\mspm0_sdk_1_30_00_03\source\ti\driverlib\lib\ticlang\m0p\mspm0g1x0x_g3x0x\</path>
         <kind>archive</kind>
         <file>driverlib.a</file>
         <name>dl_flashctl.o</name>
      </input_file>
      <input_file id="fl-1f">
         <path>C:\ti\ccs1240\ccs\tools\compiler\ti-cgt-armllvm_2.1.3.LTS\lib\armv6m-ti-none-eabi\c\</path>
         <kind>archive</kind>
         <file>libc.a</file>
         <name>copy_zero_init.c.obj</name>
      </input_file>
      <input_file id="fl-20">
         <path>C:\ti\ccs1240\ccs\tools\compiler\ti-cgt-armllvm_2.1.3.LTS\lib\armv6m-ti-none-eabi\c\</path>
         <kind>archive</kind>
         <file>libc.a</file>
         <name>copy_decompress_none.c.obj</name>
      </input_file>
      <input_file id="fl-21">
         <path>C:\ti\ccs1240\ccs\tools\compiler\ti-cgt-armllvm_2.1.3.LTS\lib\armv6m-ti-none-eabi\c\</path>
         <kind>archive</kind>
         <file>libc.a</file>
         <name>copy_decompress_lzss.c.obj</name>
      </input_file>
      <input_file id="fl-22">
         <path>C:\ti\ccs1240\ccs\tools\compiler\ti-cgt-armllvm_2.1.3.LTS\lib\armv6m-ti-none-eabi\c\</path>
         <kind>archive</kind>
         <file>libc.a</file>
         <name>boot_cortex_m.c.obj</name>
      </input_file>
      <input_file id="fl-23">
         <path>C:\ti\ccs1240\ccs\tools\compiler\ti-cgt-armllvm_2.1.3.LTS\lib\armv6m-ti-none-eabi\c\</path>
         <kind>archive</kind>
         <file>libc.a</file>
         <name>mathacl_init.c.obj</name>
      </input_file>
      <input_file id="fl-24">
         <path>C:\ti\ccs1240\ccs\tools\compiler\ti-cgt-armllvm_2.1.3.LTS\lib\armv6m-ti-none-eabi\c\</path>
         <kind>archive</kind>
         <file>libc.a</file>
         <name>exit.c.obj</name>
      </input_file>
      <input_file id="fl-25">
         <path>C:\ti\ccs1240\ccs\tools\compiler\ti-cgt-armllvm_2.1.3.LTS\lib\armv6m-ti-none-eabi\c\</path>
         <kind>archive</kind>
         <file>libc.a</file>
         <name>_lock.c.obj</name>
      </input_file>
      <input_file id="fl-26">
         <path>C:\ti\ccs1240\ccs\tools\compiler\ti-cgt-armllvm_2.1.3.LTS\lib\armv6m-ti-none-eabi\c\</path>
         <kind>archive</kind>
         <file>libc.a</file>
         <name>args_main.c.obj</name>
      </input_file>
      <input_file id="fl-27">
         <path>C:\ti\ccs1240\ccs\tools\compiler\ti-cgt-armllvm_2.1.3.LTS\lib\armv6m-ti-none-eabi\c\</path>
         <kind>archive</kind>
         <file>libc.a</file>
         <name>autoinit.c.obj</name>
      </input_file>
      <input_file id="fl-28">
         <path>C:\ti\ccs1240\ccs\tools\compiler\ti-cgt-armllvm_2.1.3.LTS\lib\armv6m-ti-none-eabi\c\</path>
         <kind>archive</kind>
         <file>libc.a</file>
         <name>pre_init.c.obj</name>
      </input_file>
      <input_file id="fl-29">
         <path>C:\ti\ccs1240\ccs\tools\compiler\ti-cgt-armllvm_2.1.3.LTS\lib\armv6m-ti-none-eabi\c\</path>
         <kind>archive</kind>
         <file>libc.a</file>
         <name>cpy_tbl.c.obj</name>
      </input_file>
      <input_file id="fl-62">
         <path>C:\ti\ccs1240\ccs\tools\compiler\ti-cgt-armllvm_2.1.3.LTS\lib\clang\14.0.6\lib\armv6m-ti-none-eabi\</path>
         <kind>archive</kind>
         <file>libclang_rt.builtins.a</file>
         <name>aeabi_memcpy.S.obj</name>
      </input_file>
      <input_file id="fl-63">
         <path>C:\ti\ccs1240\ccs\tools\compiler\ti-cgt-armllvm_2.1.3.LTS\lib\clang\14.0.6\lib\armv6m-ti-none-eabi\</path>
         <kind>archive</kind>
         <file>libclang_rt.builtins.a</file>
         <name>aeabi_memset.S.obj</name>
      </input_file>
      <input_file id="fl-64">
         <path>C:\ti\ccs1240\ccs\tools\compiler\ti-cgt-armllvm_2.1.3.LTS\lib\clang\14.0.6\lib\armv6m-ti-none-eabi\</path>
         <kind>archive</kind>
         <file>libclang_rt.builtins.a</file>
         <name>aeabi_uidivmod.S.obj</name>
      </input_file>
      <input_file id="fl-65">
         <path>C:\ti\ccs1240\ccs\tools\compiler\ti-cgt-armllvm_2.1.3.LTS\lib\clang\14.0.6\lib\armv6m-ti-none-eabi\</path>
         <kind>archive</kind>
         <file>libclang_rt.builtins.a</file>
         <name>aeabi_div0.c.obj</name>
      </input_file>
      <input_file id="fl-66">
         <path>C:\ti\ccs1240\ccs\tools\compiler\ti-cgt-armllvm_2.1.3.LTS\lib\armv6m-ti-none-eabi\c\</path>
         <kind>archive</kind>
         <file>libc.a</file>
         <name>memcpy16.S.obj</name>
      </input_file>
      <input_file id="fl-67">
         <path>C:\ti\ccs1240\ccs\tools\compiler\ti-cgt-armllvm_2.1.3.LTS\lib\armv6m-ti-none-eabi\c\</path>
         <kind>archive</kind>
         <file>libc.a</file>
         <name>memset16.S.obj</name>
      </input_file>
   </input_file_list>
   <object_component_list>
      <object_component id="oc-18">
         <name>.intvecs</name>
         <load_address>0x0</load_address>
         <run_address>0x0</run_address>
         <size>0xc0</size>
         <input_file_ref idref="fl-2"/>
      </object_component>
      <object_component id="oc-a5">
         <name>.text.progEmuEeprom</name>
         <load_address>0xc0</load_address>
         <run_address>0xc0</run_address>
         <size>0x328</size>
         <input_file_ref idref="fl-3"/>
      </object_component>
      <object_component id="oc-a6">
         <name>.text.varifyFlashByRAM</name>
         <load_address>0x3e8</load_address>
         <run_address>0x3e8</run_address>
         <size>0x17c</size>
         <input_file_ref idref="fl-3"/>
      </object_component>
      <object_component id="oc-a4">
         <name>.text.callbackFromFlash</name>
         <load_address>0x564</load_address>
         <run_address>0x564</run_address>
         <size>0x168</size>
         <input_file_ref idref="fl-3"/>
      </object_component>
      <object_component id="oc-bb">
         <name>.text.DL_FlashCTL_unprotectSector</name>
         <load_address>0x6cc</load_address>
         <run_address>0x6cc</run_address>
         <size>0xd8</size>
         <input_file_ref idref="fl-13"/>
      </object_component>
      <object_component id="oc-76">
         <name>.text.execEmuEeprom</name>
         <load_address>0x7a4</load_address>
         <run_address>0x7a4</run_address>
         <size>0xc4</size>
         <input_file_ref idref="fl-3"/>
      </object_component>
      <object_component id="oc-6c">
         <name>.text:memcpy</name>
         <load_address>0x868</load_address>
         <run_address>0x868</run_address>
         <size>0x9a</size>
         <input_file_ref idref="fl-66"/>
      </object_component>
      <object_component id="oc-2a">
         <name>.text.Default_Handler</name>
         <load_address>0x902</load_address>
         <run_address>0x902</run_address>
         <size>0x2</size>
         <input_file_ref idref="fl-2"/>
      </object_component>
      <object_component id="oc-1c">
         <name>.text:decompress:lzss</name>
         <load_address>0x904</load_address>
         <run_address>0x904</run_address>
         <size>0x68</size>
         <input_file_ref idref="fl-21"/>
      </object_component>
      <object_component id="oc-9d">
         <name>.text:memset</name>
         <load_address>0x96c</load_address>
         <run_address>0x96c</run_address>
         <size>0x62</size>
         <input_file_ref idref="fl-67"/>
      </object_component>
      <object_component id="oc-9f">
         <name>.text.SYSCFG_DL_GPIO_init</name>
         <load_address>0x9ce</load_address>
         <run_address>0x9ce</run_address>
         <size>0x2</size>
         <input_file_ref idref="fl-1"/>
      </object_component>
      <object_component id="oc-8c">
         <name>.text:__TI_auto_init_nopinit</name>
         <load_address>0x9d0</load_address>
         <run_address>0x9d0</run_address>
         <size>0x4c</size>
         <input_file_ref idref="fl-27"/>
      </object_component>
      <object_component id="oc-b2">
         <name>.text.copy_in</name>
         <load_address>0xa1c</load_address>
         <run_address>0xa1c</run_address>
         <size>0x48</size>
         <input_file_ref idref="fl-29"/>
      </object_component>
      <object_component id="oc-a0">
         <name>.text.SYSCFG_DL_SYSCTL_init</name>
         <load_address>0xa64</load_address>
         <run_address>0xa64</run_address>
         <size>0x40</size>
         <input_file_ref idref="fl-1"/>
      </object_component>
      <object_component id="oc-d2">
         <name>.text</name>
         <load_address>0xaa4</load_address>
         <run_address>0xaa4</run_address>
         <size>0x40</size>
         <input_file_ref idref="fl-64"/>
      </object_component>
      <object_component id="oc-9e">
         <name>.text.SYSCFG_DL_initPower</name>
         <load_address>0xae4</load_address>
         <run_address>0xae4</run_address>
         <size>0x2c</size>
         <input_file_ref idref="fl-1"/>
      </object_component>
      <object_component id="oc-c1">
         <name>.text.DL_FlashCTL_programMemoryFromRAM64WithECCGenerated</name>
         <load_address>0xb10</load_address>
         <run_address>0xb10</run_address>
         <size>0x28</size>
         <input_file_ref idref="fl-13"/>
      </object_component>
      <object_component id="oc-46">
         <name>.text:_c_int00_noargs</name>
         <load_address>0xb38</load_address>
         <run_address>0xb38</run_address>
         <size>0x28</size>
         <input_file_ref idref="fl-22"/>
      </object_component>
      <object_component id="oc-51">
         <name>.text</name>
         <load_address>0xb60</load_address>
         <run_address>0xb60</run_address>
         <size>0x1c</size>
         <input_file_ref idref="fl-63"/>
      </object_component>
      <object_component id="oc-c2">
         <name>.text.DL_FlashCTL_eraseMemoryFromRAM</name>
         <load_address>0xb7c</load_address>
         <run_address>0xb7c</run_address>
         <size>0x18</size>
         <input_file_ref idref="fl-13"/>
      </object_component>
      <object_component id="oc-20">
         <name>.text:decompress:none</name>
         <load_address>0xb94</load_address>
         <run_address>0xb94</run_address>
         <size>0x12</size>
         <input_file_ref idref="fl-20"/>
      </object_component>
      <object_component id="oc-71">
         <name>.text.SYSCFG_DL_init</name>
         <load_address>0xba6</load_address>
         <run_address>0xba6</run_address>
         <size>0x10</size>
         <input_file_ref idref="fl-1"/>
      </object_component>
      <object_component id="oc-43">
         <name>.text:decompress:ZI</name>
         <load_address>0xbb6</load_address>
         <run_address>0xbb6</run_address>
         <size>0x10</size>
         <input_file_ref idref="fl-1f"/>
      </object_component>
      <object_component id="oc-b7">
         <name>.text.DL_Common_delayCycles</name>
         <load_address>0xbc6</load_address>
         <run_address>0xbc6</run_address>
         <size>0xa</size>
         <input_file_ref idref="fl-12"/>
      </object_component>
      <object_component id="oc-59">
         <name>.text.main</name>
         <load_address>0xbd0</load_address>
         <run_address>0xbd0</run_address>
         <size>0xa</size>
         <input_file_ref idref="fl-4"/>
      </object_component>
      <object_component id="oc-d9">
         <name>.text.__aeabi_idiv0</name>
         <load_address>0xbda</load_address>
         <run_address>0xbda</run_address>
         <size>0x2</size>
         <input_file_ref idref="fl-65"/>
      </object_component>
      <object_component id="oc-36">
         <name>.text</name>
         <load_address>0xbdc</load_address>
         <run_address>0xbdc</run_address>
         <size>0x8</size>
         <input_file_ref idref="fl-62"/>
      </object_component>
      <object_component id="oc-26">
         <name>.text.Reset_Handler</name>
         <load_address>0xbe4</load_address>
         <run_address>0xbe4</run_address>
         <size>0x4</size>
         <input_file_ref idref="fl-2"/>
      </object_component>
      <object_component id="oc-55">
         <name>.text._system_pre_init</name>
         <load_address>0xbe8</load_address>
         <run_address>0xbe8</run_address>
         <size>0x4</size>
         <input_file_ref idref="fl-28"/>
      </object_component>
      <object_component id="oc-7e">
         <name>.text:abort</name>
         <load_address>0xbec</load_address>
         <run_address>0xbec</run_address>
         <size>0x4</size>
         <input_file_ref idref="fl-24"/>
      </object_component>
      <object_component id="oc-121">
         <name>.tramp.DL_FlashCTL_executeCommandFromRAM.1</name>
         <load_address>0xbf0</load_address>
         <run_address>0xbf0</run_address>
         <size>0x10</size>
         <input_file_ref idref="fl-13"/>
      </object_component>
      <object_component id="oc-11b">
         <name>__TI_handler_table</name>
         <load_address>0xc30</load_address>
         <run_address>0xc30</run_address>
         <size>0xc</size>
      </object_component>
      <object_component id="oc-11e">
         <name>.cinit..bss.load</name>
         <load_address>0xc3c</load_address>
         <run_address>0xc3c</run_address>
         <size>0x8</size>
      </object_component>
      <object_component id="oc-11d">
         <name>.cinit..data.load</name>
         <load_address>0xc44</load_address>
         <run_address>0xc44</run_address>
         <size>0x8</size>
      </object_component>
      <object_component id="oc-11c">
         <name>__TI_cinit_table</name>
         <load_address>0xc4c</load_address>
         <run_address>0xc4c</run_address>
         <size>0x10</size>
      </object_component>
      <object_component id="oc-e8">
         <name>.binit</name>
         <load_address>0xc60</load_address>
         <run_address>0xc60</run_address>
         <size>0x10</size>
      </object_component>
      <object_component id="oc-d8">
         <name>.TI.ramfunc</name>
         <load_address>0xc00</load_address>
         <run_address>0x20200488</run_address>
         <size>0x2c</size>
         <input_file_ref idref="fl-13"/>
      </object_component>
      <object_component id="oc-c3">
         <name>.data.UNCORRECTED_ADDRESS_SPACE</name>
         <load_address>0x20200484</load_address>
         <run_address>0x20200484</run_address>
         <size>0x4</size>
         <input_file_ref idref="fl-3"/>
      </object_component>
      <object_component id="oc-a7">
         <name>.common:stEmuEE</name>
         <uninitialized>true</uninitialized>
         <run_address>0x20200000</run_address>
         <size>0x460</size>
      </object_component>
      <object_component id="oc-c4">
         <name>.common:address_ptr</name>
         <uninitialized>true</uninitialized>
         <run_address>0x20200480</run_address>
         <size>0x4</size>
      </object_component>
      <object_component id="oc-c5">
         <name>.common:L</name>
         <uninitialized>true</uninitialized>
         <run_address>0x20200460</run_address>
         <size>0x20</size>
      </object_component>
      <object_component id="oc-1a">
         <name>.stack</name>
         <uninitialized>true</uninitialized>
         <run_address>0x20207e00</run_address>
         <size>0x4</size>
         <input_file_ref idref="fl-22"/>
      </object_component>
      <object_component id="oc-120">
         <name>.stack</name>
         <uninitialized>true</uninitialized>
         <run_address>0x20207e00</run_address>
         <size>0x0</size>
      </object_component>
      <object_component id="oc-a1">
         <name>.debug_loc</name>
         <load_address>0x0</load_address>
         <run_address>0x0</run_address>
         <size>0x51</size>
         <input_file_ref idref="fl-1"/>
      </object_component>
      <object_component id="oc-7b">
         <name>.debug_loc</name>
         <load_address>0x51</load_address>
         <run_address>0x51</run_address>
         <size>0xd00</size>
         <input_file_ref idref="fl-3"/>
      </object_component>
      <object_component id="oc-d1">
         <name>.debug_loc</name>
         <load_address>0xd51</load_address>
         <run_address>0xd51</run_address>
         <size>0x13</size>
         <input_file_ref idref="fl-12"/>
      </object_component>
      <object_component id="oc-bd">
         <name>.debug_loc</name>
         <load_address>0xd64</load_address>
         <run_address>0xd64</run_address>
         <size>0x2946</size>
         <input_file_ref idref="fl-13"/>
      </object_component>
      <object_component id="oc-3e">
         <name>.debug_loc</name>
         <load_address>0x36aa</load_address>
         <run_address>0x36aa</run_address>
         <size>0x13b</size>
         <input_file_ref idref="fl-1f"/>
      </object_component>
      <object_component id="oc-3c">
         <name>.debug_loc</name>
         <load_address>0x37e5</load_address>
         <run_address>0x37e5</run_address>
         <size>0x6f</size>
         <input_file_ref idref="fl-20"/>
      </object_component>
      <object_component id="oc-34">
         <name>.debug_loc</name>
         <load_address>0x3854</load_address>
         <run_address>0x3854</run_address>
         <size>0xe8</size>
         <input_file_ref idref="fl-21"/>
      </object_component>
      <object_component id="oc-31">
         <name>.debug_loc</name>
         <load_address>0x393c</load_address>
         <run_address>0x393c</run_address>
         <size>0xd8</size>
         <input_file_ref idref="fl-22"/>
      </object_component>
      <object_component id="oc-84">
         <name>.debug_loc</name>
         <load_address>0x3a14</load_address>
         <run_address>0x3a14</run_address>
         <size>0x26</size>
         <input_file_ref idref="fl-24"/>
      </object_component>
      <object_component id="oc-88">
         <name>.debug_loc</name>
         <load_address>0x3a3a</load_address>
         <run_address>0x3a3a</run_address>
         <size>0x558</size>
         <input_file_ref idref="fl-27"/>
      </object_component>
      <object_component id="oc-ce">
         <name>.debug_loc</name>
         <load_address>0x3f92</load_address>
         <run_address>0x3f92</run_address>
         <size>0xb8</size>
         <input_file_ref idref="fl-29"/>
      </object_component>
      <object_component id="oc-e1">
         <name>.debug_loc</name>
         <load_address>0x404a</load_address>
         <run_address>0x404a</run_address>
         <size>0x20</size>
         <input_file_ref idref="fl-65"/>
      </object_component>
      <object_component id="oc-a2">
         <name>.debug_abbrev</name>
         <load_address>0x0</load_address>
         <run_address>0x0</run_address>
         <size>0x1ca</size>
         <input_file_ref idref="fl-1"/>
      </object_component>
      <object_component id="oc-2b">
         <name>.debug_abbrev</name>
         <load_address>0x1ca</load_address>
         <run_address>0x1ca</run_address>
         <size>0x6d</size>
         <input_file_ref idref="fl-2"/>
      </object_component>
      <object_component id="oc-a8">
         <name>.debug_abbrev</name>
         <load_address>0x237</load_address>
         <run_address>0x237</run_address>
         <size>0x305</size>
         <input_file_ref idref="fl-3"/>
      </object_component>
      <object_component id="oc-7c">
         <name>.debug_abbrev</name>
         <load_address>0x53c</load_address>
         <run_address>0x53c</run_address>
         <size>0x47</size>
         <input_file_ref idref="fl-4"/>
      </object_component>
      <object_component id="oc-cf">
         <name>.debug_abbrev</name>
         <load_address>0x583</load_address>
         <run_address>0x583</run_address>
         <size>0x62</size>
         <input_file_ref idref="fl-12"/>
      </object_component>
      <object_component id="oc-d6">
         <name>.debug_abbrev</name>
         <load_address>0x5e5</load_address>
         <run_address>0x5e5</run_address>
         <size>0x31b</size>
         <input_file_ref idref="fl-13"/>
      </object_component>
      <object_component id="oc-4f">
         <name>.debug_abbrev</name>
         <load_address>0x900</load_address>
         <run_address>0x900</run_address>
         <size>0xcb</size>
         <input_file_ref idref="fl-1f"/>
      </object_component>
      <object_component id="oc-3a">
         <name>.debug_abbrev</name>
         <load_address>0x9cb</load_address>
         <run_address>0x9cb</run_address>
         <size>0x70</size>
         <input_file_ref idref="fl-20"/>
      </object_component>
      <object_component id="oc-32">
         <name>.debug_abbrev</name>
         <load_address>0xa3b</load_address>
         <run_address>0xa3b</run_address>
         <size>0x9c</size>
         <input_file_ref idref="fl-21"/>
      </object_component>
      <object_component id="oc-2d">
         <name>.debug_abbrev</name>
         <load_address>0xad7</load_address>
         <run_address>0xad7</run_address>
         <size>0xaf</size>
         <input_file_ref idref="fl-22"/>
      </object_component>
      <object_component id="oc-aa">
         <name>.debug_abbrev</name>
         <load_address>0xb86</load_address>
         <run_address>0xb86</run_address>
         <size>0xb3</size>
         <input_file_ref idref="fl-24"/>
      </object_component>
      <object_component id="oc-b0">
         <name>.debug_abbrev</name>
         <load_address>0xc39</load_address>
         <run_address>0xc39</run_address>
         <size>0x186</size>
         <input_file_ref idref="fl-27"/>
      </object_component>
      <object_component id="oc-6f">
         <name>.debug_abbrev</name>
         <load_address>0xdbf</load_address>
         <run_address>0xdbf</run_address>
         <size>0x39</size>
         <input_file_ref idref="fl-28"/>
      </object_component>
      <object_component id="oc-cc">
         <name>.debug_abbrev</name>
         <load_address>0xdf8</load_address>
         <run_address>0xdf8</run_address>
         <size>0xda</size>
         <input_file_ref idref="fl-29"/>
      </object_component>
      <object_component id="oc-4e">
         <name>.debug_abbrev</name>
         <load_address>0xed2</load_address>
         <run_address>0xed2</run_address>
         <size>0x27</size>
         <input_file_ref idref="fl-62"/>
      </object_component>
      <object_component id="oc-6e">
         <name>.debug_abbrev</name>
         <load_address>0xef9</load_address>
         <run_address>0xef9</run_address>
         <size>0x27</size>
         <input_file_ref idref="fl-63"/>
      </object_component>
      <object_component id="oc-de">
         <name>.debug_abbrev</name>
         <load_address>0xf20</load_address>
         <run_address>0xf20</run_address>
         <size>0x27</size>
         <input_file_ref idref="fl-64"/>
      </object_component>
      <object_component id="oc-df">
         <name>.debug_abbrev</name>
         <load_address>0xf47</load_address>
         <run_address>0xf47</run_address>
         <size>0x59</size>
         <input_file_ref idref="fl-65"/>
      </object_component>
      <object_component id="oc-97">
         <name>.debug_abbrev</name>
         <load_address>0xfa0</load_address>
         <run_address>0xfa0</run_address>
         <size>0x25</size>
         <input_file_ref idref="fl-66"/>
      </object_component>
      <object_component id="oc-b6">
         <name>.debug_abbrev</name>
         <load_address>0xfc5</load_address>
         <run_address>0xfc5</run_address>
         <size>0x25</size>
         <input_file_ref idref="fl-67"/>
      </object_component>
      <object_component id="oc-123">
         <name>.debug_abbrev</name>
         <load_address>0xfea</load_address>
         <run_address>0xfea</run_address>
         <size>0x23</size>
      </object_component>
      <object_component id="oc-72">
         <name>.debug_info</name>
         <load_address>0x0</load_address>
         <run_address>0x0</run_address>
         <size>0x1dcc</size>
         <input_file_ref idref="fl-1"/>
      </object_component>
      <object_component id="oc-19">
         <name>.debug_info</name>
         <load_address>0x1dcc</load_address>
         <run_address>0x1dcc</run_address>
         <size>0x80</size>
         <input_file_ref idref="fl-2"/>
      </object_component>
      <object_component id="oc-7a">
         <name>.debug_info</name>
         <load_address>0x1e4c</load_address>
         <run_address>0x1e4c</run_address>
         <size>0x12d6</size>
         <input_file_ref idref="fl-3"/>
      </object_component>
      <object_component id="oc-5c">
         <name>.debug_info</name>
         <load_address>0x3122</load_address>
         <run_address>0x3122</run_address>
         <size>0x5b</size>
         <input_file_ref idref="fl-4"/>
      </object_component>
      <object_component id="oc-b8">
         <name>.debug_info</name>
         <load_address>0x317d</load_address>
         <run_address>0x317d</run_address>
         <size>0x75</size>
         <input_file_ref idref="fl-12"/>
      </object_component>
      <object_component id="oc-bf">
         <name>.debug_info</name>
         <load_address>0x31f2</load_address>
         <run_address>0x31f2</run_address>
         <size>0x4d71</size>
         <input_file_ref idref="fl-13"/>
      </object_component>
      <object_component id="oc-40">
         <name>.debug_info</name>
         <load_address>0x7f63</load_address>
         <run_address>0x7f63</run_address>
         <size>0x190</size>
         <input_file_ref idref="fl-1f"/>
      </object_component>
      <object_component id="oc-22">
         <name>.debug_info</name>
         <load_address>0x80f3</load_address>
         <run_address>0x80f3</run_address>
         <size>0xc6</size>
         <input_file_ref idref="fl-20"/>
      </object_component>
      <object_component id="oc-1e">
         <name>.debug_info</name>
         <load_address>0x81b9</load_address>
         <run_address>0x81b9</run_address>
         <size>0x17a</size>
         <input_file_ref idref="fl-21"/>
      </object_component>
      <object_component id="oc-1b">
         <name>.debug_info</name>
         <load_address>0x8333</load_address>
         <run_address>0x8333</run_address>
         <size>0x423</size>
         <input_file_ref idref="fl-22"/>
      </object_component>
      <object_component id="oc-81">
         <name>.debug_info</name>
         <load_address>0x8756</load_address>
         <run_address>0x8756</run_address>
         <size>0xed</size>
         <input_file_ref idref="fl-24"/>
      </object_component>
      <object_component id="oc-89">
         <name>.debug_info</name>
         <load_address>0x8843</load_address>
         <run_address>0x8843</run_address>
         <size>0x792</size>
         <input_file_ref idref="fl-27"/>
      </object_component>
      <object_component id="oc-56">
         <name>.debug_info</name>
         <load_address>0x8fd5</load_address>
         <run_address>0x8fd5</run_address>
         <size>0x46</size>
         <input_file_ref idref="fl-28"/>
      </object_component>
      <object_component id="oc-b4">
         <name>.debug_info</name>
         <load_address>0x901b</load_address>
         <run_address>0x901b</run_address>
         <size>0x1b1</size>
         <input_file_ref idref="fl-29"/>
      </object_component>
      <object_component id="oc-38">
         <name>.debug_info</name>
         <load_address>0x91cc</load_address>
         <run_address>0x91cc</run_address>
         <size>0x1a1</size>
         <input_file_ref idref="fl-62"/>
      </object_component>
      <object_component id="oc-53">
         <name>.debug_info</name>
         <load_address>0x936d</load_address>
         <run_address>0x936d</run_address>
         <size>0x1c1</size>
         <input_file_ref idref="fl-63"/>
      </object_component>
      <object_component id="oc-d4">
         <name>.debug_info</name>
         <load_address>0x952e</load_address>
         <run_address>0x952e</run_address>
         <size>0x1c4</size>
         <input_file_ref idref="fl-64"/>
      </object_component>
      <object_component id="oc-db">
         <name>.debug_info</name>
         <load_address>0x96f2</load_address>
         <run_address>0x96f2</run_address>
         <size>0x85</size>
         <input_file_ref idref="fl-65"/>
      </object_component>
      <object_component id="oc-69">
         <name>.debug_info</name>
         <load_address>0x9777</load_address>
         <run_address>0x9777</run_address>
         <size>0x2f1</size>
         <input_file_ref idref="fl-66"/>
      </object_component>
      <object_component id="oc-9c">
         <name>.debug_info</name>
         <load_address>0x9a68</load_address>
         <run_address>0x9a68</run_address>
         <size>0x23b</size>
         <input_file_ref idref="fl-67"/>
      </object_component>
      <object_component id="oc-122">
         <name>.debug_info</name>
         <load_address>0x9ca3</load_address>
         <run_address>0x9ca3</run_address>
         <size>0x119</size>
      </object_component>
      <object_component id="oc-75">
         <name>.debug_ranges</name>
         <load_address>0x0</load_address>
         <run_address>0x0</run_address>
         <size>0x28</size>
         <input_file_ref idref="fl-1"/>
      </object_component>
      <object_component id="oc-27">
         <name>.debug_ranges</name>
         <load_address>0x28</load_address>
         <run_address>0x28</run_address>
         <size>0x18</size>
         <input_file_ref idref="fl-2"/>
      </object_component>
      <object_component id="oc-77">
         <name>.debug_ranges</name>
         <load_address>0x40</load_address>
         <run_address>0x40</run_address>
         <size>0xf0</size>
         <input_file_ref idref="fl-3"/>
      </object_component>
      <object_component id="oc-bc">
         <name>.debug_ranges</name>
         <load_address>0x130</load_address>
         <run_address>0x130</run_address>
         <size>0x2b0</size>
         <input_file_ref idref="fl-13"/>
      </object_component>
      <object_component id="oc-41">
         <name>.debug_ranges</name>
         <load_address>0x3e0</load_address>
         <run_address>0x3e0</run_address>
         <size>0x18</size>
         <input_file_ref idref="fl-1f"/>
      </object_component>
      <object_component id="oc-35">
         <name>.debug_ranges</name>
         <load_address>0x3f8</load_address>
         <run_address>0x3f8</run_address>
         <size>0x30</size>
         <input_file_ref idref="fl-21"/>
      </object_component>
      <object_component id="oc-30">
         <name>.debug_ranges</name>
         <load_address>0x428</load_address>
         <run_address>0x428</run_address>
         <size>0x48</size>
         <input_file_ref idref="fl-22"/>
      </object_component>
      <object_component id="oc-80">
         <name>.debug_ranges</name>
         <load_address>0x470</load_address>
         <run_address>0x470</run_address>
         <size>0x18</size>
         <input_file_ref idref="fl-24"/>
      </object_component>
      <object_component id="oc-86">
         <name>.debug_ranges</name>
         <load_address>0x488</load_address>
         <run_address>0x488</run_address>
         <size>0xa8</size>
         <input_file_ref idref="fl-27"/>
      </object_component>
      <object_component id="oc-dd">
         <name>.debug_ranges</name>
         <load_address>0x530</load_address>
         <run_address>0x530</run_address>
         <size>0x18</size>
         <input_file_ref idref="fl-65"/>
      </object_component>
      <object_component id="oc-68">
         <name>.debug_ranges</name>
         <load_address>0x548</load_address>
         <run_address>0x548</run_address>
         <size>0x28</size>
         <input_file_ref idref="fl-66"/>
      </object_component>
      <object_component id="oc-99">
         <name>.debug_ranges</name>
         <load_address>0x570</load_address>
         <run_address>0x570</run_address>
         <size>0x28</size>
         <input_file_ref idref="fl-67"/>
      </object_component>
      <object_component id="oc-a3">
         <name>.debug_str</name>
         <load_address>0x0</load_address>
         <run_address>0x0</run_address>
         <size>0x10ca</size>
         <input_file_ref idref="fl-1"/>
      </object_component>
      <object_component id="oc-2c">
         <name>.debug_str</name>
         <load_address>0x10ca</load_address>
         <run_address>0x10ca</run_address>
         <size>0x15f</size>
         <input_file_ref idref="fl-2"/>
      </object_component>
      <object_component id="oc-a9">
         <name>.debug_str</name>
         <load_address>0x1229</load_address>
         <run_address>0x1229</run_address>
         <size>0xdd3</size>
         <input_file_ref idref="fl-3"/>
      </object_component>
      <object_component id="oc-7d">
         <name>.debug_str</name>
         <load_address>0x1ffc</load_address>
         <run_address>0x1ffc</run_address>
         <size>0x109</size>
         <input_file_ref idref="fl-4"/>
      </object_component>
      <object_component id="oc-d0">
         <name>.debug_str</name>
         <load_address>0x2105</load_address>
         <run_address>0x2105</run_address>
         <size>0x177</size>
         <input_file_ref idref="fl-12"/>
      </object_component>
      <object_component id="oc-d7">
         <name>.debug_str</name>
         <load_address>0x227c</load_address>
         <run_address>0x227c</run_address>
         <size>0x1874</size>
         <input_file_ref idref="fl-13"/>
      </object_component>
      <object_component id="oc-50">
         <name>.debug_str</name>
         <load_address>0x3af0</load_address>
         <run_address>0x3af0</run_address>
         <size>0x1e6</size>
         <input_file_ref idref="fl-1f"/>
      </object_component>
      <object_component id="oc-3b">
         <name>.debug_str</name>
         <load_address>0x3cd6</load_address>
         <run_address>0x3cd6</run_address>
         <size>0x1b3</size>
         <input_file_ref idref="fl-20"/>
      </object_component>
      <object_component id="oc-33">
         <name>.debug_str</name>
         <load_address>0x3e89</load_address>
         <run_address>0x3e89</run_address>
         <size>0x220</size>
         <input_file_ref idref="fl-21"/>
      </object_component>
      <object_component id="oc-2e">
         <name>.debug_str</name>
         <load_address>0x40a9</load_address>
         <run_address>0x40a9</run_address>
         <size>0x270</size>
         <input_file_ref idref="fl-22"/>
      </object_component>
      <object_component id="oc-ab">
         <name>.debug_str</name>
         <load_address>0x4319</load_address>
         <run_address>0x4319</run_address>
         <size>0x18a</size>
         <input_file_ref idref="fl-24"/>
      </object_component>
      <object_component id="oc-b1">
         <name>.debug_str</name>
         <load_address>0x44a3</load_address>
         <run_address>0x44a3</run_address>
         <size>0x37a</size>
         <input_file_ref idref="fl-27"/>
      </object_component>
      <object_component id="oc-70">
         <name>.debug_str</name>
         <load_address>0x481d</load_address>
         <run_address>0x481d</run_address>
         <size>0x140</size>
         <input_file_ref idref="fl-28"/>
      </object_component>
      <object_component id="oc-cd">
         <name>.debug_str</name>
         <load_address>0x495d</load_address>
         <run_address>0x495d</run_address>
         <size>0x216</size>
         <input_file_ref idref="fl-29"/>
      </object_component>
      <object_component id="oc-e0">
         <name>.debug_str</name>
         <load_address>0x4b73</load_address>
         <run_address>0x4b73</run_address>
         <size>0x19b</size>
         <input_file_ref idref="fl-65"/>
      </object_component>
      <object_component id="oc-74">
         <name>.debug_frame</name>
         <load_address>0x0</load_address>
         <run_address>0x0</run_address>
         <size>0x60</size>
         <input_file_ref idref="fl-1"/>
      </object_component>
      <object_component id="oc-28">
         <name>.debug_frame</name>
         <load_address>0x60</load_address>
         <run_address>0x60</run_address>
         <size>0x30</size>
         <input_file_ref idref="fl-2"/>
      </object_component>
      <object_component id="oc-78">
         <name>.debug_frame</name>
         <load_address>0x90</load_address>
         <run_address>0x90</run_address>
         <size>0x1bc</size>
         <input_file_ref idref="fl-3"/>
      </object_component>
      <object_component id="oc-5b">
         <name>.debug_frame</name>
         <load_address>0x24c</load_address>
         <run_address>0x24c</run_address>
         <size>0x20</size>
         <input_file_ref idref="fl-4"/>
      </object_component>
      <object_component id="oc-ba">
         <name>.debug_frame</name>
         <load_address>0x26c</load_address>
         <run_address>0x26c</run_address>
         <size>0x20</size>
         <input_file_ref idref="fl-12"/>
      </object_component>
      <object_component id="oc-be">
         <name>.debug_frame</name>
         <load_address>0x28c</load_address>
         <run_address>0x28c</run_address>
         <size>0x838</size>
         <input_file_ref idref="fl-13"/>
      </object_component>
      <object_component id="oc-3f">
         <name>.debug_frame</name>
         <load_address>0xac4</load_address>
         <run_address>0xac4</run_address>
         <size>0x38</size>
         <input_file_ref idref="fl-1f"/>
      </object_component>
      <object_component id="oc-23">
         <name>.debug_frame</name>
         <load_address>0xafc</load_address>
         <run_address>0xafc</run_address>
         <size>0x28</size>
         <input_file_ref idref="fl-20"/>
      </object_component>
      <object_component id="oc-1f">
         <name>.debug_frame</name>
         <load_address>0xb24</load_address>
         <run_address>0xb24</run_address>
         <size>0x30</size>
         <input_file_ref idref="fl-21"/>
      </object_component>
      <object_component id="oc-45">
         <name>.debug_frame</name>
         <load_address>0xb54</load_address>
         <run_address>0xb54</run_address>
         <size>0x90</size>
         <input_file_ref idref="fl-22"/>
      </object_component>
      <object_component id="oc-82">
         <name>.debug_frame</name>
         <load_address>0xbe4</load_address>
         <run_address>0xbe4</run_address>
         <size>0x30</size>
         <input_file_ref idref="fl-24"/>
      </object_component>
      <object_component id="oc-8a">
         <name>.debug_frame</name>
         <load_address>0xc14</load_address>
         <run_address>0xc14</run_address>
         <size>0x100</size>
         <input_file_ref idref="fl-27"/>
      </object_component>
      <object_component id="oc-57">
         <name>.debug_frame</name>
         <load_address>0xd14</load_address>
         <run_address>0xd14</run_address>
         <size>0x20</size>
         <input_file_ref idref="fl-28"/>
      </object_component>
      <object_component id="oc-b3">
         <name>.debug_frame</name>
         <load_address>0xd34</load_address>
         <run_address>0xd34</run_address>
         <size>0x30</size>
         <input_file_ref idref="fl-29"/>
      </object_component>
      <object_component id="oc-dc">
         <name>.debug_frame</name>
         <load_address>0xd64</load_address>
         <run_address>0xd64</run_address>
         <size>0x30</size>
         <input_file_ref idref="fl-65"/>
      </object_component>
      <object_component id="oc-73">
         <name>.debug_line</name>
         <load_address>0x0</load_address>
         <run_address>0x0</run_address>
         <size>0x347</size>
         <input_file_ref idref="fl-1"/>
      </object_component>
      <object_component id="oc-29">
         <name>.debug_line</name>
         <load_address>0x347</load_address>
         <run_address>0x347</run_address>
         <size>0xba</size>
         <input_file_ref idref="fl-2"/>
      </object_component>
      <object_component id="oc-79">
         <name>.debug_line</name>
         <load_address>0x401</load_address>
         <run_address>0x401</run_address>
         <size>0xd23</size>
         <input_file_ref idref="fl-3"/>
      </object_component>
      <object_component id="oc-5a">
         <name>.debug_line</name>
         <load_address>0x1124</load_address>
         <run_address>0x1124</run_address>
         <size>0x41</size>
         <input_file_ref idref="fl-4"/>
      </object_component>
      <object_component id="oc-b9">
         <name>.debug_line</name>
         <load_address>0x1165</load_address>
         <run_address>0x1165</run_address>
         <size>0xe4</size>
         <input_file_ref idref="fl-12"/>
      </object_component>
      <object_component id="oc-c0">
         <name>.debug_line</name>
         <load_address>0x1249</load_address>
         <run_address>0x1249</run_address>
         <size>0x1e66</size>
         <input_file_ref idref="fl-13"/>
      </object_component>
      <object_component id="oc-42">
         <name>.debug_line</name>
         <load_address>0x30af</load_address>
         <run_address>0x30af</run_address>
         <size>0xfa</size>
         <input_file_ref idref="fl-1f"/>
      </object_component>
      <object_component id="oc-21">
         <name>.debug_line</name>
         <load_address>0x31a9</load_address>
         <run_address>0x31a9</run_address>
         <size>0xb6</size>
         <input_file_ref idref="fl-20"/>
      </object_component>
      <object_component id="oc-1d">
         <name>.debug_line</name>
         <load_address>0x325f</load_address>
         <run_address>0x325f</run_address>
         <size>0x1b4</size>
         <input_file_ref idref="fl-21"/>
      </object_component>
      <object_component id="oc-2f">
         <name>.debug_line</name>
         <load_address>0x3413</load_address>
         <run_address>0x3413</run_address>
         <size>0x1fe</size>
         <input_file_ref idref="fl-22"/>
      </object_component>
      <object_component id="oc-7f">
         <name>.debug_line</name>
         <load_address>0x3611</load_address>
         <run_address>0x3611</run_address>
         <size>0x6b</size>
         <input_file_ref idref="fl-24"/>
      </object_component>
      <object_component id="oc-87">
         <name>.debug_line</name>
         <load_address>0x367c</load_address>
         <run_address>0x367c</run_address>
         <size>0x4ca</size>
         <input_file_ref idref="fl-27"/>
      </object_component>
      <object_component id="oc-58">
         <name>.debug_line</name>
         <load_address>0x3b46</load_address>
         <run_address>0x3b46</run_address>
         <size>0x3e</size>
         <input_file_ref idref="fl-28"/>
      </object_component>
      <object_component id="oc-b5">
         <name>.debug_line</name>
         <load_address>0x3b84</load_address>
         <run_address>0x3b84</run_address>
         <size>0x1ba</size>
         <input_file_ref idref="fl-29"/>
      </object_component>
      <object_component id="oc-37">
         <name>.debug_line</name>
         <load_address>0x3d3e</load_address>
         <run_address>0x3d3e</run_address>
         <size>0xa4</size>
         <input_file_ref idref="fl-62"/>
      </object_component>
      <object_component id="oc-54">
         <name>.debug_line</name>
         <load_address>0x3de2</load_address>
         <run_address>0x3de2</run_address>
         <size>0xae</size>
         <input_file_ref idref="fl-63"/>
      </object_component>
      <object_component id="oc-d3">
         <name>.debug_line</name>
         <load_address>0x3e90</load_address>
         <run_address>0x3e90</run_address>
         <size>0xc2</size>
         <input_file_ref idref="fl-64"/>
      </object_component>
      <object_component id="oc-da">
         <name>.debug_line</name>
         <load_address>0x3f52</load_address>
         <run_address>0x3f52</run_address>
         <size>0xb7</size>
         <input_file_ref idref="fl-65"/>
      </object_component>
      <object_component id="oc-6b">
         <name>.debug_line</name>
         <load_address>0x4009</load_address>
         <run_address>0x4009</run_address>
         <size>0xa0</size>
         <input_file_ref idref="fl-66"/>
      </object_component>
      <object_component id="oc-9a">
         <name>.debug_line</name>
         <load_address>0x40a9</load_address>
         <run_address>0x40a9</run_address>
         <size>0x80</size>
         <input_file_ref idref="fl-67"/>
      </object_component>
      <object_component id="oc-39">
         <name>.debug_aranges</name>
         <load_address>0x0</load_address>
         <run_address>0x0</run_address>
         <size>0x20</size>
         <input_file_ref idref="fl-62"/>
      </object_component>
      <object_component id="oc-52">
         <name>.debug_aranges</name>
         <load_address>0x20</load_address>
         <run_address>0x20</run_address>
         <size>0x20</size>
         <input_file_ref idref="fl-63"/>
      </object_component>
      <object_component id="oc-d5">
         <name>.debug_aranges</name>
         <load_address>0x40</load_address>
         <run_address>0x40</run_address>
         <size>0x20</size>
         <input_file_ref idref="fl-64"/>
      </object_component>
      <object_component id="oc-6a">
         <name>.debug_aranges</name>
         <load_address>0x60</load_address>
         <run_address>0x60</run_address>
         <size>0x28</size>
         <input_file_ref idref="fl-66"/>
      </object_component>
      <object_component id="oc-9b">
         <name>.debug_aranges</name>
         <load_address>0x88</load_address>
         <run_address>0x88</run_address>
         <size>0x28</size>
         <input_file_ref idref="fl-67"/>
      </object_component>
   </object_component_list>
   <logical_group_list>
      <logical_group id="lg-2" display="no" color="cyan">
         <name>.intvecs</name>
         <load_address>0x0</load_address>
         <run_address>0x0</run_address>
         <size>0xc0</size>
         <contents>
            <object_component_ref idref="oc-18"/>
         </contents>
      </logical_group>
      <logical_group id="lg-3" display="no" color="cyan">
         <name>.text</name>
         <load_address>0xc0</load_address>
         <run_address>0xc0</run_address>
         <size>0xb40</size>
         <contents>
            <object_component_ref idref="oc-a5"/>
            <object_component_ref idref="oc-a6"/>
            <object_component_ref idref="oc-a4"/>
            <object_component_ref idref="oc-bb"/>
            <object_component_ref idref="oc-76"/>
            <object_component_ref idref="oc-6c"/>
            <object_component_ref idref="oc-2a"/>
            <object_component_ref idref="oc-1c"/>
            <object_component_ref idref="oc-9d"/>
            <object_component_ref idref="oc-9f"/>
            <object_component_ref idref="oc-8c"/>
            <object_component_ref idref="oc-b2"/>
            <object_component_ref idref="oc-a0"/>
            <object_component_ref idref="oc-d2"/>
            <object_component_ref idref="oc-9e"/>
            <object_component_ref idref="oc-c1"/>
            <object_component_ref idref="oc-46"/>
            <object_component_ref idref="oc-51"/>
            <object_component_ref idref="oc-c2"/>
            <object_component_ref idref="oc-20"/>
            <object_component_ref idref="oc-71"/>
            <object_component_ref idref="oc-43"/>
            <object_component_ref idref="oc-b7"/>
            <object_component_ref idref="oc-59"/>
            <object_component_ref idref="oc-d9"/>
            <object_component_ref idref="oc-36"/>
            <object_component_ref idref="oc-26"/>
            <object_component_ref idref="oc-55"/>
            <object_component_ref idref="oc-7e"/>
            <object_component_ref idref="oc-121"/>
         </contents>
      </logical_group>
      <logical_group id="lg-4" display="no" color="cyan">
         <name>.const</name>
         <run_address>0x0</run_address>
         <size>0x0</size>
         <contents>
         </contents>
      </logical_group>
      <logical_group id="lg-5" display="no" color="cyan">
         <name>.cinit</name>
         <load_address>0xc30</load_address>
         <run_address>0xc30</run_address>
         <size>0x30</size>
         <contents>
            <object_component_ref idref="oc-11b"/>
            <object_component_ref idref="oc-11e"/>
            <object_component_ref idref="oc-11d"/>
            <object_component_ref idref="oc-11c"/>
         </contents>
      </logical_group>
      <logical_group id="lg-6" display="no" color="cyan">
         <name>.pinit</name>
         <run_address>0x0</run_address>
         <size>0x0</size>
         <contents>
         </contents>
      </logical_group>
      <logical_group id="lg-7" display="no" color="cyan">
         <name>.rodata</name>
         <run_address>0x0</run_address>
         <size>0x0</size>
         <contents>
         </contents>
      </logical_group>
      <logical_group id="lg-8" display="no" color="cyan">
         <name>.ARM.exidx</name>
         <run_address>0x0</run_address>
         <size>0x0</size>
         <contents>
         </contents>
      </logical_group>
      <logical_group id="lg-9" display="no" color="cyan">
         <name>.init_array</name>
         <run_address>0x0</run_address>
         <size>0x0</size>
         <contents>
         </contents>
      </logical_group>
      <logical_group id="lg-a" display="no" color="cyan">
         <name>.binit</name>
         <load_address>0xc60</load_address>
         <run_address>0xc60</run_address>
         <size>0x10</size>
         <contents>
            <object_component_ref idref="oc-e8"/>
         </contents>
      </logical_group>
      <logical_group id="lg-b" display="no" color="cyan">
         <name>.TI.ramfunc</name>
         <load_address>0xc00</load_address>
         <run_address>0x20200488</run_address>
         <size>0x30</size>
         <contents>
            <object_component_ref idref="oc-d8"/>
         </contents>
      </logical_group>
      <logical_group id="lg-c" display="no" color="cyan">
         <name>.vtable</name>
         <run_address>0x0</run_address>
         <size>0x0</size>
         <contents>
         </contents>
      </logical_group>
      <logical_group id="lg-d" display="no" color="cyan">
         <name>.args</name>
         <run_address>0x0</run_address>
         <size>0x0</size>
         <contents>
         </contents>
      </logical_group>
      <logical_group id="lg-e" display="no" color="cyan">
         <name>.data</name>
         <run_address>0x20200484</run_address>
         <size>0x4</size>
         <contents>
            <object_component_ref idref="oc-c3"/>
         </contents>
      </logical_group>
      <logical_group id="lg-f" display="no" color="cyan">
         <name>.bss</name>
         <run_address>0x20200000</run_address>
         <size>0x484</size>
         <contents>
            <object_component_ref idref="oc-a7"/>
            <object_component_ref idref="oc-c4"/>
            <object_component_ref idref="oc-c5"/>
         </contents>
      </logical_group>
      <logical_group id="lg-10" display="no" color="cyan">
         <name>.sysmem</name>
         <run_address>0x0</run_address>
         <size>0x0</size>
         <contents>
         </contents>
      </logical_group>
      <logical_group id="lg-11" display="no" color="cyan">
         <name>.stack</name>
         <run_address>0x20207e00</run_address>
         <size>0x200</size>
         <contents>
            <object_component_ref idref="oc-1a"/>
            <object_component_ref idref="oc-120"/>
         </contents>
      </logical_group>
      <logical_group id="lg-12" display="no" color="cyan">
         <name>.BCRConfig</name>
         <run_address>0x0</run_address>
         <size>0x0</size>
         <contents>
         </contents>
      </logical_group>
      <logical_group id="lg-13" display="no" color="cyan">
         <name>.BSLConfig</name>
         <run_address>0x0</run_address>
         <size>0x0</size>
         <contents>
         </contents>
      </logical_group>
      <logical_group id="lg-e2" display="no" color="cyan">
         <name>.TI.noinit</name>
         <run_address>0x0</run_address>
         <size>0x0</size>
         <contents>
         </contents>
      </logical_group>
      <logical_group id="lg-e3" display="no" color="cyan">
         <name>.TI.persistent</name>
         <run_address>0x0</run_address>
         <size>0x0</size>
         <contents>
         </contents>
      </logical_group>
      <logical_group id="lg-e4" display="no" color="cyan">
         <name>__llvm_prf_cnts</name>
         <run_address>0x20200000</run_address>
         <size>0x0</size>
         <contents>
         </contents>
      </logical_group>
      <logical_group id="lg-e6" display="no" color="cyan">
         <name>__llvm_prf_bits</name>
         <run_address>0x20200000</run_address>
         <size>0x0</size>
         <contents>
         </contents>
      </logical_group>
      <logical_group id="lg-ff" display="never" color="cyan">
         <name>.debug_loc</name>
         <load_address>0x0</load_address>
         <run_address>0x0</run_address>
         <size>0x406a</size>
         <contents>
            <object_component_ref idref="oc-a1"/>
            <object_component_ref idref="oc-7b"/>
            <object_component_ref idref="oc-d1"/>
            <object_component_ref idref="oc-bd"/>
            <object_component_ref idref="oc-3e"/>
            <object_component_ref idref="oc-3c"/>
            <object_component_ref idref="oc-34"/>
            <object_component_ref idref="oc-31"/>
            <object_component_ref idref="oc-84"/>
            <object_component_ref idref="oc-88"/>
            <object_component_ref idref="oc-ce"/>
            <object_component_ref idref="oc-e1"/>
         </contents>
      </logical_group>
      <logical_group id="lg-101" display="never" color="cyan">
         <name>.debug_abbrev</name>
         <load_address>0x0</load_address>
         <run_address>0x0</run_address>
         <size>0x100d</size>
         <contents>
            <object_component_ref idref="oc-a2"/>
            <object_component_ref idref="oc-2b"/>
            <object_component_ref idref="oc-a8"/>
            <object_component_ref idref="oc-7c"/>
            <object_component_ref idref="oc-cf"/>
            <object_component_ref idref="oc-d6"/>
            <object_component_ref idref="oc-4f"/>
            <object_component_ref idref="oc-3a"/>
            <object_component_ref idref="oc-32"/>
            <object_component_ref idref="oc-2d"/>
            <object_component_ref idref="oc-aa"/>
            <object_component_ref idref="oc-b0"/>
            <object_component_ref idref="oc-6f"/>
            <object_component_ref idref="oc-cc"/>
            <object_component_ref idref="oc-4e"/>
            <object_component_ref idref="oc-6e"/>
            <object_component_ref idref="oc-de"/>
            <object_component_ref idref="oc-df"/>
            <object_component_ref idref="oc-97"/>
            <object_component_ref idref="oc-b6"/>
            <object_component_ref idref="oc-123"/>
         </contents>
      </logical_group>
      <logical_group id="lg-103" display="never" color="cyan">
         <name>.debug_info</name>
         <load_address>0x0</load_address>
         <run_address>0x0</run_address>
         <size>0x9dbc</size>
         <contents>
            <object_component_ref idref="oc-72"/>
            <object_component_ref idref="oc-19"/>
            <object_component_ref idref="oc-7a"/>
            <object_component_ref idref="oc-5c"/>
            <object_component_ref idref="oc-b8"/>
            <object_component_ref idref="oc-bf"/>
            <object_component_ref idref="oc-40"/>
            <object_component_ref idref="oc-22"/>
            <object_component_ref idref="oc-1e"/>
            <object_component_ref idref="oc-1b"/>
            <object_component_ref idref="oc-81"/>
            <object_component_ref idref="oc-89"/>
            <object_component_ref idref="oc-56"/>
            <object_component_ref idref="oc-b4"/>
            <object_component_ref idref="oc-38"/>
            <object_component_ref idref="oc-53"/>
            <object_component_ref idref="oc-d4"/>
            <object_component_ref idref="oc-db"/>
            <object_component_ref idref="oc-69"/>
            <object_component_ref idref="oc-9c"/>
            <object_component_ref idref="oc-122"/>
         </contents>
      </logical_group>
      <logical_group id="lg-105" display="never" color="cyan">
         <name>.debug_ranges</name>
         <load_address>0x0</load_address>
         <run_address>0x0</run_address>
         <size>0x598</size>
         <contents>
            <object_component_ref idref="oc-75"/>
            <object_component_ref idref="oc-27"/>
            <object_component_ref idref="oc-77"/>
            <object_component_ref idref="oc-bc"/>
            <object_component_ref idref="oc-41"/>
            <object_component_ref idref="oc-35"/>
            <object_component_ref idref="oc-30"/>
            <object_component_ref idref="oc-80"/>
            <object_component_ref idref="oc-86"/>
            <object_component_ref idref="oc-dd"/>
            <object_component_ref idref="oc-68"/>
            <object_component_ref idref="oc-99"/>
         </contents>
      </logical_group>
      <logical_group id="lg-107" display="never" color="cyan">
         <name>.debug_str</name>
         <load_address>0x0</load_address>
         <run_address>0x0</run_address>
         <size>0x4d0e</size>
         <contents>
            <object_component_ref idref="oc-a3"/>
            <object_component_ref idref="oc-2c"/>
            <object_component_ref idref="oc-a9"/>
            <object_component_ref idref="oc-7d"/>
            <object_component_ref idref="oc-d0"/>
            <object_component_ref idref="oc-d7"/>
            <object_component_ref idref="oc-50"/>
            <object_component_ref idref="oc-3b"/>
            <object_component_ref idref="oc-33"/>
            <object_component_ref idref="oc-2e"/>
            <object_component_ref idref="oc-ab"/>
            <object_component_ref idref="oc-b1"/>
            <object_component_ref idref="oc-70"/>
            <object_component_ref idref="oc-cd"/>
            <object_component_ref idref="oc-e0"/>
         </contents>
      </logical_group>
      <logical_group id="lg-109" display="never" color="cyan">
         <name>.debug_frame</name>
         <load_address>0x0</load_address>
         <run_address>0x0</run_address>
         <size>0xd94</size>
         <contents>
            <object_component_ref idref="oc-74"/>
            <object_component_ref idref="oc-28"/>
            <object_component_ref idref="oc-78"/>
            <object_component_ref idref="oc-5b"/>
            <object_component_ref idref="oc-ba"/>
            <object_component_ref idref="oc-be"/>
            <object_component_ref idref="oc-3f"/>
            <object_component_ref idref="oc-23"/>
            <object_component_ref idref="oc-1f"/>
            <object_component_ref idref="oc-45"/>
            <object_component_ref idref="oc-82"/>
            <object_component_ref idref="oc-8a"/>
            <object_component_ref idref="oc-57"/>
            <object_component_ref idref="oc-b3"/>
            <object_component_ref idref="oc-dc"/>
         </contents>
      </logical_group>
      <logical_group id="lg-10b" display="never" color="cyan">
         <name>.debug_line</name>
         <load_address>0x0</load_address>
         <run_address>0x0</run_address>
         <size>0x4129</size>
         <contents>
            <object_component_ref idref="oc-73"/>
            <object_component_ref idref="oc-29"/>
            <object_component_ref idref="oc-79"/>
            <object_component_ref idref="oc-5a"/>
            <object_component_ref idref="oc-b9"/>
            <object_component_ref idref="oc-c0"/>
            <object_component_ref idref="oc-42"/>
            <object_component_ref idref="oc-21"/>
            <object_component_ref idref="oc-1d"/>
            <object_component_ref idref="oc-2f"/>
            <object_component_ref idref="oc-7f"/>
            <object_component_ref idref="oc-87"/>
            <object_component_ref idref="oc-58"/>
            <object_component_ref idref="oc-b5"/>
            <object_component_ref idref="oc-37"/>
            <object_component_ref idref="oc-54"/>
            <object_component_ref idref="oc-d3"/>
            <object_component_ref idref="oc-da"/>
            <object_component_ref idref="oc-6b"/>
            <object_component_ref idref="oc-9a"/>
         </contents>
      </logical_group>
      <logical_group id="lg-115" display="never" color="cyan">
         <name>.debug_aranges</name>
         <load_address>0x0</load_address>
         <run_address>0x0</run_address>
         <size>0xb0</size>
         <contents>
            <object_component_ref idref="oc-39"/>
            <object_component_ref idref="oc-52"/>
            <object_component_ref idref="oc-d5"/>
            <object_component_ref idref="oc-6a"/>
            <object_component_ref idref="oc-9b"/>
         </contents>
      </logical_group>
      <logical_group id="lg-11f" display="no" color="cyan">
         <name>Veneer$$CMSE</name>
         <run_address>0x0</run_address>
         <size>0x0</size>
         <contents>
         </contents>
      </logical_group>
      <load_segment id="lg-126" display="no" color="cyan">
         <name>SEGMENT_0</name>
         <load_address>0x0</load_address>
         <run_address>0x0</run_address>
         <size>0xc00</size>
         <flags>0x5</flags>
         <contents>
            <logical_group_ref idref="lg-2"/>
            <logical_group_ref idref="lg-3"/>
         </contents>
      </load_segment>
      <load_segment id="lg-127" display="no" color="cyan">
         <name>SEGMENT_1</name>
         <load_address>0xc00</load_address>
         <run_address>0x20200488</run_address>
         <size>0x30</size>
         <flags>0x5</flags>
         <contents>
            <logical_group_ref idref="lg-b"/>
         </contents>
      </load_segment>
      <load_segment id="lg-128" display="no" color="cyan">
         <name>SEGMENT_2</name>
         <load_address>0xc30</load_address>
         <run_address>0xc30</run_address>
         <size>0x40</size>
         <flags>0x4</flags>
         <contents>
            <logical_group_ref idref="lg-5"/>
            <logical_group_ref idref="lg-a"/>
         </contents>
      </load_segment>
      <load_segment id="lg-129" display="no" color="cyan">
         <name>SEGMENT_3</name>
         <run_address>0x20200000</run_address>
         <size>0x488</size>
         <flags>0x6</flags>
         <contents>
            <logical_group_ref idref="lg-f"/>
            <logical_group_ref idref="lg-e"/>
         </contents>
      </load_segment>
      <load_segment id="lg-12a" display="no" color="cyan">
         <name>SEGMENT_4</name>
         <run_address>0x20207e00</run_address>
         <size>0x200</size>
         <flags>0x6</flags>
         <contents>
            <logical_group_ref idref="lg-11"/>
         </contents>
      </load_segment>
   </logical_group_list>
   <placement_map>
      <memory_area display="yes" color="green">
         <name>FLASH</name>
         <page_id>0x0</page_id>
         <origin>0x0</origin>
         <length>0x20000</length>
         <used_space>0xc70</used_space>
         <unused_space>0x1f390</unused_space>
         <attributes>RX</attributes>
         <usage_details>
            <allocated_space>
               <start_address>0x0</start_address>
               <size>0xc0</size>
               <logical_group_ref idref="lg-2"/>
            </allocated_space>
            <allocated_space>
               <start_address>0xc0</start_address>
               <size>0xb40</size>
               <logical_group_ref idref="lg-3"/>
            </allocated_space>
            <allocated_space>
               <start_address>0xc00</start_address>
               <size>0x30</size>
               <logical_group_ref idref="lg-b"/>
            </allocated_space>
            <allocated_space>
               <start_address>0xc30</start_address>
               <size>0x30</size>
               <logical_group_ref idref="lg-5"/>
            </allocated_space>
            <allocated_space>
               <start_address>0xc60</start_address>
               <size>0x10</size>
               <logical_group_ref idref="lg-a"/>
            </allocated_space>
            <available_space>
               <start_address>0xc70</start_address>
               <size>0x1f390</size>
            </available_space>
         </usage_details>
      </memory_area>
      <memory_area display="yes" color="green">
         <name>SRAM</name>
         <page_id>0x0</page_id>
         <origin>0x20200000</origin>
         <length>0x8000</length>
         <used_space>0x6b8</used_space>
         <unused_space>0x7948</unused_space>
         <attributes>RWX</attributes>
         <usage_details>
            <allocated_space>
               <start_address>0x20200000</start_address>
               <size>0x0</size>
               <logical_group_ref idref="lg-e4"/>
            </allocated_space>
            <allocated_space>
               <start_address>0x20200000</start_address>
               <size>0x0</size>
               <logical_group_ref idref="lg-e6"/>
            </allocated_space>
            <allocated_space>
               <start_address>0x20200000</start_address>
               <size>0x484</size>
               <logical_group_ref idref="lg-f"/>
            </allocated_space>
            <allocated_space>
               <start_address>0x20200484</start_address>
               <size>0x4</size>
               <logical_group_ref idref="lg-e"/>
            </allocated_space>
            <allocated_space>
               <start_address>0x20200488</start_address>
               <size>0x30</size>
               <logical_group_ref idref="lg-b"/>
            </allocated_space>
            <available_space>
               <start_address>0x202004b8</start_address>
               <size>0x7948</size>
            </available_space>
            <allocated_space>
               <start_address>0x20207e00</start_address>
               <size>0x200</size>
               <logical_group_ref idref="lg-11"/>
            </allocated_space>
         </usage_details>
      </memory_area>
      <memory_area display="yes" color="green">
         <name>BCR_CONFIG</name>
         <page_id>0x0</page_id>
         <origin>0x41c00000</origin>
         <length>0x80</length>
         <used_space>0x0</used_space>
         <unused_space>0x80</unused_space>
         <attributes>R</attributes>
         <usage_details>
         </usage_details>
      </memory_area>
      <memory_area display="yes" color="green">
         <name>BSL_CONFIG</name>
         <page_id>0x0</page_id>
         <origin>0x41c00100</origin>
         <length>0x80</length>
         <used_space>0x0</used_space>
         <unused_space>0x80</unused_space>
         <attributes>R</attributes>
         <usage_details>
         </usage_details>
      </memory_area>
   </placement_map>
   <cptbl_list>
      <cptbl>
         <name>__TI_cinit_table</name>
         <cprec>
            <name>.bss</name>
            <load_address>0xc3c</load_address>
            <load_size>0x8</load_size>
            <run_address>0x20200000</run_address>
            <run_size>0x484</run_size>
            <compression>zero_init</compression>
         </cprec>
         <cprec>
            <name>.data</name>
            <load_address>0xc44</load_address>
            <load_size>0x8</load_size>
            <run_address>0x20200484</run_address>
            <run_size>0x4</run_size>
            <compression>lzss</compression>
         </cprec>
      </cptbl>
      <cptbl>
         <name>binit</name>
         <cprec>
            <name>.TI.ramfunc</name>
            <load_address>0xc00</load_address>
            <load_size>0x30</load_size>
            <run_address>0x20200488</run_address>
            <run_size>0x30</run_size>
            <compression>none</compression>
         </cprec>
      </cptbl>
   </cptbl_list>
   <handler_table>
      <handler_table_name>__TI_handler_table</handler_table_name>
      <handler>
         <index>0x0</index>
         <name>__TI_decompress_lzss</name>
      </handler>
      <handler>
         <index>0x1</index>
         <name>__TI_decompress_none</name>
      </handler>
      <handler>
         <index>0x2</index>
         <name>__TI_zero_init</name>
      </handler>
   </handler_table>
   <far_call_trampoline_list>
      <far_call_trampoline>
         <callee_name>DL_FlashCTL_executeCommandFromRAM</callee_name>
         <callee_addr>0x20200488</callee_addr>
         <trampoline_object_component_ref idref="oc-121"/>
         <trampoline_address>0xbf0</trampoline_address>
         <caller_list>
            <trampoline_call_site>
               <caller_address>0xb28</caller_address>
               <caller_object_component_ref idref="oc-c1-b6dff1e8"/>
            </trampoline_call_site>
            <trampoline_call_site>
               <caller_address>0xb8a</caller_address>
               <caller_object_component_ref idref="oc-c2-b6dff1e8"/>
            </trampoline_call_site>
         </caller_list>
      </far_call_trampoline>
   </far_call_trampoline_list>
   <trampoline_count>0x1</trampoline_count>
   <trampoline_call_count>0x2</trampoline_call_count>
   <symbol_table>
      <symbol id="sm-1">
         <name>__start___llvm_prf_cnts</name>
         <value>0x20200000</value>
      </symbol>
      <symbol id="sm-2">
         <name>__stop___llvm_prf_cnts</name>
         <value>0x20200000</value>
      </symbol>
      <symbol id="sm-3">
         <name>__start___llvm_prf_bits</name>
         <value>0x20200000</value>
      </symbol>
      <symbol id="sm-4">
         <name>__stop___llvm_prf_bits</name>
         <value>0x20200000</value>
      </symbol>
      <symbol id="sm-5">
         <name>__TI_table_binit</name>
         <value>0xc60</value>
      </symbol>
      <symbol id="sm-6">
         <name>__TI_CINIT_Base</name>
         <value>0xc4c</value>
      </symbol>
      <symbol id="sm-7">
         <name>__TI_CINIT_Limit</name>
         <value>0xc5c</value>
      </symbol>
      <symbol id="sm-8">
         <name>__TI_CINIT_Warm</name>
         <value>0xc5c</value>
      </symbol>
      <symbol id="sm-9">
         <name>__TI_Handler_Table_Base</name>
         <value>0xc30</value>
      </symbol>
      <symbol id="sm-a">
         <name>__TI_Handler_Table_Limit</name>
         <value>0xc3c</value>
      </symbol>
      <symbol id="sm-b">
         <name>binit</name>
         <value>0xc60</value>
      </symbol>
      <symbol id="sm-c">
         <name>__binit__</name>
         <value>0xc60</value>
      </symbol>
      <symbol id="sm-d">
         <name>__STACK_SIZE</name>
         <value>0x200</value>
      </symbol>
      <symbol id="sm-e">
         <name>__STACK_END</name>
         <value>0x20208000</value>
      </symbol>
      <symbol id="sm-f">
         <name>__TI_pprof_out_hndl</name>
         <value>0xffffffff</value>
      </symbol>
      <symbol id="sm-10">
         <name>__TI_prof_data_start</name>
         <value>0xffffffff</value>
      </symbol>
      <symbol id="sm-11">
         <name>__TI_prof_data_size</name>
         <value>0xffffffff</value>
      </symbol>
      <symbol id="sm-42">
         <name>SYSCFG_DL_init</name>
         <value>0xba7</value>
         <object_component_ref idref="oc-71"/>
      </symbol>
      <symbol id="sm-43">
         <name>SYSCFG_DL_initPower</name>
         <value>0xae5</value>
         <object_component_ref idref="oc-9e"/>
      </symbol>
      <symbol id="sm-44">
         <name>SYSCFG_DL_GPIO_init</name>
         <value>0x9cf</value>
         <object_component_ref idref="oc-9f"/>
      </symbol>
      <symbol id="sm-45">
         <name>SYSCFG_DL_SYSCTL_init</name>
         <value>0xa65</value>
         <object_component_ref idref="oc-a0"/>
      </symbol>
      <symbol id="sm-50">
         <name>Default_Handler</name>
         <value>0x903</value>
         <object_component_ref idref="oc-2a"/>
      </symbol>
      <symbol id="sm-51">
         <name>Reset_Handler</name>
         <value>0xbe5</value>
         <object_component_ref idref="oc-26"/>
      </symbol>
      <symbol id="sm-52">
         <name>interruptVectors</name>
         <value>0x0</value>
         <object_component_ref idref="oc-18"/>
      </symbol>
      <symbol id="sm-53">
         <name>NMI_Handler</name>
         <value>0x903</value>
         <object_component_ref idref="oc-2a"/>
      </symbol>
      <symbol id="sm-54">
         <name>HardFault_Handler</name>
         <value>0x903</value>
         <object_component_ref idref="oc-2a"/>
      </symbol>
      <symbol id="sm-55">
         <name>SVC_Handler</name>
         <value>0x903</value>
         <object_component_ref idref="oc-2a"/>
      </symbol>
      <symbol id="sm-56">
         <name>PendSV_Handler</name>
         <value>0x903</value>
         <object_component_ref idref="oc-2a"/>
      </symbol>
      <symbol id="sm-57">
         <name>SysTick_Handler</name>
         <value>0x903</value>
         <object_component_ref idref="oc-2a"/>
      </symbol>
      <symbol id="sm-58">
         <name>GROUP0_IRQHandler</name>
         <value>0x903</value>
         <object_component_ref idref="oc-2a"/>
      </symbol>
      <symbol id="sm-59">
         <name>GROUP1_IRQHandler</name>
         <value>0x903</value>
         <object_component_ref idref="oc-2a"/>
      </symbol>
      <symbol id="sm-5a">
         <name>TIMG8_IRQHandler</name>
         <value>0x903</value>
         <object_component_ref idref="oc-2a"/>
      </symbol>
      <symbol id="sm-5b">
         <name>UART3_IRQHandler</name>
         <value>0x903</value>
         <object_component_ref idref="oc-2a"/>
      </symbol>
      <symbol id="sm-5c">
         <name>ADC0_IRQHandler</name>
         <value>0x903</value>
         <object_component_ref idref="oc-2a"/>
      </symbol>
      <symbol id="sm-5d">
         <name>ADC1_IRQHandler</name>
         <value>0x903</value>
         <object_component_ref idref="oc-2a"/>
      </symbol>
      <symbol id="sm-5e">
         <name>CANFD0_IRQHandler</name>
         <value>0x903</value>
         <object_component_ref idref="oc-2a"/>
      </symbol>
      <symbol id="sm-5f">
         <name>DAC0_IRQHandler</name>
         <value>0x903</value>
         <object_component_ref idref="oc-2a"/>
      </symbol>
      <symbol id="sm-60">
         <name>SPI0_IRQHandler</name>
         <value>0x903</value>
         <object_component_ref idref="oc-2a"/>
      </symbol>
      <symbol id="sm-61">
         <name>SPI1_IRQHandler</name>
         <value>0x903</value>
         <object_component_ref idref="oc-2a"/>
      </symbol>
      <symbol id="sm-62">
         <name>UART1_IRQHandler</name>
         <value>0x903</value>
         <object_component_ref idref="oc-2a"/>
      </symbol>
      <symbol id="sm-63">
         <name>UART2_IRQHandler</name>
         <value>0x903</value>
         <object_component_ref idref="oc-2a"/>
      </symbol>
      <symbol id="sm-64">
         <name>UART0_IRQHandler</name>
         <value>0x903</value>
         <object_component_ref idref="oc-2a"/>
      </symbol>
      <symbol id="sm-65">
         <name>TIMG0_IRQHandler</name>
         <value>0x903</value>
         <object_component_ref idref="oc-2a"/>
      </symbol>
      <symbol id="sm-66">
         <name>TIMG6_IRQHandler</name>
         <value>0x903</value>
         <object_component_ref idref="oc-2a"/>
      </symbol>
      <symbol id="sm-67">
         <name>TIMA0_IRQHandler</name>
         <value>0x903</value>
         <object_component_ref idref="oc-2a"/>
      </symbol>
      <symbol id="sm-68">
         <name>TIMA1_IRQHandler</name>
         <value>0x903</value>
         <object_component_ref idref="oc-2a"/>
      </symbol>
      <symbol id="sm-69">
         <name>TIMG7_IRQHandler</name>
         <value>0x903</value>
         <object_component_ref idref="oc-2a"/>
      </symbol>
      <symbol id="sm-6a">
         <name>TIMG12_IRQHandler</name>
         <value>0x903</value>
         <object_component_ref idref="oc-2a"/>
      </symbol>
      <symbol id="sm-6b">
         <name>I2C0_IRQHandler</name>
         <value>0x903</value>
         <object_component_ref idref="oc-2a"/>
      </symbol>
      <symbol id="sm-6c">
         <name>I2C1_IRQHandler</name>
         <value>0x903</value>
         <object_component_ref idref="oc-2a"/>
      </symbol>
      <symbol id="sm-6d">
         <name>AES_IRQHandler</name>
         <value>0x903</value>
         <object_component_ref idref="oc-2a"/>
      </symbol>
      <symbol id="sm-6e">
         <name>RTC_IRQHandler</name>
         <value>0x903</value>
         <object_component_ref idref="oc-2a"/>
      </symbol>
      <symbol id="sm-6f">
         <name>DMA_IRQHandler</name>
         <value>0x903</value>
         <object_component_ref idref="oc-2a"/>
      </symbol>
      <symbol id="sm-8b">
         <name>stEmuEE</name>
         <value>0x20200000</value>
      </symbol>
      <symbol id="sm-8c">
         <name>callbackFromFlash</name>
         <value>0x565</value>
         <object_component_ref idref="oc-a4"/>
      </symbol>
      <symbol id="sm-8d">
         <name>varifyFlashByRAM</name>
         <value>0x3e9</value>
         <object_component_ref idref="oc-a6"/>
      </symbol>
      <symbol id="sm-8e">
         <name>UNCORRECTED_ADDRESS_SPACE</name>
         <value>0x20200484</value>
         <object_component_ref idref="oc-c3"/>
      </symbol>
      <symbol id="sm-8f">
         <name>address_ptr</name>
         <value>0x20200480</value>
      </symbol>
      <symbol id="sm-90">
         <name>L</name>
         <value>0x20200460</value>
      </symbol>
      <symbol id="sm-91">
         <name>progEmuEeprom</name>
         <value>0xc1</value>
         <object_component_ref idref="oc-a5"/>
      </symbol>
      <symbol id="sm-92">
         <name>execEmuEeprom</name>
         <value>0x7a5</value>
         <object_component_ref idref="oc-76"/>
      </symbol>
      <symbol id="sm-9a">
         <name>main</name>
         <value>0xbd1</value>
         <object_component_ref idref="oc-59"/>
      </symbol>
      <symbol id="sm-a3">
         <name>DL_Common_delayCycles</name>
         <value>0xbc7</value>
         <object_component_ref idref="oc-b7"/>
      </symbol>
      <symbol id="sm-b8">
         <name>DL_FlashCTL_eraseMemoryFromRAM</name>
         <value>0xb7d</value>
         <object_component_ref idref="oc-c2"/>
      </symbol>
      <symbol id="sm-b9">
         <name>DL_FlashCTL_programMemoryFromRAM64WithECCGenerated</name>
         <value>0xb11</value>
         <object_component_ref idref="oc-c1"/>
      </symbol>
      <symbol id="sm-ba">
         <name>DL_FlashCTL_unprotectSector</name>
         <value>0x6cd</value>
         <object_component_ref idref="oc-bb"/>
      </symbol>
      <symbol id="sm-c7">
         <name>__TI_zero_init</name>
         <value>0xbb7</value>
         <object_component_ref idref="oc-43"/>
      </symbol>
      <symbol id="sm-d0">
         <name>__TI_decompress_none</name>
         <value>0xb95</value>
         <object_component_ref idref="oc-20"/>
      </symbol>
      <symbol id="sm-db">
         <name>__TI_decompress_lzss</name>
         <value>0x905</value>
         <object_component_ref idref="oc-1c"/>
      </symbol>
      <symbol id="sm-e6">
         <name>_c_int00_noargs</name>
         <value>0xb39</value>
         <object_component_ref idref="oc-46"/>
      </symbol>
      <symbol id="sm-e7">
         <name>__stack</name>
         <value>0x20207e00</value>
         <object_component_ref idref="oc-1a"/>
      </symbol>
      <symbol id="sm-f2">
         <name>abort</name>
         <value>0xbed</value>
         <object_component_ref idref="oc-7e"/>
      </symbol>
      <symbol id="sm-f3">
         <name>C$$EXIT</name>
         <value>0xbec</value>
         <object_component_ref idref="oc-7e"/>
      </symbol>
      <symbol id="sm-100">
         <name>__TI_auto_init_nopinit</name>
         <value>0x9d1</value>
         <object_component_ref idref="oc-8c"/>
      </symbol>
      <symbol id="sm-108">
         <name>_system_pre_init</name>
         <value>0xbe9</value>
         <object_component_ref idref="oc-55"/>
      </symbol>
      <symbol id="sm-112">
         <name>copy_in</name>
         <value>0xa1d</value>
         <object_component_ref idref="oc-b2"/>
      </symbol>
      <symbol id="sm-118">
         <name>__aeabi_memcpy</name>
         <value>0xbdd</value>
         <object_component_ref idref="oc-36"/>
      </symbol>
      <symbol id="sm-119">
         <name>__aeabi_memcpy4</name>
         <value>0xbdd</value>
         <object_component_ref idref="oc-36"/>
      </symbol>
      <symbol id="sm-11a">
         <name>__aeabi_memcpy8</name>
         <value>0xbdd</value>
         <object_component_ref idref="oc-36"/>
      </symbol>
      <symbol id="sm-120">
         <name>__aeabi_memset</name>
         <value>0xb61</value>
         <object_component_ref idref="oc-51"/>
      </symbol>
      <symbol id="sm-121">
         <name>__aeabi_memset4</name>
         <value>0xb61</value>
         <object_component_ref idref="oc-51"/>
      </symbol>
      <symbol id="sm-122">
         <name>__aeabi_memset8</name>
         <value>0xb61</value>
         <object_component_ref idref="oc-51"/>
      </symbol>
      <symbol id="sm-123">
         <name>__aeabi_memclr</name>
         <value>0xb71</value>
         <object_component_ref idref="oc-51"/>
      </symbol>
      <symbol id="sm-124">
         <name>__aeabi_memclr4</name>
         <value>0xb71</value>
         <object_component_ref idref="oc-51"/>
      </symbol>
      <symbol id="sm-125">
         <name>__aeabi_memclr8</name>
         <value>0xb71</value>
         <object_component_ref idref="oc-51"/>
      </symbol>
      <symbol id="sm-12b">
         <name>__aeabi_uidiv</name>
         <value>0xaa5</value>
         <object_component_ref idref="oc-d2"/>
      </symbol>
      <symbol id="sm-12c">
         <name>__aeabi_uidivmod</name>
         <value>0xaa5</value>
         <object_component_ref idref="oc-d2"/>
      </symbol>
      <symbol id="sm-136">
         <name>__aeabi_idiv0</name>
         <value>0xbdb</value>
         <object_component_ref idref="oc-d9"/>
      </symbol>
      <symbol id="sm-14f">
         <name>memcpy</name>
         <value>0x869</value>
         <object_component_ref idref="oc-6c"/>
      </symbol>
      <symbol id="sm-15e">
         <name>memset</name>
         <value>0x96d</value>
         <object_component_ref idref="oc-9d"/>
      </symbol>
      <symbol id="sm-15f">
         <name>__TI_static_base__</name>
         <value>0x0</value>
      </symbol>
      <symbol id="sm-163">
         <name>__mpu_init</name>
         <value>0x0</value>
      </symbol>
      <symbol id="sm-164">
         <name>_system_post_cinit</name>
         <value>0x0</value>
      </symbol>
   </symbol_table>
   <title>Link successful</title>
</link_info>
