<?xml version="1.0" encoding="ISO-8859-1" ?>
<link_info>
   <banner>TI ARM Clang Linker PC v3.2.2.LTS</banner>
   <copyright>Copyright (c) 1996-2018 Texas Instruments Incorporated</copyright>
   <link_time>0x673e97ce</link_time>
   <link_errors>0x0</link_errors>
   <output_file>C:\Users\roger_lin\Desktop\ADC\adc12_single_conversion_LP_MSPM0G3507_nortos_ticlang\Debug\adc12_single_conversion_LP_MSPM0G3507_nortos_ticlang.out</output_file>
   <entry_point>
      <name>_c_int00_noargs</name>
      <address>0x635</address>
   </entry_point>
   <input_file_list>
      <input_file id="fl-1">
         <path>C:\Users\roger_lin\Desktop\ADC\adc12_single_conversion_LP_MSPM0G3507_nortos_ticlang\Debug\.\</path>
         <kind>object</kind>
         <file>ti_msp_dl_config.o</file>
         <name>ti_msp_dl_config.o</name>
      </input_file>
      <input_file id="fl-2">
         <path>C:\Users\roger_lin\Desktop\ADC\adc12_single_conversion_LP_MSPM0G3507_nortos_ticlang\Debug\.\</path>
         <kind>object</kind>
         <file>startup_mspm0g350x_ticlang.o</file>
         <name>startup_mspm0g350x_ticlang.o</name>
      </input_file>
      <input_file id="fl-3">
         <path>C:\Users\roger_lin\Desktop\ADC\adc12_single_conversion_LP_MSPM0G3507_nortos_ticlang\Debug\.\</path>
         <kind>object</kind>
         <file>main.o</file>
         <name>main.o</name>
      </input_file>
      <input_file id="fl-10">
         <path>C:\Users\roger_lin\Desktop\ADC\adc12_single_conversion_LP_MSPM0G3507_nortos_ticlang\Debug\</path>
         <kind>object</kind>
         <file>&lt;internal&gt;</file>
         <name>&lt;internal&gt;</name>
      </input_file>
      <input_file id="fl-11">
         <path>C:\ti\mspm0_sdk_2_02_00_05\source\ti\driverlib\lib\ticlang\m0p\mspm0g1x0x_g3x0x\</path>
         <kind>archive</kind>
         <file>driverlib.a</file>
         <name>dl_adc12.o</name>
      </input_file>
      <input_file id="fl-12">
         <path>C:\ti\mspm0_sdk_2_02_00_05\source\ti\driverlib\lib\ticlang\m0p\mspm0g1x0x_g3x0x\</path>
         <kind>archive</kind>
         <file>driverlib.a</file>
         <name>dl_common.o</name>
      </input_file>
      <input_file id="fl-13">
         <path>C:\ti\mspm0_sdk_2_02_00_05\source\ti\driverlib\lib\ticlang\m0p\mspm0g1x0x_g3x0x\</path>
         <kind>archive</kind>
         <file>driverlib.a</file>
         <name>dl_timer.o</name>
      </input_file>
      <input_file id="fl-22">
         <path>C:\ti\ccs1280\ccs\tools\compiler\ti-cgt-armllvm_3.2.2.LTS\lib\armv6m-ti-none-eabi\c\</path>
         <kind>archive</kind>
         <file>libc.a</file>
         <name>boot_cortex_m.c.obj</name>
      </input_file>
      <input_file id="fl-23">
         <path>C:\ti\ccs1280\ccs\tools\compiler\ti-cgt-armllvm_3.2.2.LTS\lib\armv6m-ti-none-eabi\c\</path>
         <kind>archive</kind>
         <file>libc.a</file>
         <name>mathacl_init.c.obj</name>
      </input_file>
      <input_file id="fl-24">
         <path>C:\ti\ccs1280\ccs\tools\compiler\ti-cgt-armllvm_3.2.2.LTS\lib\armv6m-ti-none-eabi\c\</path>
         <kind>archive</kind>
         <file>libc.a</file>
         <name>autoinit.c.obj</name>
      </input_file>
      <input_file id="fl-25">
         <path>C:\ti\ccs1280\ccs\tools\compiler\ti-cgt-armllvm_3.2.2.LTS\lib\armv6m-ti-none-eabi\c\</path>
         <kind>archive</kind>
         <file>libc.a</file>
         <name>pre_init.c.obj</name>
      </input_file>
      <input_file id="fl-26">
         <path>C:\ti\ccs1280\ccs\tools\compiler\ti-cgt-armllvm_3.2.2.LTS\lib\armv6m-ti-none-eabi\c\</path>
         <kind>archive</kind>
         <file>libc.a</file>
         <name>cpy_tbl.c.obj</name>
      </input_file>
      <input_file id="fl-27">
         <path>C:\ti\ccs1280\ccs\tools\compiler\ti-cgt-armllvm_3.2.2.LTS\lib\armv6m-ti-none-eabi\c\</path>
         <kind>archive</kind>
         <file>libc.a</file>
         <name>copy_zero_init.c.obj</name>
      </input_file>
      <input_file id="fl-28">
         <path>C:\ti\ccs1280\ccs\tools\compiler\ti-cgt-armllvm_3.2.2.LTS\lib\armv6m-ti-none-eabi\c\</path>
         <kind>archive</kind>
         <file>libc.a</file>
         <name>copy_decompress_none.c.obj</name>
      </input_file>
      <input_file id="fl-29">
         <path>C:\ti\ccs1280\ccs\tools\compiler\ti-cgt-armllvm_3.2.2.LTS\lib\armv6m-ti-none-eabi\c\</path>
         <kind>archive</kind>
         <file>libc.a</file>
         <name>copy_decompress_lzss.c.obj</name>
      </input_file>
      <input_file id="fl-2a">
         <path>C:\ti\ccs1280\ccs\tools\compiler\ti-cgt-armllvm_3.2.2.LTS\lib\armv6m-ti-none-eabi\c\</path>
         <kind>archive</kind>
         <file>libc.a</file>
         <name>exit.c.obj</name>
      </input_file>
      <input_file id="fl-2b">
         <path>C:\ti\ccs1280\ccs\tools\compiler\ti-cgt-armllvm_3.2.2.LTS\lib\armv6m-ti-none-eabi\c\</path>
         <kind>archive</kind>
         <file>libc.a</file>
         <name>_lock.c.obj</name>
      </input_file>
      <input_file id="fl-2c">
         <path>C:\ti\ccs1280\ccs\tools\compiler\ti-cgt-armllvm_3.2.2.LTS\lib\armv6m-ti-none-eabi\c\</path>
         <kind>archive</kind>
         <file>libc.a</file>
         <name>args_main.c.obj</name>
      </input_file>
      <input_file id="fl-92">
         <path>C:\ti\ccs1280\ccs\tools\compiler\ti-cgt-armllvm_3.2.2.LTS\lib\clang\15.0.7\lib\armv6m-ti-none-eabi\</path>
         <kind>archive</kind>
         <file>libclang_rt.builtins.a</file>
         <name>muldf3.S.obj</name>
      </input_file>
      <input_file id="fl-93">
         <path>C:\ti\ccs1280\ccs\tools\compiler\ti-cgt-armllvm_3.2.2.LTS\lib\clang\15.0.7\lib\armv6m-ti-none-eabi\</path>
         <kind>archive</kind>
         <file>libclang_rt.builtins.a</file>
         <name>muldsi3.S.obj</name>
      </input_file>
      <input_file id="fl-94">
         <path>C:\ti\ccs1280\ccs\tools\compiler\ti-cgt-armllvm_3.2.2.LTS\lib\clang\15.0.7\lib\armv6m-ti-none-eabi\</path>
         <kind>archive</kind>
         <file>libclang_rt.builtins.a</file>
         <name>divsf3.S.obj</name>
      </input_file>
      <input_file id="fl-95">
         <path>C:\ti\ccs1280\ccs\tools\compiler\ti-cgt-armllvm_3.2.2.LTS\lib\clang\15.0.7\lib\armv6m-ti-none-eabi\</path>
         <kind>archive</kind>
         <file>libclang_rt.builtins.a</file>
         <name>extendsfdf2.S.obj</name>
      </input_file>
      <input_file id="fl-96">
         <path>C:\ti\ccs1280\ccs\tools\compiler\ti-cgt-armllvm_3.2.2.LTS\lib\clang\15.0.7\lib\armv6m-ti-none-eabi\</path>
         <kind>archive</kind>
         <file>libclang_rt.builtins.a</file>
         <name>floatunsisf.S.obj</name>
      </input_file>
      <input_file id="fl-97">
         <path>C:\ti\ccs1280\ccs\tools\compiler\ti-cgt-armllvm_3.2.2.LTS\lib\clang\15.0.7\lib\armv6m-ti-none-eabi\</path>
         <kind>archive</kind>
         <file>libclang_rt.builtins.a</file>
         <name>truncdfsf2.S.obj</name>
      </input_file>
      <input_file id="fl-98">
         <path>C:\ti\ccs1280\ccs\tools\compiler\ti-cgt-armllvm_3.2.2.LTS\lib\clang\15.0.7\lib\armv6m-ti-none-eabi\</path>
         <kind>archive</kind>
         <file>libclang_rt.builtins.a</file>
         <name>aeabi_memcpy.S.obj</name>
      </input_file>
      <input_file id="fl-99">
         <path>C:\ti\ccs1280\ccs\tools\compiler\ti-cgt-armllvm_3.2.2.LTS\lib\clang\15.0.7\lib\armv6m-ti-none-eabi\</path>
         <kind>archive</kind>
         <file>libclang_rt.builtins.a</file>
         <name>aeabi_memset.S.obj</name>
      </input_file>
      <input_file id="fl-9a">
         <path>C:\ti\ccs1280\ccs\tools\compiler\ti-cgt-armllvm_3.2.2.LTS\lib\armv6m-ti-none-eabi\c\</path>
         <kind>archive</kind>
         <file>libc.a</file>
         <name>memcpy16.S.obj</name>
      </input_file>
      <input_file id="fl-9b">
         <path>C:\ti\ccs1280\ccs\tools\compiler\ti-cgt-armllvm_3.2.2.LTS\lib\armv6m-ti-none-eabi\c\</path>
         <kind>archive</kind>
         <file>libc.a</file>
         <name>memset16.S.obj</name>
      </input_file>
   </input_file_list>
   <object_component_list>
      <object_component id="oc-18">
         <name>.intvecs</name>
         <load_address>0x0</load_address>
         <readonly>true</readonly>
         <run_address>0x0</run_address>
         <size>0xc0</size>
         <alignment>0x4</alignment>
         <input_file_ref idref="fl-2"/>
      </object_component>
      <object_component id="oc-e4">
         <name>.text.DL_Timer_initTimerMode</name>
         <load_address>0xc0</load_address>
         <readonly>true</readonly>
         <executable>true</executable>
         <run_address>0xc0</run_address>
         <size>0xe8</size>
         <alignment>0x4</alignment>
         <input_file_ref idref="fl-13"/>
      </object_component>
      <object_component id="oc-67">
         <name>.text.__muldf3</name>
         <load_address>0x1a8</load_address>
         <readonly>true</readonly>
         <executable>true</executable>
         <run_address>0x1a8</run_address>
         <size>0xe4</size>
         <alignment>0x4</alignment>
         <input_file_ref idref="fl-92"/>
      </object_component>
      <object_component id="oc-5f">
         <name>.text.__divsf3</name>
         <load_address>0x28c</load_address>
         <readonly>true</readonly>
         <executable>true</executable>
         <run_address>0x28c</run_address>
         <size>0x82</size>
         <alignment>0x4</alignment>
         <input_file_ref idref="fl-94"/>
      </object_component>
      <object_component id="oc-33">
         <name>.text.Default_Handler</name>
         <load_address>0x30e</load_address>
         <readonly>true</readonly>
         <executable>true</executable>
         <run_address>0x30e</run_address>
         <size>0x2</size>
         <alignment>0x2</alignment>
         <input_file_ref idref="fl-2"/>
      </object_component>
      <object_component id="oc-6b">
         <name>.text.__truncdfsf2</name>
         <load_address>0x310</load_address>
         <readonly>true</readonly>
         <executable>true</executable>
         <run_address>0x310</run_address>
         <size>0x74</size>
         <alignment>0x10</alignment>
         <input_file_ref idref="fl-97"/>
      </object_component>
      <object_component id="oc-c9">
         <name>.text.SYSCFG_DL_ADC12_0_init</name>
         <load_address>0x384</load_address>
         <readonly>true</readonly>
         <executable>true</executable>
         <run_address>0x384</run_address>
         <size>0x68</size>
         <alignment>0x4</alignment>
         <input_file_ref idref="fl-1"/>
      </object_component>
      <object_component id="oc-34">
         <name>.text.TIMG6_IRQHandler</name>
         <load_address>0x3ec</load_address>
         <readonly>true</readonly>
         <executable>true</executable>
         <run_address>0x3ec</run_address>
         <size>0x54</size>
         <alignment>0x4</alignment>
         <input_file_ref idref="fl-3"/>
      </object_component>
      <object_component id="oc-e7">
         <name>.text.DL_ADC12_setClockConfig</name>
         <load_address>0x440</load_address>
         <readonly>true</readonly>
         <executable>true</executable>
         <run_address>0x440</run_address>
         <size>0x40</size>
         <alignment>0x4</alignment>
         <input_file_ref idref="fl-11"/>
      </object_component>
      <object_component id="oc-c4">
         <name>.text.SYSCFG_DL_initPower</name>
         <load_address>0x480</load_address>
         <readonly>true</readonly>
         <executable>true</executable>
         <run_address>0x480</run_address>
         <size>0x40</size>
         <alignment>0x4</alignment>
         <input_file_ref idref="fl-1"/>
      </object_component>
      <object_component id="oc-63">
         <name>.text.__extendsfdf2</name>
         <load_address>0x4c0</load_address>
         <readonly>true</readonly>
         <executable>true</executable>
         <run_address>0x4c0</run_address>
         <size>0x40</size>
         <alignment>0x4</alignment>
         <input_file_ref idref="fl-95"/>
      </object_component>
      <object_component id="oc-aa">
         <name>.text:__TI_auto_init_nobinit_nopinit</name>
         <load_address>0x500</load_address>
         <readonly>true</readonly>
         <executable>true</executable>
         <run_address>0x500</run_address>
         <size>0x3c</size>
         <alignment>0x4</alignment>
         <input_file_ref idref="fl-24"/>
      </object_component>
      <object_component id="oc-8e">
         <name>.text.__muldsi3</name>
         <load_address>0x53c</load_address>
         <readonly>true</readonly>
         <executable>true</executable>
         <run_address>0x53c</run_address>
         <size>0x3a</size>
         <alignment>0x4</alignment>
         <input_file_ref idref="fl-93"/>
      </object_component>
      <object_component id="oc-c8">
         <name>.text.SYSCFG_DL_TIMER_0_init</name>
         <load_address>0x578</load_address>
         <readonly>true</readonly>
         <executable>true</executable>
         <run_address>0x578</run_address>
         <size>0x38</size>
         <alignment>0x4</alignment>
         <input_file_ref idref="fl-1"/>
      </object_component>
      <object_component id="oc-c6">
         <name>.text.SYSCFG_DL_SYSCTL_init</name>
         <load_address>0x5b0</load_address>
         <readonly>true</readonly>
         <executable>true</executable>
         <run_address>0x5b0</run_address>
         <size>0x30</size>
         <alignment>0x4</alignment>
         <input_file_ref idref="fl-1"/>
      </object_component>
      <object_component id="oc-80">
         <name>.text.main</name>
         <load_address>0x5e0</load_address>
         <readonly>true</readonly>
         <executable>true</executable>
         <run_address>0x5e0</run_address>
         <size>0x2c</size>
         <alignment>0x4</alignment>
         <input_file_ref idref="fl-3"/>
      </object_component>
      <object_component id="oc-5b">
         <name>.text.__floatunsisf</name>
         <load_address>0x60c</load_address>
         <readonly>true</readonly>
         <executable>true</executable>
         <run_address>0x60c</run_address>
         <size>0x28</size>
         <alignment>0x4</alignment>
         <input_file_ref idref="fl-96"/>
      </object_component>
      <object_component id="oc-54">
         <name>.text:_c_int00_noargs</name>
         <load_address>0x634</load_address>
         <readonly>true</readonly>
         <executable>true</executable>
         <run_address>0x634</run_address>
         <size>0x28</size>
         <alignment>0x4</alignment>
         <input_file_ref idref="fl-22"/>
      </object_component>
      <object_component id="oc-9e">
         <name>.text.SYSCFG_DL_init</name>
         <load_address>0x65c</load_address>
         <readonly>true</readonly>
         <executable>true</executable>
         <run_address>0x65c</run_address>
         <size>0x24</size>
         <alignment>0x4</alignment>
         <input_file_ref idref="fl-1"/>
      </object_component>
      <object_component id="oc-de">
         <name>.text.DL_Timer_setClockConfig</name>
         <load_address>0x680</load_address>
         <readonly>true</readonly>
         <executable>true</executable>
         <run_address>0x680</run_address>
         <size>0x1c</size>
         <alignment>0x4</alignment>
         <input_file_ref idref="fl-13"/>
      </object_component>
      <object_component id="oc-c5">
         <name>.text.SYSCFG_DL_GPIO_init</name>
         <load_address>0x69c</load_address>
         <readonly>true</readonly>
         <executable>true</executable>
         <run_address>0x69c</run_address>
         <size>0x18</size>
         <alignment>0x4</alignment>
         <input_file_ref idref="fl-1"/>
      </object_component>
      <object_component id="oc-4b">
         <name>.text:decompress:ZI:__TI_zero_init_nomemset</name>
         <load_address>0x6b4</load_address>
         <readonly>true</readonly>
         <executable>true</executable>
         <run_address>0x6b4</run_address>
         <size>0x16</size>
         <alignment>0x2</alignment>
         <input_file_ref idref="fl-27"/>
      </object_component>
      <object_component id="oc-da">
         <name>.text.DL_Common_delayCycles</name>
         <load_address>0x6ca</load_address>
         <readonly>true</readonly>
         <executable>true</executable>
         <run_address>0x6ca</run_address>
         <size>0xa</size>
         <alignment>0x2</alignment>
         <input_file_ref idref="fl-12"/>
      </object_component>
      <object_component id="oc-2f">
         <name>.text.Reset_Handler</name>
         <load_address>0x6d4</load_address>
         <readonly>true</readonly>
         <executable>true</executable>
         <run_address>0x6d4</run_address>
         <size>0x4</size>
         <alignment>0x2</alignment>
         <input_file_ref idref="fl-2"/>
      </object_component>
      <object_component id="oc-7c">
         <name>.text._system_pre_init</name>
         <load_address>0x6d8</load_address>
         <readonly>true</readonly>
         <executable>true</executable>
         <run_address>0x6d8</run_address>
         <size>0x4</size>
         <alignment>0x2</alignment>
         <input_file_ref idref="fl-25"/>
      </object_component>
      <object_component id="oc-a3">
         <name>.text:abort</name>
         <load_address>0x6dc</load_address>
         <readonly>true</readonly>
         <executable>true</executable>
         <run_address>0x6dc</run_address>
         <size>0x4</size>
         <alignment>0x2</alignment>
         <input_file_ref idref="fl-2a"/>
      </object_component>
      <object_component id="oc-13f">
         <name>.cinit..bss.load</name>
         <load_address>0x700</load_address>
         <readonly>true</readonly>
         <run_address>0x700</run_address>
         <size>0x8</size>
         <alignment>0x4</alignment>
      </object_component>
      <object_component id="oc-13d">
         <name>__TI_handler_table</name>
         <load_address>0x708</load_address>
         <readonly>true</readonly>
         <run_address>0x708</run_address>
         <size>0x4</size>
         <alignment>0x4</alignment>
      </object_component>
      <object_component id="oc-13e">
         <name>__TI_cinit_table</name>
         <load_address>0x70c</load_address>
         <readonly>true</readonly>
         <run_address>0x70c</run_address>
         <size>0x8</size>
         <alignment>0x4</alignment>
      </object_component>
      <object_component id="oc-e6">
         <name>.rodata.gTIMER_0TimerConfig</name>
         <load_address>0x6e0</load_address>
         <readonly>true</readonly>
         <run_address>0x6e0</run_address>
         <size>0x14</size>
         <alignment>0x4</alignment>
         <input_file_ref idref="fl-1"/>
      </object_component>
      <object_component id="oc-ed">
         <name>.rodata.gADC12_0ClockConfig</name>
         <load_address>0x6f4</load_address>
         <readonly>true</readonly>
         <run_address>0x6f4</run_address>
         <size>0x8</size>
         <alignment>0x4</alignment>
         <input_file_ref idref="fl-1"/>
      </object_component>
      <object_component id="oc-e5">
         <name>.rodata.gTIMER_0ClockConfig</name>
         <load_address>0x6fc</load_address>
         <readonly>true</readonly>
         <run_address>0x6fc</run_address>
         <size>0x3</size>
         <alignment>0x1</alignment>
         <input_file_ref idref="fl-1"/>
      </object_component>
      <object_component id="oc-107">
         <name>.binit</name>
         <load_address>0x0</load_address>
         <readonly>true</readonly>
         <run_address>0x0</run_address>
         <size>0x0</size>
         <alignment>0x4</alignment>
      </object_component>
      <object_component id="oc-ca">
         <name>.common:gTIMER_0Backup</name>
         <uninitialized>true</uninitialized>
         <readwrite>true</readwrite>
         <run_address>0x20200000</run_address>
         <size>0xa0</size>
         <alignment>0x4</alignment>
      </object_component>
      <object_component id="oc-6f">
         <name>.common:AdcResult</name>
         <uninitialized>true</uninitialized>
         <readwrite>true</readwrite>
         <run_address>0x202000a4</run_address>
         <size>0x2</size>
         <alignment>0x2</alignment>
      </object_component>
      <object_component id="oc-70">
         <name>.common:corrected_voltage</name>
         <uninitialized>true</uninitialized>
         <readwrite>true</readwrite>
         <run_address>0x202000a0</run_address>
         <size>0x4</size>
         <alignment>0x4</alignment>
      </object_component>
      <object_component id="oc-1a">
         <name>.stack</name>
         <uninitialized>true</uninitialized>
         <readwrite>true</readwrite>
         <run_address>0x20207e00</run_address>
         <size>0x4</size>
         <alignment>0x4</alignment>
         <input_file_ref idref="fl-22"/>
      </object_component>
      <object_component id="oc-141">
         <name>.stack</name>
         <uninitialized>true</uninitialized>
         <readwrite>true</readwrite>
         <run_address>0x20207e00</run_address>
         <size>0x0</size>
         <alignment>0x8</alignment>
      </object_component>
      <object_component id="oc-c7">
         <name>.debug_loc</name>
         <load_address>0x0</load_address>
         <run_address>0x0</run_address>
         <size>0x9d</size>
         <alignment>0x1</alignment>
         <input_file_ref idref="fl-1"/>
      </object_component>
      <object_component id="oc-e8">
         <name>.debug_loc</name>
         <load_address>0x9d</load_address>
         <run_address>0x9d</run_address>
         <size>0xc7</size>
         <alignment>0x1</alignment>
         <input_file_ref idref="fl-11"/>
      </object_component>
      <object_component id="oc-f9">
         <name>.debug_loc</name>
         <load_address>0x164</load_address>
         <run_address>0x164</run_address>
         <size>0x13</size>
         <alignment>0x1</alignment>
         <input_file_ref idref="fl-12"/>
      </object_component>
      <object_component id="oc-e3">
         <name>.debug_loc</name>
         <load_address>0x177</load_address>
         <run_address>0x177</run_address>
         <size>0x1879</size>
         <alignment>0x1</alignment>
         <input_file_ref idref="fl-13"/>
      </object_component>
      <object_component id="oc-3f">
         <name>.debug_loc</name>
         <load_address>0x19f0</load_address>
         <run_address>0x19f0</run_address>
         <size>0xd8</size>
         <alignment>0x1</alignment>
         <input_file_ref idref="fl-22"/>
      </object_component>
      <object_component id="oc-ab">
         <name>.debug_loc</name>
         <load_address>0x1ac8</load_address>
         <run_address>0x1ac8</run_address>
         <size>0x480</size>
         <alignment>0x1</alignment>
         <input_file_ref idref="fl-24"/>
      </object_component>
      <object_component id="oc-4c">
         <name>.debug_loc</name>
         <load_address>0x1f48</load_address>
         <run_address>0x1f48</run_address>
         <size>0x16c</size>
         <alignment>0x1</alignment>
         <input_file_ref idref="fl-27"/>
      </object_component>
      <object_component id="oc-a9">
         <name>.debug_loc</name>
         <load_address>0x20b4</load_address>
         <run_address>0x20b4</run_address>
         <size>0x26</size>
         <alignment>0x1</alignment>
         <input_file_ref idref="fl-2a"/>
      </object_component>
      <object_component id="oc-cb">
         <name>.debug_abbrev</name>
         <load_address>0x0</load_address>
         <run_address>0x0</run_address>
         <size>0x222</size>
         <alignment>0x1</alignment>
         <input_file_ref idref="fl-1"/>
      </object_component>
      <object_component id="oc-39">
         <name>.debug_abbrev</name>
         <load_address>0x222</load_address>
         <run_address>0x222</run_address>
         <size>0x6d</size>
         <alignment>0x1</alignment>
         <input_file_ref idref="fl-2"/>
      </object_component>
      <object_component id="oc-71">
         <name>.debug_abbrev</name>
         <load_address>0x28f</load_address>
         <run_address>0x28f</run_address>
         <size>0x1a2</size>
         <alignment>0x1</alignment>
         <input_file_ref idref="fl-3"/>
      </object_component>
      <object_component id="oc-fc">
         <name>.debug_abbrev</name>
         <load_address>0x431</load_address>
         <run_address>0x431</run_address>
         <size>0x171</size>
         <alignment>0x1</alignment>
         <input_file_ref idref="fl-11"/>
      </object_component>
      <object_component id="oc-f7">
         <name>.debug_abbrev</name>
         <load_address>0x5a2</load_address>
         <run_address>0x5a2</run_address>
         <size>0x62</size>
         <alignment>0x1</alignment>
         <input_file_ref idref="fl-12"/>
      </object_component>
      <object_component id="oc-fa">
         <name>.debug_abbrev</name>
         <load_address>0x604</load_address>
         <run_address>0x604</run_address>
         <size>0x23b</size>
         <alignment>0x1</alignment>
         <input_file_ref idref="fl-13"/>
      </object_component>
      <object_component id="oc-3b">
         <name>.debug_abbrev</name>
         <load_address>0x83f</load_address>
         <run_address>0x83f</run_address>
         <size>0xaf</size>
         <alignment>0x1</alignment>
         <input_file_ref idref="fl-22"/>
      </object_component>
      <object_component id="oc-d3">
         <name>.debug_abbrev</name>
         <load_address>0x8ee</load_address>
         <run_address>0x8ee</run_address>
         <size>0x186</size>
         <alignment>0x1</alignment>
         <input_file_ref idref="fl-24"/>
      </object_component>
      <object_component id="oc-9c">
         <name>.debug_abbrev</name>
         <load_address>0xa74</load_address>
         <run_address>0xa74</run_address>
         <size>0x39</size>
         <alignment>0x1</alignment>
         <input_file_ref idref="fl-25"/>
      </object_component>
      <object_component id="oc-75">
         <name>.debug_abbrev</name>
         <load_address>0xaad</load_address>
         <run_address>0xaad</run_address>
         <size>0xc2</size>
         <alignment>0x1</alignment>
         <input_file_ref idref="fl-27"/>
      </object_component>
      <object_component id="oc-cd">
         <name>.debug_abbrev</name>
         <load_address>0xb6f</load_address>
         <run_address>0xb6f</run_address>
         <size>0xb3</size>
         <alignment>0x1</alignment>
         <input_file_ref idref="fl-2a"/>
      </object_component>
      <object_component id="oc-92">
         <name>.debug_abbrev</name>
         <load_address>0xc22</load_address>
         <run_address>0xc22</run_address>
         <size>0x27</size>
         <alignment>0x1</alignment>
         <input_file_ref idref="fl-92"/>
      </object_component>
      <object_component id="oc-bc">
         <name>.debug_abbrev</name>
         <load_address>0xc49</load_address>
         <run_address>0xc49</run_address>
         <size>0x27</size>
         <alignment>0x1</alignment>
         <input_file_ref idref="fl-93"/>
      </object_component>
      <object_component id="oc-8c">
         <name>.debug_abbrev</name>
         <load_address>0xc70</load_address>
         <run_address>0xc70</run_address>
         <size>0x27</size>
         <alignment>0x1</alignment>
         <input_file_ref idref="fl-94"/>
      </object_component>
      <object_component id="oc-8d">
         <name>.debug_abbrev</name>
         <load_address>0xc97</load_address>
         <run_address>0xc97</run_address>
         <size>0x27</size>
         <alignment>0x1</alignment>
         <input_file_ref idref="fl-95"/>
      </object_component>
      <object_component id="oc-8b">
         <name>.debug_abbrev</name>
         <load_address>0xcbe</load_address>
         <run_address>0xcbe</run_address>
         <size>0x27</size>
         <alignment>0x1</alignment>
         <input_file_ref idref="fl-96"/>
      </object_component>
      <object_component id="oc-93">
         <name>.debug_abbrev</name>
         <load_address>0xce5</load_address>
         <run_address>0xce5</run_address>
         <size>0x27</size>
         <alignment>0x1</alignment>
         <input_file_ref idref="fl-97"/>
      </object_component>
      <object_component id="oc-143">
         <name>.debug_abbrev</name>
         <load_address>0xd0c</load_address>
         <run_address>0xd0c</run_address>
         <size>0xf</size>
         <alignment>0x0</alignment>
      </object_component>
      <object_component id="oc-a2">
         <name>.debug_info</name>
         <load_address>0x0</load_address>
         <run_address>0x0</run_address>
         <size>0x33ed</size>
         <alignment>0x1</alignment>
         <input_file_ref idref="fl-1"/>
      </object_component>
      <object_component id="oc-19">
         <name>.debug_info</name>
         <load_address>0x33ed</load_address>
         <run_address>0x33ed</run_address>
         <size>0x80</size>
         <alignment>0x1</alignment>
         <input_file_ref idref="fl-2"/>
      </object_component>
      <object_component id="oc-37">
         <name>.debug_info</name>
         <load_address>0x346d</load_address>
         <run_address>0x346d</run_address>
         <size>0x14d5</size>
         <alignment>0x1</alignment>
         <input_file_ref idref="fl-3"/>
      </object_component>
      <object_component id="oc-ea">
         <name>.debug_info</name>
         <load_address>0x4942</load_address>
         <run_address>0x4942</run_address>
         <size>0x731</size>
         <alignment>0x1</alignment>
         <input_file_ref idref="fl-11"/>
      </object_component>
      <object_component id="oc-dc">
         <name>.debug_info</name>
         <load_address>0x5073</load_address>
         <run_address>0x5073</run_address>
         <size>0x75</size>
         <alignment>0x1</alignment>
         <input_file_ref idref="fl-12"/>
      </object_component>
      <object_component id="oc-e0">
         <name>.debug_info</name>
         <load_address>0x50e8</load_address>
         <run_address>0x50e8</run_address>
         <size>0x2f4b</size>
         <alignment>0x1</alignment>
         <input_file_ref idref="fl-13"/>
      </object_component>
      <object_component id="oc-1b">
         <name>.debug_info</name>
         <load_address>0x8033</load_address>
         <run_address>0x8033</run_address>
         <size>0x423</size>
         <alignment>0x1</alignment>
         <input_file_ref idref="fl-22"/>
      </object_component>
      <object_component id="oc-ae">
         <name>.debug_info</name>
         <load_address>0x8456</load_address>
         <run_address>0x8456</run_address>
         <size>0x74a</size>
         <alignment>0x1</alignment>
         <input_file_ref idref="fl-24"/>
      </object_component>
      <object_component id="oc-7f">
         <name>.debug_info</name>
         <load_address>0x8ba0</load_address>
         <run_address>0x8ba0</run_address>
         <size>0x46</size>
         <alignment>0x1</alignment>
         <input_file_ref idref="fl-25"/>
      </object_component>
      <object_component id="oc-4d">
         <name>.debug_info</name>
         <load_address>0x8be6</load_address>
         <run_address>0x8be6</run_address>
         <size>0x192</size>
         <alignment>0x1</alignment>
         <input_file_ref idref="fl-27"/>
      </object_component>
      <object_component id="oc-a6">
         <name>.debug_info</name>
         <load_address>0x8d78</load_address>
         <run_address>0x8d78</run_address>
         <size>0xed</size>
         <alignment>0x1</alignment>
         <input_file_ref idref="fl-2a"/>
      </object_component>
      <object_component id="oc-6a">
         <name>.debug_info</name>
         <load_address>0x8e65</load_address>
         <run_address>0x8e65</run_address>
         <size>0x192</size>
         <alignment>0x1</alignment>
         <input_file_ref idref="fl-92"/>
      </object_component>
      <object_component id="oc-8f">
         <name>.debug_info</name>
         <load_address>0x8ff7</load_address>
         <run_address>0x8ff7</run_address>
         <size>0x194</size>
         <alignment>0x1</alignment>
         <input_file_ref idref="fl-93"/>
      </object_component>
      <object_component id="oc-61">
         <name>.debug_info</name>
         <load_address>0x918b</load_address>
         <run_address>0x918b</run_address>
         <size>0x192</size>
         <alignment>0x1</alignment>
         <input_file_ref idref="fl-94"/>
      </object_component>
      <object_component id="oc-66">
         <name>.debug_info</name>
         <load_address>0x931d</load_address>
         <run_address>0x931d</run_address>
         <size>0x19c</size>
         <alignment>0x1</alignment>
         <input_file_ref idref="fl-95"/>
      </object_component>
      <object_component id="oc-5d">
         <name>.debug_info</name>
         <load_address>0x94b9</load_address>
         <run_address>0x94b9</run_address>
         <size>0x19c</size>
         <alignment>0x1</alignment>
         <input_file_ref idref="fl-96"/>
      </object_component>
      <object_component id="oc-6d">
         <name>.debug_info</name>
         <load_address>0x9655</load_address>
         <run_address>0x9655</run_address>
         <size>0x19a</size>
         <alignment>0x1</alignment>
         <input_file_ref idref="fl-97"/>
      </object_component>
      <object_component id="oc-142">
         <name>.debug_info</name>
         <load_address>0x97ef</load_address>
         <run_address>0x97ef</run_address>
         <size>0xcd</size>
         <alignment>0x0</alignment>
      </object_component>
      <object_component id="oc-9f">
         <name>.debug_ranges</name>
         <load_address>0x0</load_address>
         <run_address>0x0</run_address>
         <size>0x48</size>
         <alignment>0x1</alignment>
         <input_file_ref idref="fl-1"/>
      </object_component>
      <object_component id="oc-31">
         <name>.debug_ranges</name>
         <load_address>0x48</load_address>
         <run_address>0x48</run_address>
         <size>0x18</size>
         <alignment>0x1</alignment>
         <input_file_ref idref="fl-2"/>
      </object_component>
      <object_component id="oc-36">
         <name>.debug_ranges</name>
         <load_address>0x60</load_address>
         <run_address>0x60</run_address>
         <size>0x18</size>
         <alignment>0x1</alignment>
         <input_file_ref idref="fl-3"/>
      </object_component>
      <object_component id="oc-e9">
         <name>.debug_ranges</name>
         <load_address>0x78</load_address>
         <run_address>0x78</run_address>
         <size>0x18</size>
         <alignment>0x1</alignment>
         <input_file_ref idref="fl-11"/>
      </object_component>
      <object_component id="oc-e2">
         <name>.debug_ranges</name>
         <load_address>0x90</load_address>
         <run_address>0x90</run_address>
         <size>0x168</size>
         <alignment>0x1</alignment>
         <input_file_ref idref="fl-13"/>
      </object_component>
      <object_component id="oc-3e">
         <name>.debug_ranges</name>
         <load_address>0x1f8</load_address>
         <run_address>0x1f8</run_address>
         <size>0x48</size>
         <alignment>0x1</alignment>
         <input_file_ref idref="fl-22"/>
      </object_component>
      <object_component id="oc-ac">
         <name>.debug_ranges</name>
         <load_address>0x240</load_address>
         <run_address>0x240</run_address>
         <size>0xa8</size>
         <alignment>0x1</alignment>
         <input_file_ref idref="fl-24"/>
      </object_component>
      <object_component id="oc-4f">
         <name>.debug_ranges</name>
         <load_address>0x2e8</load_address>
         <run_address>0x2e8</run_address>
         <size>0x18</size>
         <alignment>0x1</alignment>
         <input_file_ref idref="fl-27"/>
      </object_component>
      <object_component id="oc-a4">
         <name>.debug_ranges</name>
         <load_address>0x300</load_address>
         <run_address>0x300</run_address>
         <size>0x18</size>
         <alignment>0x1</alignment>
         <input_file_ref idref="fl-2a"/>
      </object_component>
      <object_component id="oc-cc">
         <name>.debug_str</name>
         <load_address>0x0</load_address>
         <run_address>0x0</run_address>
         <size>0x21b5</size>
         <alignment>0x1</alignment>
         <input_file_ref idref="fl-1"/>
      </object_component>
      <object_component id="oc-3a">
         <name>.debug_str</name>
         <load_address>0x21b5</load_address>
         <run_address>0x21b5</run_address>
         <size>0x184</size>
         <alignment>0x1</alignment>
         <input_file_ref idref="fl-2"/>
      </object_component>
      <object_component id="oc-72">
         <name>.debug_str</name>
         <load_address>0x2339</load_address>
         <run_address>0x2339</run_address>
         <size>0xbd7</size>
         <alignment>0x1</alignment>
         <input_file_ref idref="fl-3"/>
      </object_component>
      <object_component id="oc-fd">
         <name>.debug_str</name>
         <load_address>0x2f10</load_address>
         <run_address>0x2f10</run_address>
         <size>0x63b</size>
         <alignment>0x1</alignment>
         <input_file_ref idref="fl-11"/>
      </object_component>
      <object_component id="oc-f8">
         <name>.debug_str</name>
         <load_address>0x354b</load_address>
         <run_address>0x354b</run_address>
         <size>0x177</size>
         <alignment>0x1</alignment>
         <input_file_ref idref="fl-12"/>
      </object_component>
      <object_component id="oc-fb">
         <name>.debug_str</name>
         <load_address>0x36c2</load_address>
         <run_address>0x36c2</run_address>
         <size>0x1c1d</size>
         <alignment>0x1</alignment>
         <input_file_ref idref="fl-13"/>
      </object_component>
      <object_component id="oc-3c">
         <name>.debug_str</name>
         <load_address>0x52df</load_address>
         <run_address>0x52df</run_address>
         <size>0x225</size>
         <alignment>0x1</alignment>
         <input_file_ref idref="fl-22"/>
      </object_component>
      <object_component id="oc-d4">
         <name>.debug_str</name>
         <load_address>0x5504</load_address>
         <run_address>0x5504</run_address>
         <size>0x32f</size>
         <alignment>0x1</alignment>
         <input_file_ref idref="fl-24"/>
      </object_component>
      <object_component id="oc-9d">
         <name>.debug_str</name>
         <load_address>0x5833</load_address>
         <run_address>0x5833</run_address>
         <size>0xf5</size>
         <alignment>0x1</alignment>
         <input_file_ref idref="fl-25"/>
      </object_component>
      <object_component id="oc-76">
         <name>.debug_str</name>
         <load_address>0x5928</load_address>
         <run_address>0x5928</run_address>
         <size>0x19b</size>
         <alignment>0x1</alignment>
         <input_file_ref idref="fl-27"/>
      </object_component>
      <object_component id="oc-ce">
         <name>.debug_str</name>
         <load_address>0x5ac3</load_address>
         <run_address>0x5ac3</run_address>
         <size>0x13f</size>
         <alignment>0x1</alignment>
         <input_file_ref idref="fl-2a"/>
      </object_component>
      <object_component id="oc-a0">
         <name>.debug_frame</name>
         <load_address>0x0</load_address>
         <run_address>0x0</run_address>
         <size>0xc0</size>
         <alignment>0x4</alignment>
         <input_file_ref idref="fl-1"/>
      </object_component>
      <object_component id="oc-30">
         <name>.debug_frame</name>
         <load_address>0xc0</load_address>
         <run_address>0xc0</run_address>
         <size>0x30</size>
         <alignment>0x4</alignment>
         <input_file_ref idref="fl-2"/>
      </object_component>
      <object_component id="oc-35">
         <name>.debug_frame</name>
         <load_address>0xf0</load_address>
         <run_address>0xf0</run_address>
         <size>0x38</size>
         <alignment>0x4</alignment>
         <input_file_ref idref="fl-3"/>
      </object_component>
      <object_component id="oc-eb">
         <name>.debug_frame</name>
         <load_address>0x128</load_address>
         <run_address>0x128</run_address>
         <size>0x4c</size>
         <alignment>0x4</alignment>
         <input_file_ref idref="fl-11"/>
      </object_component>
      <object_component id="oc-db">
         <name>.debug_frame</name>
         <load_address>0x174</load_address>
         <run_address>0x174</run_address>
         <size>0x20</size>
         <alignment>0x4</alignment>
         <input_file_ref idref="fl-12"/>
      </object_component>
      <object_component id="oc-df">
         <name>.debug_frame</name>
         <load_address>0x194</load_address>
         <run_address>0x194</run_address>
         <size>0x3e0</size>
         <alignment>0x4</alignment>
         <input_file_ref idref="fl-13"/>
      </object_component>
      <object_component id="oc-53">
         <name>.debug_frame</name>
         <load_address>0x574</load_address>
         <run_address>0x574</run_address>
         <size>0x90</size>
         <alignment>0x4</alignment>
         <input_file_ref idref="fl-22"/>
      </object_component>
      <object_component id="oc-af">
         <name>.debug_frame</name>
         <load_address>0x604</load_address>
         <run_address>0x604</run_address>
         <size>0x100</size>
         <alignment>0x4</alignment>
         <input_file_ref idref="fl-24"/>
      </object_component>
      <object_component id="oc-7d">
         <name>.debug_frame</name>
         <load_address>0x704</load_address>
         <run_address>0x704</run_address>
         <size>0x20</size>
         <alignment>0x4</alignment>
         <input_file_ref idref="fl-25"/>
      </object_component>
      <object_component id="oc-4e">
         <name>.debug_frame</name>
         <load_address>0x724</load_address>
         <run_address>0x724</run_address>
         <size>0x38</size>
         <alignment>0x4</alignment>
         <input_file_ref idref="fl-27"/>
      </object_component>
      <object_component id="oc-a5">
         <name>.debug_frame</name>
         <load_address>0x75c</load_address>
         <run_address>0x75c</run_address>
         <size>0x30</size>
         <alignment>0x4</alignment>
         <input_file_ref idref="fl-2a"/>
      </object_component>
      <object_component id="oc-a1">
         <name>.debug_line</name>
         <load_address>0x0</load_address>
         <run_address>0x0</run_address>
         <size>0x4d9</size>
         <alignment>0x1</alignment>
         <input_file_ref idref="fl-1"/>
      </object_component>
      <object_component id="oc-32">
         <name>.debug_line</name>
         <load_address>0x4d9</load_address>
         <run_address>0x4d9</run_address>
         <size>0xba</size>
         <alignment>0x1</alignment>
         <input_file_ref idref="fl-2"/>
      </object_component>
      <object_component id="oc-38">
         <name>.debug_line</name>
         <load_address>0x593</load_address>
         <run_address>0x593</run_address>
         <size>0x2c3</size>
         <alignment>0x1</alignment>
         <input_file_ref idref="fl-3"/>
      </object_component>
      <object_component id="oc-ec">
         <name>.debug_line</name>
         <load_address>0x856</load_address>
         <run_address>0x856</run_address>
         <size>0x1f1</size>
         <alignment>0x1</alignment>
         <input_file_ref idref="fl-11"/>
      </object_component>
      <object_component id="oc-dd">
         <name>.debug_line</name>
         <load_address>0xa47</load_address>
         <run_address>0xa47</run_address>
         <size>0xe4</size>
         <alignment>0x1</alignment>
         <input_file_ref idref="fl-12"/>
      </object_component>
      <object_component id="oc-e1">
         <name>.debug_line</name>
         <load_address>0xb2b</load_address>
         <run_address>0xb2b</run_address>
         <size>0x15e8</size>
         <alignment>0x1</alignment>
         <input_file_ref idref="fl-13"/>
      </object_component>
      <object_component id="oc-3d">
         <name>.debug_line</name>
         <load_address>0x2113</load_address>
         <run_address>0x2113</run_address>
         <size>0x1fe</size>
         <alignment>0x1</alignment>
         <input_file_ref idref="fl-22"/>
      </object_component>
      <object_component id="oc-ad">
         <name>.debug_line</name>
         <load_address>0x2311</load_address>
         <run_address>0x2311</run_address>
         <size>0x4fb</size>
         <alignment>0x1</alignment>
         <input_file_ref idref="fl-24"/>
      </object_component>
      <object_component id="oc-7e">
         <name>.debug_line</name>
         <load_address>0x280c</load_address>
         <run_address>0x280c</run_address>
         <size>0x3e</size>
         <alignment>0x1</alignment>
         <input_file_ref idref="fl-25"/>
      </object_component>
      <object_component id="oc-50">
         <name>.debug_line</name>
         <load_address>0x284a</load_address>
         <run_address>0x284a</run_address>
         <size>0xf8</size>
         <alignment>0x1</alignment>
         <input_file_ref idref="fl-27"/>
      </object_component>
      <object_component id="oc-a7">
         <name>.debug_line</name>
         <load_address>0x2942</load_address>
         <run_address>0x2942</run_address>
         <size>0x6b</size>
         <alignment>0x1</alignment>
         <input_file_ref idref="fl-2a"/>
      </object_component>
      <object_component id="oc-68">
         <name>.debug_line</name>
         <load_address>0x29ad</load_address>
         <run_address>0x29ad</run_address>
         <size>0x10c</size>
         <alignment>0x1</alignment>
         <input_file_ref idref="fl-92"/>
      </object_component>
      <object_component id="oc-91">
         <name>.debug_line</name>
         <load_address>0x2ab9</load_address>
         <run_address>0x2ab9</run_address>
         <size>0xb9</size>
         <alignment>0x1</alignment>
         <input_file_ref idref="fl-93"/>
      </object_component>
      <object_component id="oc-60">
         <name>.debug_line</name>
         <load_address>0x2b72</load_address>
         <run_address>0x2b72</run_address>
         <size>0xdc</size>
         <alignment>0x1</alignment>
         <input_file_ref idref="fl-94"/>
      </object_component>
      <object_component id="oc-65">
         <name>.debug_line</name>
         <load_address>0x2c4e</load_address>
         <run_address>0x2c4e</run_address>
         <size>0xc0</size>
         <alignment>0x1</alignment>
         <input_file_ref idref="fl-95"/>
      </object_component>
      <object_component id="oc-5e">
         <name>.debug_line</name>
         <load_address>0x2d0e</load_address>
         <run_address>0x2d0e</run_address>
         <size>0xb4</size>
         <alignment>0x1</alignment>
         <input_file_ref idref="fl-96"/>
      </object_component>
      <object_component id="oc-6c">
         <name>.debug_line</name>
         <load_address>0x2dc2</load_address>
         <run_address>0x2dc2</run_address>
         <size>0xd1</size>
         <alignment>0x1</alignment>
         <input_file_ref idref="fl-97"/>
      </object_component>
      <object_component id="oc-69">
         <name>.debug_aranges</name>
         <load_address>0x0</load_address>
         <run_address>0x0</run_address>
         <size>0x20</size>
         <alignment>0x1</alignment>
         <input_file_ref idref="fl-92"/>
      </object_component>
      <object_component id="oc-90">
         <name>.debug_aranges</name>
         <load_address>0x20</load_address>
         <run_address>0x20</run_address>
         <size>0x20</size>
         <alignment>0x1</alignment>
         <input_file_ref idref="fl-93"/>
      </object_component>
      <object_component id="oc-62">
         <name>.debug_aranges</name>
         <load_address>0x40</load_address>
         <run_address>0x40</run_address>
         <size>0x20</size>
         <alignment>0x1</alignment>
         <input_file_ref idref="fl-94"/>
      </object_component>
      <object_component id="oc-64">
         <name>.debug_aranges</name>
         <load_address>0x60</load_address>
         <run_address>0x60</run_address>
         <size>0x20</size>
         <alignment>0x1</alignment>
         <input_file_ref idref="fl-95"/>
      </object_component>
      <object_component id="oc-5c">
         <name>.debug_aranges</name>
         <load_address>0x80</load_address>
         <run_address>0x80</run_address>
         <size>0x20</size>
         <alignment>0x1</alignment>
         <input_file_ref idref="fl-96"/>
      </object_component>
      <object_component id="oc-6e">
         <name>.debug_aranges</name>
         <load_address>0xa0</load_address>
         <run_address>0xa0</run_address>
         <size>0x20</size>
         <alignment>0x1</alignment>
         <input_file_ref idref="fl-97"/>
      </object_component>
   </object_component_list>
   <logical_group_list>
      <logical_group id="lg-2" display="no" color="cyan">
         <name>.intvecs</name>
         <load_address>0x0</load_address>
         <run_address>0x0</run_address>
         <size>0xc0</size>
         <contents>
            <object_component_ref idref="oc-18"/>
         </contents>
      </logical_group>
      <logical_group id="lg-3" display="no" color="cyan">
         <name>.text</name>
         <load_address>0xc0</load_address>
         <run_address>0xc0</run_address>
         <size>0x620</size>
         <contents>
            <object_component_ref idref="oc-e4"/>
            <object_component_ref idref="oc-67"/>
            <object_component_ref idref="oc-5f"/>
            <object_component_ref idref="oc-33"/>
            <object_component_ref idref="oc-6b"/>
            <object_component_ref idref="oc-c9"/>
            <object_component_ref idref="oc-34"/>
            <object_component_ref idref="oc-e7"/>
            <object_component_ref idref="oc-c4"/>
            <object_component_ref idref="oc-63"/>
            <object_component_ref idref="oc-aa"/>
            <object_component_ref idref="oc-8e"/>
            <object_component_ref idref="oc-c8"/>
            <object_component_ref idref="oc-c6"/>
            <object_component_ref idref="oc-80"/>
            <object_component_ref idref="oc-5b"/>
            <object_component_ref idref="oc-54"/>
            <object_component_ref idref="oc-9e"/>
            <object_component_ref idref="oc-de"/>
            <object_component_ref idref="oc-c5"/>
            <object_component_ref idref="oc-4b"/>
            <object_component_ref idref="oc-da"/>
            <object_component_ref idref="oc-2f"/>
            <object_component_ref idref="oc-7c"/>
            <object_component_ref idref="oc-a3"/>
         </contents>
      </logical_group>
      <logical_group id="lg-4" display="no" color="cyan">
         <name>.const</name>
         <run_address>0x0</run_address>
         <size>0x0</size>
         <contents>
         </contents>
      </logical_group>
      <logical_group id="lg-5" display="no" color="cyan">
         <name>.cinit</name>
         <load_address>0x700</load_address>
         <run_address>0x700</run_address>
         <size>0x18</size>
         <contents>
            <object_component_ref idref="oc-13f"/>
            <object_component_ref idref="oc-13d"/>
            <object_component_ref idref="oc-13e"/>
         </contents>
      </logical_group>
      <logical_group id="lg-6" display="no" color="cyan">
         <name>.pinit</name>
         <run_address>0x0</run_address>
         <size>0x0</size>
         <contents>
         </contents>
      </logical_group>
      <logical_group id="lg-7" display="no" color="cyan">
         <name>.rodata</name>
         <load_address>0x6e0</load_address>
         <run_address>0x6e0</run_address>
         <size>0x20</size>
         <contents>
            <object_component_ref idref="oc-e6"/>
            <object_component_ref idref="oc-ed"/>
            <object_component_ref idref="oc-e5"/>
         </contents>
      </logical_group>
      <logical_group id="lg-8" display="no" color="cyan">
         <name>.ARM.exidx</name>
         <run_address>0x0</run_address>
         <size>0x0</size>
         <contents>
         </contents>
      </logical_group>
      <logical_group id="lg-9" display="no" color="cyan">
         <name>.init_array</name>
         <run_address>0x0</run_address>
         <size>0x0</size>
         <contents>
         </contents>
      </logical_group>
      <logical_group id="lg-a" display="no" color="cyan">
         <name>.binit</name>
         <load_address>0x0</load_address>
         <run_address>0x0</run_address>
         <size>0x0</size>
         <contents>
            <object_component_ref idref="oc-107"/>
         </contents>
      </logical_group>
      <logical_group id="lg-b" display="no" color="cyan">
         <name>.TI.ramfunc</name>
         <run_address>0x0</run_address>
         <size>0x0</size>
         <contents>
         </contents>
      </logical_group>
      <logical_group id="lg-c" display="no" color="cyan">
         <name>.vtable</name>
         <run_address>0x0</run_address>
         <size>0x0</size>
         <contents>
         </contents>
      </logical_group>
      <logical_group id="lg-d" display="no" color="cyan">
         <name>.args</name>
         <run_address>0x0</run_address>
         <size>0x0</size>
         <contents>
         </contents>
      </logical_group>
      <logical_group id="lg-e" display="no" color="cyan">
         <name>.data</name>
         <run_address>0x0</run_address>
         <size>0x0</size>
         <contents>
         </contents>
      </logical_group>
      <logical_group id="lg-f" display="no" color="cyan">
         <name>.bss</name>
         <run_address>0x20200000</run_address>
         <size>0xa6</size>
         <contents>
            <object_component_ref idref="oc-ca"/>
            <object_component_ref idref="oc-6f"/>
            <object_component_ref idref="oc-70"/>
         </contents>
      </logical_group>
      <logical_group id="lg-10" display="no" color="cyan">
         <name>.sysmem</name>
         <run_address>0x0</run_address>
         <size>0x0</size>
         <contents>
         </contents>
      </logical_group>
      <logical_group id="lg-11" display="no" color="cyan">
         <name>.stack</name>
         <run_address>0x20207e00</run_address>
         <size>0x200</size>
         <contents>
            <object_component_ref idref="oc-1a"/>
            <object_component_ref idref="oc-141"/>
         </contents>
      </logical_group>
      <logical_group id="lg-12" display="no" color="cyan">
         <name>.BCRConfig</name>
         <run_address>0x0</run_address>
         <size>0x0</size>
         <contents>
         </contents>
      </logical_group>
      <logical_group id="lg-13" display="no" color="cyan">
         <name>.BSLConfig</name>
         <run_address>0x0</run_address>
         <size>0x0</size>
         <contents>
         </contents>
      </logical_group>
      <logical_group id="lg-fe" display="no" color="cyan">
         <name>.TI.noinit</name>
         <run_address>0x0</run_address>
         <size>0x0</size>
         <contents>
         </contents>
      </logical_group>
      <logical_group id="lg-ff" display="no" color="cyan">
         <name>.TI.persistent</name>
         <run_address>0x0</run_address>
         <size>0x0</size>
         <contents>
         </contents>
      </logical_group>
      <logical_group id="lg-100" display="no" color="cyan">
         <name>.TI.local</name>
         <run_address>0x0</run_address>
         <size>0x0</size>
         <contents>
         </contents>
      </logical_group>
      <logical_group id="lg-101" display="no" color="cyan">
         <name>.TI.onchip</name>
         <run_address>0x0</run_address>
         <size>0x0</size>
         <contents>
         </contents>
      </logical_group>
      <logical_group id="lg-102" display="no" color="cyan">
         <name>.TI.offchip</name>
         <run_address>0x0</run_address>
         <size>0x0</size>
         <contents>
         </contents>
      </logical_group>
      <logical_group id="lg-103" display="no" color="cyan">
         <name>__llvm_prf_cnts</name>
         <run_address>0x20200000</run_address>
         <size>0x0</size>
         <contents>
         </contents>
      </logical_group>
      <logical_group id="lg-105" display="no" color="cyan">
         <name>__llvm_prf_bits</name>
         <run_address>0x20200000</run_address>
         <size>0x0</size>
         <contents>
         </contents>
      </logical_group>
      <logical_group id="lg-121" display="never" color="cyan">
         <name>.debug_loc</name>
         <load_address>0x0</load_address>
         <run_address>0x0</run_address>
         <size>0x20da</size>
         <contents>
            <object_component_ref idref="oc-c7"/>
            <object_component_ref idref="oc-e8"/>
            <object_component_ref idref="oc-f9"/>
            <object_component_ref idref="oc-e3"/>
            <object_component_ref idref="oc-3f"/>
            <object_component_ref idref="oc-ab"/>
            <object_component_ref idref="oc-4c"/>
            <object_component_ref idref="oc-a9"/>
         </contents>
      </logical_group>
      <logical_group id="lg-123" display="never" color="cyan">
         <name>.debug_abbrev</name>
         <load_address>0x0</load_address>
         <run_address>0x0</run_address>
         <size>0xd1b</size>
         <contents>
            <object_component_ref idref="oc-cb"/>
            <object_component_ref idref="oc-39"/>
            <object_component_ref idref="oc-71"/>
            <object_component_ref idref="oc-fc"/>
            <object_component_ref idref="oc-f7"/>
            <object_component_ref idref="oc-fa"/>
            <object_component_ref idref="oc-3b"/>
            <object_component_ref idref="oc-d3"/>
            <object_component_ref idref="oc-9c"/>
            <object_component_ref idref="oc-75"/>
            <object_component_ref idref="oc-cd"/>
            <object_component_ref idref="oc-92"/>
            <object_component_ref idref="oc-bc"/>
            <object_component_ref idref="oc-8c"/>
            <object_component_ref idref="oc-8d"/>
            <object_component_ref idref="oc-8b"/>
            <object_component_ref idref="oc-93"/>
            <object_component_ref idref="oc-143"/>
         </contents>
      </logical_group>
      <logical_group id="lg-125" display="never" color="cyan">
         <name>.debug_info</name>
         <load_address>0x0</load_address>
         <run_address>0x0</run_address>
         <size>0x98bc</size>
         <contents>
            <object_component_ref idref="oc-a2"/>
            <object_component_ref idref="oc-19"/>
            <object_component_ref idref="oc-37"/>
            <object_component_ref idref="oc-ea"/>
            <object_component_ref idref="oc-dc"/>
            <object_component_ref idref="oc-e0"/>
            <object_component_ref idref="oc-1b"/>
            <object_component_ref idref="oc-ae"/>
            <object_component_ref idref="oc-7f"/>
            <object_component_ref idref="oc-4d"/>
            <object_component_ref idref="oc-a6"/>
            <object_component_ref idref="oc-6a"/>
            <object_component_ref idref="oc-8f"/>
            <object_component_ref idref="oc-61"/>
            <object_component_ref idref="oc-66"/>
            <object_component_ref idref="oc-5d"/>
            <object_component_ref idref="oc-6d"/>
            <object_component_ref idref="oc-142"/>
         </contents>
      </logical_group>
      <logical_group id="lg-127" display="never" color="cyan">
         <name>.debug_ranges</name>
         <load_address>0x0</load_address>
         <run_address>0x0</run_address>
         <size>0x318</size>
         <contents>
            <object_component_ref idref="oc-9f"/>
            <object_component_ref idref="oc-31"/>
            <object_component_ref idref="oc-36"/>
            <object_component_ref idref="oc-e9"/>
            <object_component_ref idref="oc-e2"/>
            <object_component_ref idref="oc-3e"/>
            <object_component_ref idref="oc-ac"/>
            <object_component_ref idref="oc-4f"/>
            <object_component_ref idref="oc-a4"/>
         </contents>
      </logical_group>
      <logical_group id="lg-129" display="never" color="cyan">
         <name>.debug_str</name>
         <load_address>0x0</load_address>
         <run_address>0x0</run_address>
         <size>0x5c02</size>
         <contents>
            <object_component_ref idref="oc-cc"/>
            <object_component_ref idref="oc-3a"/>
            <object_component_ref idref="oc-72"/>
            <object_component_ref idref="oc-fd"/>
            <object_component_ref idref="oc-f8"/>
            <object_component_ref idref="oc-fb"/>
            <object_component_ref idref="oc-3c"/>
            <object_component_ref idref="oc-d4"/>
            <object_component_ref idref="oc-9d"/>
            <object_component_ref idref="oc-76"/>
            <object_component_ref idref="oc-ce"/>
         </contents>
      </logical_group>
      <logical_group id="lg-12b" display="never" color="cyan">
         <name>.debug_frame</name>
         <load_address>0x0</load_address>
         <run_address>0x0</run_address>
         <size>0x78c</size>
         <contents>
            <object_component_ref idref="oc-a0"/>
            <object_component_ref idref="oc-30"/>
            <object_component_ref idref="oc-35"/>
            <object_component_ref idref="oc-eb"/>
            <object_component_ref idref="oc-db"/>
            <object_component_ref idref="oc-df"/>
            <object_component_ref idref="oc-53"/>
            <object_component_ref idref="oc-af"/>
            <object_component_ref idref="oc-7d"/>
            <object_component_ref idref="oc-4e"/>
            <object_component_ref idref="oc-a5"/>
         </contents>
      </logical_group>
      <logical_group id="lg-12d" display="never" color="cyan">
         <name>.debug_line</name>
         <load_address>0x0</load_address>
         <run_address>0x0</run_address>
         <size>0x2e93</size>
         <contents>
            <object_component_ref idref="oc-a1"/>
            <object_component_ref idref="oc-32"/>
            <object_component_ref idref="oc-38"/>
            <object_component_ref idref="oc-ec"/>
            <object_component_ref idref="oc-dd"/>
            <object_component_ref idref="oc-e1"/>
            <object_component_ref idref="oc-3d"/>
            <object_component_ref idref="oc-ad"/>
            <object_component_ref idref="oc-7e"/>
            <object_component_ref idref="oc-50"/>
            <object_component_ref idref="oc-a7"/>
            <object_component_ref idref="oc-68"/>
            <object_component_ref idref="oc-91"/>
            <object_component_ref idref="oc-60"/>
            <object_component_ref idref="oc-65"/>
            <object_component_ref idref="oc-5e"/>
            <object_component_ref idref="oc-6c"/>
         </contents>
      </logical_group>
      <logical_group id="lg-137" display="never" color="cyan">
         <name>.debug_aranges</name>
         <load_address>0x0</load_address>
         <run_address>0x0</run_address>
         <size>0xc0</size>
         <contents>
            <object_component_ref idref="oc-69"/>
            <object_component_ref idref="oc-90"/>
            <object_component_ref idref="oc-62"/>
            <object_component_ref idref="oc-64"/>
            <object_component_ref idref="oc-5c"/>
            <object_component_ref idref="oc-6e"/>
         </contents>
      </logical_group>
      <logical_group id="lg-140" display="no" color="cyan">
         <name>Veneer$$CMSE</name>
         <run_address>0x0</run_address>
         <size>0x0</size>
         <contents>
         </contents>
      </logical_group>
      <load_segment id="lg-147" display="no" color="cyan">
         <name>SEGMENT_0</name>
         <load_address>0x0</load_address>
         <run_address>0x0</run_address>
         <size>0x718</size>
         <flags>0x5</flags>
         <contents>
            <logical_group_ref idref="lg-2"/>
            <logical_group_ref idref="lg-3"/>
            <logical_group_ref idref="lg-7"/>
            <logical_group_ref idref="lg-5"/>
         </contents>
      </load_segment>
      <load_segment id="lg-148" display="no" color="cyan">
         <name>SEGMENT_1</name>
         <run_address>0x20200000</run_address>
         <size>0xa6</size>
         <flags>0x6</flags>
         <contents>
            <logical_group_ref idref="lg-f"/>
         </contents>
      </load_segment>
      <load_segment id="lg-149" display="no" color="cyan">
         <name>SEGMENT_2</name>
         <run_address>0x20207e00</run_address>
         <size>0x200</size>
         <flags>0x6</flags>
         <contents>
            <logical_group_ref idref="lg-11"/>
         </contents>
      </load_segment>
   </logical_group_list>
   <placement_map>
      <memory_area display="yes" color="green">
         <name>FLASH</name>
         <page_id>0x0</page_id>
         <origin>0x0</origin>
         <length>0x20000</length>
         <used_space>0x718</used_space>
         <unused_space>0x1f8e8</unused_space>
         <attributes>RX</attributes>
         <usage_details>
            <allocated_space>
               <start_address>0x0</start_address>
               <size>0x0</size>
               <logical_group_ref idref="lg-a"/>
            </allocated_space>
            <allocated_space>
               <start_address>0x0</start_address>
               <size>0xc0</size>
               <logical_group_ref idref="lg-2"/>
            </allocated_space>
            <allocated_space>
               <start_address>0xc0</start_address>
               <size>0x620</size>
               <logical_group_ref idref="lg-3"/>
            </allocated_space>
            <allocated_space>
               <start_address>0x6e0</start_address>
               <size>0x20</size>
               <logical_group_ref idref="lg-7"/>
            </allocated_space>
            <allocated_space>
               <start_address>0x700</start_address>
               <size>0x18</size>
               <logical_group_ref idref="lg-5"/>
            </allocated_space>
            <available_space>
               <start_address>0x718</start_address>
               <size>0x1f8e8</size>
            </available_space>
         </usage_details>
      </memory_area>
      <memory_area display="yes" color="green">
         <name>SRAM</name>
         <page_id>0x0</page_id>
         <origin>0x20200000</origin>
         <length>0x8000</length>
         <used_space>0x2a6</used_space>
         <unused_space>0x7d5a</unused_space>
         <attributes>RWX</attributes>
         <usage_details>
            <allocated_space>
               <start_address>0x20200000</start_address>
               <size>0x0</size>
               <logical_group_ref idref="lg-103"/>
            </allocated_space>
            <allocated_space>
               <start_address>0x20200000</start_address>
               <size>0x0</size>
               <logical_group_ref idref="lg-105"/>
            </allocated_space>
            <allocated_space>
               <start_address>0x20200000</start_address>
               <size>0xa6</size>
               <logical_group_ref idref="lg-f"/>
            </allocated_space>
            <available_space>
               <start_address>0x202000a6</start_address>
               <size>0x7d5a</size>
            </available_space>
            <allocated_space>
               <start_address>0x20207e00</start_address>
               <size>0x200</size>
               <logical_group_ref idref="lg-11"/>
            </allocated_space>
         </usage_details>
      </memory_area>
      <memory_area display="yes" color="green">
         <name>BCR_CONFIG</name>
         <page_id>0x0</page_id>
         <origin>0x41c00000</origin>
         <length>0x80</length>
         <used_space>0x0</used_space>
         <unused_space>0x80</unused_space>
         <attributes>R</attributes>
         <usage_details>
         </usage_details>
      </memory_area>
      <memory_area display="yes" color="green">
         <name>BSL_CONFIG</name>
         <page_id>0x0</page_id>
         <origin>0x41c00100</origin>
         <length>0x80</length>
         <used_space>0x0</used_space>
         <unused_space>0x80</unused_space>
         <attributes>R</attributes>
         <usage_details>
         </usage_details>
      </memory_area>
   </placement_map>
   <cptbl_list>
      <cptbl>
         <name>__TI_cinit_table</name>
         <cprec>
            <name>.bss</name>
            <load_address>0x700</load_address>
            <load_size>0x8</load_size>
            <run_address>0x20200000</run_address>
            <run_size>0xa6</run_size>
            <compression>zero_init</compression>
         </cprec>
      </cptbl>
   </cptbl_list>
   <handler_table>
      <handler_table_name>__TI_handler_table</handler_table_name>
      <handler>
         <index>0x0</index>
         <name>__TI_zero_init</name>
      </handler>
   </handler_table>
   <symbol_table>
      <symbol id="sm-1">
         <name>__start___llvm_prf_cnts</name>
         <value>0x20200000</value>
      </symbol>
      <symbol id="sm-2">
         <name>__stop___llvm_prf_cnts</name>
         <value>0x20200000</value>
      </symbol>
      <symbol id="sm-3">
         <name>__start___llvm_prf_bits</name>
         <value>0x20200000</value>
      </symbol>
      <symbol id="sm-4">
         <name>__stop___llvm_prf_bits</name>
         <value>0x20200000</value>
      </symbol>
      <symbol id="sm-5">
         <name>__TI_CINIT_Base</name>
         <value>0x70c</value>
      </symbol>
      <symbol id="sm-6">
         <name>__TI_CINIT_Limit</name>
         <value>0x714</value>
      </symbol>
      <symbol id="sm-7">
         <name>__TI_CINIT_Warm</name>
         <value>0x714</value>
      </symbol>
      <symbol id="sm-8">
         <name>__TI_Handler_Table_Base</name>
         <value>0x708</value>
      </symbol>
      <symbol id="sm-9">
         <name>__TI_Handler_Table_Limit</name>
         <value>0x70c</value>
      </symbol>
      <symbol id="sm-a">
         <name>binit</name>
         <value>0xffffffff</value>
      </symbol>
      <symbol id="sm-b">
         <name>__binit__</name>
         <value>0xffffffff</value>
      </symbol>
      <symbol id="sm-c">
         <name>__STACK_SIZE</name>
         <value>0x200</value>
      </symbol>
      <symbol id="sm-d">
         <name>__STACK_END</name>
         <value>0x20208000</value>
      </symbol>
      <symbol id="sm-e">
         <name>__TI_pprof_out_hndl</name>
         <value>0xffffffff</value>
      </symbol>
      <symbol id="sm-f">
         <name>__TI_prof_data_start</name>
         <value>0xffffffff</value>
      </symbol>
      <symbol id="sm-10">
         <name>__TI_prof_data_size</name>
         <value>0xffffffff</value>
      </symbol>
      <symbol id="sm-52">
         <name>SYSCFG_DL_init</name>
         <value>0x65d</value>
         <object_component_ref idref="oc-9e"/>
      </symbol>
      <symbol id="sm-53">
         <name>SYSCFG_DL_initPower</name>
         <value>0x481</value>
         <object_component_ref idref="oc-c4"/>
      </symbol>
      <symbol id="sm-54">
         <name>SYSCFG_DL_GPIO_init</name>
         <value>0x69d</value>
         <object_component_ref idref="oc-c5"/>
      </symbol>
      <symbol id="sm-55">
         <name>SYSCFG_DL_SYSCTL_init</name>
         <value>0x5b1</value>
         <object_component_ref idref="oc-c6"/>
      </symbol>
      <symbol id="sm-56">
         <name>SYSCFG_DL_TIMER_0_init</name>
         <value>0x579</value>
         <object_component_ref idref="oc-c8"/>
      </symbol>
      <symbol id="sm-57">
         <name>SYSCFG_DL_ADC12_0_init</name>
         <value>0x385</value>
         <object_component_ref idref="oc-c9"/>
      </symbol>
      <symbol id="sm-58">
         <name>gTIMER_0Backup</name>
         <value>0x20200000</value>
      </symbol>
      <symbol id="sm-63">
         <name>Default_Handler</name>
         <value>0x30f</value>
         <object_component_ref idref="oc-33"/>
      </symbol>
      <symbol id="sm-64">
         <name>Reset_Handler</name>
         <value>0x6d5</value>
         <object_component_ref idref="oc-2f"/>
      </symbol>
      <symbol id="sm-65">
         <name>interruptVectors</name>
         <value>0x0</value>
         <object_component_ref idref="oc-18"/>
      </symbol>
      <symbol id="sm-66">
         <name>NMI_Handler</name>
         <value>0x30f</value>
         <object_component_ref idref="oc-33"/>
      </symbol>
      <symbol id="sm-67">
         <name>HardFault_Handler</name>
         <value>0x30f</value>
         <object_component_ref idref="oc-33"/>
      </symbol>
      <symbol id="sm-68">
         <name>SVC_Handler</name>
         <value>0x30f</value>
         <object_component_ref idref="oc-33"/>
      </symbol>
      <symbol id="sm-69">
         <name>PendSV_Handler</name>
         <value>0x30f</value>
         <object_component_ref idref="oc-33"/>
      </symbol>
      <symbol id="sm-6a">
         <name>SysTick_Handler</name>
         <value>0x30f</value>
         <object_component_ref idref="oc-33"/>
      </symbol>
      <symbol id="sm-6b">
         <name>GROUP0_IRQHandler</name>
         <value>0x30f</value>
         <object_component_ref idref="oc-33"/>
      </symbol>
      <symbol id="sm-6c">
         <name>GROUP1_IRQHandler</name>
         <value>0x30f</value>
         <object_component_ref idref="oc-33"/>
      </symbol>
      <symbol id="sm-6d">
         <name>TIMG8_IRQHandler</name>
         <value>0x30f</value>
         <object_component_ref idref="oc-33"/>
      </symbol>
      <symbol id="sm-6e">
         <name>UART3_IRQHandler</name>
         <value>0x30f</value>
         <object_component_ref idref="oc-33"/>
      </symbol>
      <symbol id="sm-6f">
         <name>ADC0_IRQHandler</name>
         <value>0x30f</value>
         <object_component_ref idref="oc-33"/>
      </symbol>
      <symbol id="sm-70">
         <name>ADC1_IRQHandler</name>
         <value>0x30f</value>
         <object_component_ref idref="oc-33"/>
      </symbol>
      <symbol id="sm-71">
         <name>CANFD0_IRQHandler</name>
         <value>0x30f</value>
         <object_component_ref idref="oc-33"/>
      </symbol>
      <symbol id="sm-72">
         <name>DAC0_IRQHandler</name>
         <value>0x30f</value>
         <object_component_ref idref="oc-33"/>
      </symbol>
      <symbol id="sm-73">
         <name>SPI0_IRQHandler</name>
         <value>0x30f</value>
         <object_component_ref idref="oc-33"/>
      </symbol>
      <symbol id="sm-74">
         <name>SPI1_IRQHandler</name>
         <value>0x30f</value>
         <object_component_ref idref="oc-33"/>
      </symbol>
      <symbol id="sm-75">
         <name>UART1_IRQHandler</name>
         <value>0x30f</value>
         <object_component_ref idref="oc-33"/>
      </symbol>
      <symbol id="sm-76">
         <name>UART2_IRQHandler</name>
         <value>0x30f</value>
         <object_component_ref idref="oc-33"/>
      </symbol>
      <symbol id="sm-77">
         <name>UART0_IRQHandler</name>
         <value>0x30f</value>
         <object_component_ref idref="oc-33"/>
      </symbol>
      <symbol id="sm-78">
         <name>TIMG0_IRQHandler</name>
         <value>0x30f</value>
         <object_component_ref idref="oc-33"/>
      </symbol>
      <symbol id="sm-79">
         <name>TIMA0_IRQHandler</name>
         <value>0x30f</value>
         <object_component_ref idref="oc-33"/>
      </symbol>
      <symbol id="sm-7a">
         <name>TIMA1_IRQHandler</name>
         <value>0x30f</value>
         <object_component_ref idref="oc-33"/>
      </symbol>
      <symbol id="sm-7b">
         <name>TIMG7_IRQHandler</name>
         <value>0x30f</value>
         <object_component_ref idref="oc-33"/>
      </symbol>
      <symbol id="sm-7c">
         <name>TIMG12_IRQHandler</name>
         <value>0x30f</value>
         <object_component_ref idref="oc-33"/>
      </symbol>
      <symbol id="sm-7d">
         <name>I2C0_IRQHandler</name>
         <value>0x30f</value>
         <object_component_ref idref="oc-33"/>
      </symbol>
      <symbol id="sm-7e">
         <name>I2C1_IRQHandler</name>
         <value>0x30f</value>
         <object_component_ref idref="oc-33"/>
      </symbol>
      <symbol id="sm-7f">
         <name>AES_IRQHandler</name>
         <value>0x30f</value>
         <object_component_ref idref="oc-33"/>
      </symbol>
      <symbol id="sm-80">
         <name>RTC_IRQHandler</name>
         <value>0x30f</value>
         <object_component_ref idref="oc-33"/>
      </symbol>
      <symbol id="sm-81">
         <name>DMA_IRQHandler</name>
         <value>0x30f</value>
         <object_component_ref idref="oc-33"/>
      </symbol>
      <symbol id="sm-8e">
         <name>main</name>
         <value>0x5e1</value>
         <object_component_ref idref="oc-80"/>
      </symbol>
      <symbol id="sm-8f">
         <name>TIMG6_IRQHandler</name>
         <value>0x3ed</value>
         <object_component_ref idref="oc-34"/>
      </symbol>
      <symbol id="sm-90">
         <name>AdcResult</name>
         <value>0x202000a4</value>
      </symbol>
      <symbol id="sm-91">
         <name>corrected_voltage</name>
         <value>0x202000a0</value>
      </symbol>
      <symbol id="sm-92">
         <name>__TI_ATRegion0_src_addr</name>
         <value>0x0</value>
      </symbol>
      <symbol id="sm-93">
         <name>__TI_ATRegion0_trg_addr</name>
         <value>0x0</value>
      </symbol>
      <symbol id="sm-94">
         <name>__TI_ATRegion0_region_sz</name>
         <value>0x0</value>
      </symbol>
      <symbol id="sm-95">
         <name>__TI_ATRegion1_src_addr</name>
         <value>0x0</value>
      </symbol>
      <symbol id="sm-96">
         <name>__TI_ATRegion1_trg_addr</name>
         <value>0x0</value>
      </symbol>
      <symbol id="sm-97">
         <name>__TI_ATRegion1_region_sz</name>
         <value>0x0</value>
      </symbol>
      <symbol id="sm-98">
         <name>__TI_ATRegion2_src_addr</name>
         <value>0x0</value>
      </symbol>
      <symbol id="sm-99">
         <name>__TI_ATRegion2_trg_addr</name>
         <value>0x0</value>
      </symbol>
      <symbol id="sm-9a">
         <name>__TI_ATRegion2_region_sz</name>
         <value>0x0</value>
      </symbol>
      <symbol id="sm-a5">
         <name>DL_ADC12_setClockConfig</name>
         <value>0x441</value>
         <object_component_ref idref="oc-e7"/>
      </symbol>
      <symbol id="sm-ae">
         <name>DL_Common_delayCycles</name>
         <value>0x6cb</value>
         <object_component_ref idref="oc-da"/>
      </symbol>
      <symbol id="sm-be">
         <name>DL_Timer_setClockConfig</name>
         <value>0x681</value>
         <object_component_ref idref="oc-de"/>
      </symbol>
      <symbol id="sm-bf">
         <name>DL_Timer_initTimerMode</name>
         <value>0xc1</value>
         <object_component_ref idref="oc-e4"/>
      </symbol>
      <symbol id="sm-ca">
         <name>_c_int00_noargs</name>
         <value>0x635</value>
         <object_component_ref idref="oc-54"/>
      </symbol>
      <symbol id="sm-cb">
         <name>__stack</name>
         <value>0x20207e00</value>
         <object_component_ref idref="oc-1a"/>
      </symbol>
      <symbol id="sm-d7">
         <name>__TI_auto_init_nobinit_nopinit</name>
         <value>0x501</value>
         <object_component_ref idref="oc-aa"/>
      </symbol>
      <symbol id="sm-df">
         <name>_system_pre_init</name>
         <value>0x6d9</value>
         <object_component_ref idref="oc-7c"/>
      </symbol>
      <symbol id="sm-ea">
         <name>__TI_zero_init_nomemset</name>
         <value>0x6b5</value>
         <object_component_ref idref="oc-4b"/>
      </symbol>
      <symbol id="sm-f6">
         <name>abort</name>
         <value>0x6dd</value>
         <object_component_ref idref="oc-a3"/>
      </symbol>
      <symbol id="sm-f7">
         <name>C$$EXIT</name>
         <value>0x6dc</value>
         <object_component_ref idref="oc-a3"/>
      </symbol>
      <symbol id="sm-ff">
         <name>__aeabi_dmul</name>
         <value>0x1a9</value>
         <object_component_ref idref="oc-67"/>
      </symbol>
      <symbol id="sm-100">
         <name>__muldf3</name>
         <value>0x1a9</value>
         <object_component_ref idref="oc-67"/>
      </symbol>
      <symbol id="sm-106">
         <name>__muldsi3</name>
         <value>0x53d</value>
         <object_component_ref idref="oc-8e"/>
      </symbol>
      <symbol id="sm-10c">
         <name>__aeabi_fdiv</name>
         <value>0x28d</value>
         <object_component_ref idref="oc-5f"/>
      </symbol>
      <symbol id="sm-10d">
         <name>__divsf3</name>
         <value>0x28d</value>
         <object_component_ref idref="oc-5f"/>
      </symbol>
      <symbol id="sm-113">
         <name>__aeabi_f2d</name>
         <value>0x4c1</value>
         <object_component_ref idref="oc-63"/>
      </symbol>
      <symbol id="sm-114">
         <name>__extendsfdf2</name>
         <value>0x4c1</value>
         <object_component_ref idref="oc-63"/>
      </symbol>
      <symbol id="sm-11a">
         <name>__aeabi_ui2f</name>
         <value>0x60d</value>
         <object_component_ref idref="oc-5b"/>
      </symbol>
      <symbol id="sm-11b">
         <name>__floatunsisf</name>
         <value>0x60d</value>
         <object_component_ref idref="oc-5b"/>
      </symbol>
      <symbol id="sm-122">
         <name>__aeabi_d2f</name>
         <value>0x311</value>
         <object_component_ref idref="oc-6b"/>
      </symbol>
      <symbol id="sm-123">
         <name>__truncdfsf2</name>
         <value>0x311</value>
         <object_component_ref idref="oc-6b"/>
      </symbol>
      <symbol id="sm-124">
         <name>__TI_static_base__</name>
         <value>0x0</value>
      </symbol>
      <symbol id="sm-126">
         <name>__mpu_init</name>
         <value>0x0</value>
      </symbol>
      <symbol id="sm-127">
         <name>_system_post_cinit</name>
         <value>0x0</value>
      </symbol>
   </symbol_table>
   <title>Link successful</title>
</link_info>
