<?xml version="1.0" encoding="ISO-8859-1" ?>
<link_info>
   <banner>TI ARM Clang Linker PC v2.1.3.LTS</banner>
   <copyright>Copyright (c) 1996-2018 Texas Instruments Incorporated</copyright>
   <link_time>0x65f1489f</link_time>
   <link_errors>0x0</link_errors>
   <output_file>M0G3507_Flash_Ex01_SimpleWriteRead.out</output_file>
   <entry_point>
      <name>_c_int00_noargs</name>
      <address>0xb95</address>
   </entry_point>
   <input_file_list>
      <input_file id="fl-1">
         <path>.\</path>
         <kind>object</kind>
         <file>main.o</file>
         <name>main.o</name>
      </input_file>
      <input_file id="fl-2">
         <path>.\</path>
         <kind>object</kind>
         <file>ti_msp_dl_config.o</file>
         <name>ti_msp_dl_config.o</name>
      </input_file>
      <input_file id="fl-3">
         <path>.\</path>
         <kind>object</kind>
         <file>startup_mspm0g350x_ticlang.o</file>
         <name>startup_mspm0g350x_ticlang.o</name>
      </input_file>
      <input_file id="fl-10">
         <kind>object</kind>
         <file>&lt;internal&gt;</file>
         <name>&lt;internal&gt;</name>
      </input_file>
      <input_file id="fl-11">
         <path>C:\ti\mspm0_sdk_1_30_00_03\source\ti\driverlib\lib\ticlang\m0p\mspm0g1x0x_g3x0x\</path>
         <kind>archive</kind>
         <file>driverlib.a</file>
         <name>dl_common.o</name>
      </input_file>
      <input_file id="fl-12">
         <path>C:\ti\mspm0_sdk_1_30_00_03\source\ti\driverlib\lib\ticlang\m0p\mspm0g1x0x_g3x0x\</path>
         <kind>archive</kind>
         <file>driverlib.a</file>
         <name>dl_flashctl.o</name>
      </input_file>
      <input_file id="fl-13">
         <path>C:\ti\mspm0_sdk_1_30_00_03\source\ti\driverlib\lib\ticlang\m0p\mspm0g1x0x_g3x0x\</path>
         <kind>archive</kind>
         <file>driverlib.a</file>
         <name>dl_timer.o</name>
      </input_file>
      <input_file id="fl-14">
         <path>C:\ti\mspm0_sdk_1_30_00_03\source\ti\driverlib\lib\ticlang\m0p\mspm0g1x0x_g3x0x\</path>
         <kind>archive</kind>
         <file>driverlib.a</file>
         <name>dl_sysctl_mspm0g1x0x_g3x0x.o</name>
      </input_file>
      <input_file id="fl-20">
         <path>C:\ti\ccs1230\ccs\tools\compiler\ti-cgt-armllvm_2.1.3.LTS\lib\armv6m-ti-none-eabi\c\</path>
         <kind>archive</kind>
         <file>libc.a</file>
         <name>copy_zero_init.c.obj</name>
      </input_file>
      <input_file id="fl-21">
         <path>C:\ti\ccs1230\ccs\tools\compiler\ti-cgt-armllvm_2.1.3.LTS\lib\armv6m-ti-none-eabi\c\</path>
         <kind>archive</kind>
         <file>libc.a</file>
         <name>copy_decompress_none.c.obj</name>
      </input_file>
      <input_file id="fl-22">
         <path>C:\ti\ccs1230\ccs\tools\compiler\ti-cgt-armllvm_2.1.3.LTS\lib\armv6m-ti-none-eabi\c\</path>
         <kind>archive</kind>
         <file>libc.a</file>
         <name>copy_decompress_lzss.c.obj</name>
      </input_file>
      <input_file id="fl-23">
         <path>C:\ti\ccs1230\ccs\tools\compiler\ti-cgt-armllvm_2.1.3.LTS\lib\armv6m-ti-none-eabi\c\</path>
         <kind>archive</kind>
         <file>libc.a</file>
         <name>boot_cortex_m.c.obj</name>
      </input_file>
      <input_file id="fl-24">
         <path>C:\ti\ccs1230\ccs\tools\compiler\ti-cgt-armllvm_2.1.3.LTS\lib\armv6m-ti-none-eabi\c\</path>
         <kind>archive</kind>
         <file>libc.a</file>
         <name>mathacl_init.c.obj</name>
      </input_file>
      <input_file id="fl-25">
         <path>C:\ti\ccs1230\ccs\tools\compiler\ti-cgt-armllvm_2.1.3.LTS\lib\armv6m-ti-none-eabi\c\</path>
         <kind>archive</kind>
         <file>libc.a</file>
         <name>exit.c.obj</name>
      </input_file>
      <input_file id="fl-26">
         <path>C:\ti\ccs1230\ccs\tools\compiler\ti-cgt-armllvm_2.1.3.LTS\lib\armv6m-ti-none-eabi\c\</path>
         <kind>archive</kind>
         <file>libc.a</file>
         <name>_lock.c.obj</name>
      </input_file>
      <input_file id="fl-27">
         <path>C:\ti\ccs1230\ccs\tools\compiler\ti-cgt-armllvm_2.1.3.LTS\lib\armv6m-ti-none-eabi\c\</path>
         <kind>archive</kind>
         <file>libc.a</file>
         <name>args_main.c.obj</name>
      </input_file>
      <input_file id="fl-28">
         <path>C:\ti\ccs1230\ccs\tools\compiler\ti-cgt-armllvm_2.1.3.LTS\lib\armv6m-ti-none-eabi\c\</path>
         <kind>archive</kind>
         <file>libc.a</file>
         <name>autoinit.c.obj</name>
      </input_file>
      <input_file id="fl-29">
         <path>C:\ti\ccs1230\ccs\tools\compiler\ti-cgt-armllvm_2.1.3.LTS\lib\armv6m-ti-none-eabi\c\</path>
         <kind>archive</kind>
         <file>libc.a</file>
         <name>pre_init.c.obj</name>
      </input_file>
      <input_file id="fl-2a">
         <path>C:\ti\ccs1230\ccs\tools\compiler\ti-cgt-armllvm_2.1.3.LTS\lib\armv6m-ti-none-eabi\c\</path>
         <kind>archive</kind>
         <file>libc.a</file>
         <name>cpy_tbl.c.obj</name>
      </input_file>
      <input_file id="fl-63">
         <path>C:\ti\ccs1230\ccs\tools\compiler\ti-cgt-armllvm_2.1.3.LTS\lib\clang\14.0.6\lib\armv6m-ti-none-eabi\</path>
         <kind>archive</kind>
         <file>libclang_rt.builtins.a</file>
         <name>aeabi_memcpy.S.obj</name>
      </input_file>
      <input_file id="fl-64">
         <path>C:\ti\ccs1230\ccs\tools\compiler\ti-cgt-armllvm_2.1.3.LTS\lib\clang\14.0.6\lib\armv6m-ti-none-eabi\</path>
         <kind>archive</kind>
         <file>libclang_rt.builtins.a</file>
         <name>aeabi_memset.S.obj</name>
      </input_file>
      <input_file id="fl-65">
         <path>C:\ti\ccs1230\ccs\tools\compiler\ti-cgt-armllvm_2.1.3.LTS\lib\clang\14.0.6\lib\armv6m-ti-none-eabi\</path>
         <kind>archive</kind>
         <file>libclang_rt.builtins.a</file>
         <name>aeabi_uidivmod.S.obj</name>
      </input_file>
      <input_file id="fl-66">
         <path>C:\ti\ccs1230\ccs\tools\compiler\ti-cgt-armllvm_2.1.3.LTS\lib\clang\14.0.6\lib\armv6m-ti-none-eabi\</path>
         <kind>archive</kind>
         <file>libclang_rt.builtins.a</file>
         <name>aeabi_div0.c.obj</name>
      </input_file>
      <input_file id="fl-67">
         <path>C:\ti\ccs1230\ccs\tools\compiler\ti-cgt-armllvm_2.1.3.LTS\lib\armv6m-ti-none-eabi\c\</path>
         <kind>archive</kind>
         <file>libc.a</file>
         <name>memcpy16.S.obj</name>
      </input_file>
      <input_file id="fl-68">
         <path>C:\ti\ccs1230\ccs\tools\compiler\ti-cgt-armllvm_2.1.3.LTS\lib\armv6m-ti-none-eabi\c\</path>
         <kind>archive</kind>
         <file>libc.a</file>
         <name>memset16.S.obj</name>
      </input_file>
   </input_file_list>
   <object_component_list>
      <object_component id="oc-18">
         <name>.intvecs</name>
         <load_address>0x0</load_address>
         <run_address>0x0</run_address>
         <size>0xc0</size>
         <input_file_ref idref="fl-3"/>
      </object_component>
      <object_component id="oc-be">
         <name>.text.DL_FlashCTL_unprotectSector</name>
         <load_address>0xc0</load_address>
         <run_address>0xc0</run_address>
         <size>0x15c</size>
         <input_file_ref idref="fl-12"/>
      </object_component>
      <object_component id="oc-b9">
         <name>.text.DL_Timer_initTimerMode</name>
         <load_address>0x21c</load_address>
         <run_address>0x21c</run_address>
         <size>0x100</size>
         <input_file_ref idref="fl-13"/>
      </object_component>
      <object_component id="oc-b5">
         <name>.text.DL_SYSCTL_configSYSPLL</name>
         <load_address>0x31c</load_address>
         <run_address>0x31c</run_address>
         <size>0xec</size>
         <input_file_ref idref="fl-14"/>
      </object_component>
      <object_component id="oc-bc">
         <name>.text.writeUncorrectedSingleBitErrorDataToFlash</name>
         <load_address>0x408</load_address>
         <run_address>0x408</run_address>
         <size>0xac</size>
         <input_file_ref idref="fl-1"/>
      </object_component>
      <object_component id="oc-6e">
         <name>.text:memcpy</name>
         <load_address>0x4b4</load_address>
         <run_address>0x4b4</run_address>
         <size>0x9a</size>
         <input_file_ref idref="fl-67"/>
      </object_component>
      <object_component id="oc-2a">
         <name>.text.Default_Handler</name>
         <load_address>0x54e</load_address>
         <run_address>0x54e</run_address>
         <size>0x2</size>
         <input_file_ref idref="fl-3"/>
      </object_component>
      <object_component id="oc-a5">
         <name>.text.task2D5msec</name>
         <load_address>0x550</load_address>
         <run_address>0x550</run_address>
         <size>0x94</size>
         <input_file_ref idref="fl-1"/>
      </object_component>
      <object_component id="oc-bd">
         <name>.text.writeCorrectedDataToFlash</name>
         <load_address>0x5e4</load_address>
         <run_address>0x5e4</run_address>
         <size>0x7c</size>
         <input_file_ref idref="fl-1"/>
      </object_component>
      <object_component id="oc-59">
         <name>.text.main</name>
         <load_address>0x660</load_address>
         <run_address>0x660</run_address>
         <size>0x78</size>
         <input_file_ref idref="fl-1"/>
      </object_component>
      <object_component id="oc-1c">
         <name>.text:decompress:lzss</name>
         <load_address>0x6d8</load_address>
         <run_address>0x6d8</run_address>
         <size>0x68</size>
         <input_file_ref idref="fl-22"/>
      </object_component>
      <object_component id="oc-9f">
         <name>.text.SYSCFG_DL_SYSCTL_init</name>
         <load_address>0x740</load_address>
         <run_address>0x740</run_address>
         <size>0x5c</size>
         <input_file_ref idref="fl-2"/>
      </object_component>
      <object_component id="oc-dc">
         <name>.text.DL_FlashCTL_getFlashSectorNumberInBank</name>
         <load_address>0x79c</load_address>
         <run_address>0x79c</run_address>
         <size>0x52</size>
         <input_file_ref idref="fl-12"/>
      </object_component>
      <object_component id="oc-eb">
         <name>.text.__aeabi_idiv0</name>
         <load_address>0x7ee</load_address>
         <run_address>0x7ee</run_address>
         <size>0x2</size>
         <input_file_ref idref="fl-66"/>
      </object_component>
      <object_component id="oc-b6">
         <name>.text.DL_SYSCTL_switchMCLKfromSYSOSCtoHSCLK</name>
         <load_address>0x7f0</load_address>
         <run_address>0x7f0</run_address>
         <size>0x4c</size>
         <input_file_ref idref="fl-14"/>
      </object_component>
      <object_component id="oc-8b">
         <name>.text:__TI_auto_init_nopinit</name>
         <load_address>0x83c</load_address>
         <run_address>0x83c</run_address>
         <size>0x4c</size>
         <input_file_ref idref="fl-28"/>
      </object_component>
      <object_component id="oc-af">
         <name>.text.copy_in</name>
         <load_address>0x888</load_address>
         <run_address>0x888</run_address>
         <size>0x48</size>
         <input_file_ref idref="fl-2a"/>
      </object_component>
      <object_component id="oc-e4">
         <name>.text</name>
         <load_address>0x8d0</load_address>
         <run_address>0x8d0</run_address>
         <size>0x40</size>
         <input_file_ref idref="fl-65"/>
      </object_component>
      <object_component id="oc-dd">
         <name>.text.DL_FactoryRegion_getNumBanks</name>
         <load_address>0x910</load_address>
         <run_address>0x910</run_address>
         <size>0x3c</size>
         <input_file_ref idref="fl-12"/>
      </object_component>
      <object_component id="oc-d4">
         <name>.text.DL_Timer_setCaptureCompareCtl</name>
         <load_address>0x94c</load_address>
         <run_address>0x94c</run_address>
         <size>0x3c</size>
         <input_file_ref idref="fl-13"/>
      </object_component>
      <object_component id="oc-de">
         <name>.text.DL_FactoryRegion_getMAINFlashSize</name>
         <load_address>0x988</load_address>
         <run_address>0x988</run_address>
         <size>0x38</size>
         <input_file_ref idref="fl-12"/>
      </object_component>
      <object_component id="oc-e3">
         <name>.text.DL_FlashCTL_programMemory64Config</name>
         <load_address>0x9c0</load_address>
         <run_address>0x9c0</run_address>
         <size>0x38</size>
         <input_file_ref idref="fl-12"/>
      </object_component>
      <object_component id="oc-d5">
         <name>.text.DL_FlashCTL_programMemoryFromRAM64WithECCManual</name>
         <load_address>0x9f8</load_address>
         <run_address>0x9f8</run_address>
         <size>0x34</size>
         <input_file_ref idref="fl-12"/>
      </object_component>
      <object_component id="oc-b8">
         <name>.text.DL_Timer_setClockConfig</name>
         <load_address>0xa2c</load_address>
         <run_address>0xa2c</run_address>
         <size>0x34</size>
         <input_file_ref idref="fl-13"/>
      </object_component>
      <object_component id="oc-bf">
         <name>.text.DL_FlashCTL_eraseMemoryFromRAM</name>
         <load_address>0xa60</load_address>
         <run_address>0xa60</run_address>
         <size>0x30</size>
         <input_file_ref idref="fl-12"/>
      </object_component>
      <object_component id="oc-ea">
         <name>.text.DL_FlashCTL_programMemoryConfig</name>
         <load_address>0xa90</load_address>
         <run_address>0xa90</run_address>
         <size>0x30</size>
         <input_file_ref idref="fl-12"/>
      </object_component>
      <object_component id="oc-d3">
         <name>.text.DL_Timer_setCaptureCompareValue</name>
         <load_address>0xac0</load_address>
         <run_address>0xac0</run_address>
         <size>0x2c</size>
         <input_file_ref idref="fl-13"/>
      </object_component>
      <object_component id="oc-a1">
         <name>.text.SYSCFG_DL_SWTIMER_init</name>
         <load_address>0xaec</load_address>
         <run_address>0xaec</run_address>
         <size>0x2c</size>
         <input_file_ref idref="fl-2"/>
      </object_component>
      <object_component id="oc-9d">
         <name>.text.SYSCFG_DL_initPower</name>
         <load_address>0xb18</load_address>
         <run_address>0xb18</run_address>
         <size>0x2c</size>
         <input_file_ref idref="fl-2"/>
      </object_component>
      <object_component id="oc-cd">
         <name>.text.DL_Common_updateReg</name>
         <load_address>0xb44</load_address>
         <run_address>0xb44</run_address>
         <size>0x28</size>
         <input_file_ref idref="fl-14"/>
      </object_component>
      <object_component id="oc-e2">
         <name>.text.DL_Common_updateReg</name>
         <load_address>0xb6c</load_address>
         <run_address>0xb6c</run_address>
         <size>0x28</size>
         <input_file_ref idref="fl-13"/>
      </object_component>
      <object_component id="oc-46">
         <name>.text:_c_int00_noargs</name>
         <load_address>0xb94</load_address>
         <run_address>0xb94</run_address>
         <size>0x28</size>
         <input_file_ref idref="fl-23"/>
      </object_component>
      <object_component id="oc-d9">
         <name>.text.DL_FlashCTL_programMemoryFromRAM64WithECCGenerated</name>
         <load_address>0xbbc</load_address>
         <run_address>0xbbc</run_address>
         <size>0x24</size>
         <input_file_ref idref="fl-12"/>
      </object_component>
      <object_component id="oc-e9">
         <name>.text.DL_CORE_configInstruction</name>
         <load_address>0xbe0</load_address>
         <run_address>0xbe0</run_address>
         <size>0x20</size>
         <input_file_ref idref="fl-12"/>
      </object_component>
      <object_component id="oc-cf">
         <name>.text.DL_CORE_configInstruction</name>
         <load_address>0xc00</load_address>
         <run_address>0xc00</run_address>
         <size>0x20</size>
         <input_file_ref idref="fl-14"/>
      </object_component>
      <object_component id="oc-d2">
         <name>.text.DL_Timer_setCounterValueAfterEnable</name>
         <load_address>0xc20</load_address>
         <run_address>0xc20</run_address>
         <size>0x20</size>
         <input_file_ref idref="fl-13"/>
      </object_component>
      <object_component id="oc-73">
         <name>.text.SYSCFG_DL_init</name>
         <load_address>0xc40</load_address>
         <run_address>0xc40</run_address>
         <size>0x20</size>
         <input_file_ref idref="fl-2"/>
      </object_component>
      <object_component id="oc-9e">
         <name>.text.SYSCFG_DL_GPIO_init</name>
         <load_address>0xc60</load_address>
         <run_address>0xc60</run_address>
         <size>0x1c</size>
         <input_file_ref idref="fl-2"/>
      </object_component>
      <object_component id="oc-d0">
         <name>.text.DL_SYSCTL_setHSCLKSource</name>
         <load_address>0xc7c</load_address>
         <run_address>0xc7c</run_address>
         <size>0x18</size>
         <input_file_ref idref="fl-14"/>
      </object_component>
      <object_component id="oc-d1">
         <name>.text.DL_Timer_setLoadValue</name>
         <load_address>0xc94</load_address>
         <run_address>0xc94</run_address>
         <size>0x18</size>
         <input_file_ref idref="fl-13"/>
      </object_component>
      <object_component id="oc-b4">
         <name>.text.DL_Common_delayCycles</name>
         <load_address>0xcac</load_address>
         <run_address>0xcac</run_address>
         <size>0x14</size>
         <input_file_ref idref="fl-11"/>
      </object_component>
      <object_component id="oc-e0">
         <name>.text.DL_FlashCTL_setCommandAddress</name>
         <load_address>0xcc0</load_address>
         <run_address>0xcc0</run_address>
         <size>0x14</size>
         <input_file_ref idref="fl-12"/>
      </object_component>
      <object_component id="oc-cb">
         <name>.text.DL_SYSCTL_disableSYSPLL</name>
         <load_address>0xcd4</load_address>
         <run_address>0xcd4</run_address>
         <size>0x14</size>
         <input_file_ref idref="fl-14"/>
      </object_component>
      <object_component id="oc-3d">
         <name>.text:decompress:ZI:__TI_zero_init_nomemset</name>
         <load_address>0xce8</load_address>
         <run_address>0xce8</run_address>
         <size>0x14</size>
         <input_file_ref idref="fl-20"/>
      </object_component>
      <object_component id="oc-20">
         <name>.text:decompress:none</name>
         <load_address>0xcfc</load_address>
         <run_address>0xcfc</run_address>
         <size>0x12</size>
         <input_file_ref idref="fl-21"/>
      </object_component>
      <object_component id="oc-e8">
         <name>.text.DL_CORE_getInstructionConfig</name>
         <load_address>0xd10</load_address>
         <run_address>0xd10</run_address>
         <size>0x10</size>
         <input_file_ref idref="fl-12"/>
      </object_component>
      <object_component id="oc-ce">
         <name>.text.DL_CORE_getInstructionConfig</name>
         <load_address>0xd20</load_address>
         <run_address>0xd20</run_address>
         <size>0x10</size>
         <input_file_ref idref="fl-14"/>
      </object_component>
      <object_component id="oc-a6">
         <name>.text.task25msec</name>
         <load_address>0xd30</load_address>
         <run_address>0xd30</run_address>
         <size>0x10</size>
         <input_file_ref idref="fl-1"/>
      </object_component>
      <object_component id="oc-db">
         <name>.text.DL_FlashCTL_getFlashSectorNumber</name>
         <load_address>0xd40</load_address>
         <run_address>0xd40</run_address>
         <size>0xe</size>
         <input_file_ref idref="fl-12"/>
      </object_component>
      <object_component id="oc-cc">
         <name>.text.DL_SYSCTL_getClockStatus</name>
         <load_address>0xd50</load_address>
         <run_address>0xd50</run_address>
         <size>0xc</size>
         <input_file_ref idref="fl-14"/>
      </object_component>
      <object_component id="oc-36">
         <name>.text</name>
         <load_address>0xd5c</load_address>
         <run_address>0xd5c</run_address>
         <size>0x8</size>
         <input_file_ref idref="fl-63"/>
      </object_component>
      <object_component id="oc-df">
         <name>.text.DL_SYSCTL_isExecuteFromUpperFlashBank</name>
         <load_address>0xd64</load_address>
         <run_address>0xd64</run_address>
         <size>0x4</size>
         <input_file_ref idref="fl-12"/>
      </object_component>
      <object_component id="oc-26">
         <name>.text.Reset_Handler</name>
         <load_address>0xd68</load_address>
         <run_address>0xd68</run_address>
         <size>0x4</size>
         <input_file_ref idref="fl-3"/>
      </object_component>
      <object_component id="oc-55">
         <name>.text._system_pre_init</name>
         <load_address>0xd6c</load_address>
         <run_address>0xd6c</run_address>
         <size>0x4</size>
         <input_file_ref idref="fl-29"/>
      </object_component>
      <object_component id="oc-7d">
         <name>.text:abort</name>
         <load_address>0xd70</load_address>
         <run_address>0xd70</run_address>
         <size>0x4</size>
         <input_file_ref idref="fl-25"/>
      </object_component>
      <object_component id="oc-133">
         <name>.tramp.DL_FlashCTL_executeCommandFromRAM.1</name>
         <load_address>0xd74</load_address>
         <run_address>0xd74</run_address>
         <size>0x10</size>
         <input_file_ref idref="fl-12"/>
      </object_component>
      <object_component id="oc-12f">
         <name>.cinit..data.load</name>
         <load_address>0xe08</load_address>
         <run_address>0xe08</run_address>
         <size>0x2a</size>
      </object_component>
      <object_component id="oc-12d">
         <name>__TI_handler_table</name>
         <load_address>0xe34</load_address>
         <run_address>0xe34</run_address>
         <size>0xc</size>
      </object_component>
      <object_component id="oc-130">
         <name>.cinit..bss.load</name>
         <load_address>0xe40</load_address>
         <run_address>0xe40</run_address>
         <size>0x8</size>
      </object_component>
      <object_component id="oc-12e">
         <name>__TI_cinit_table</name>
         <load_address>0xe48</load_address>
         <run_address>0xe48</run_address>
         <size>0x10</size>
      </object_component>
      <object_component id="oc-b7">
         <name>.rodata.gSYSPLLConfig</name>
         <load_address>0xdc8</load_address>
         <run_address>0xdc8</run_address>
         <size>0x28</size>
         <input_file_ref idref="fl-2"/>
      </object_component>
      <object_component id="oc-bb">
         <name>.rodata.gSWTIMERTimerConfig</name>
         <load_address>0xdf0</load_address>
         <run_address>0xdf0</run_address>
         <size>0x14</size>
         <input_file_ref idref="fl-2"/>
      </object_component>
      <object_component id="oc-ba">
         <name>.rodata.gSWTIMERClockConfig</name>
         <load_address>0xe04</load_address>
         <run_address>0xe04</run_address>
         <size>0x3</size>
         <input_file_ref idref="fl-2"/>
      </object_component>
      <object_component id="oc-fa">
         <name>.binit</name>
         <load_address>0xe58</load_address>
         <run_address>0xe58</run_address>
         <size>0x10</size>
      </object_component>
      <object_component id="oc-e1">
         <name>.TI.ramfunc</name>
         <load_address>0xd88</load_address>
         <run_address>0x20200108</run_address>
         <size>0x40</size>
         <input_file_ref idref="fl-12"/>
      </object_component>
      <object_component id="oc-da">
         <name>.data.gDataArray64</name>
         <load_address>0x202000e4</load_address>
         <run_address>0x202000e4</run_address>
         <size>0x8</size>
         <input_file_ref idref="fl-1"/>
      </object_component>
      <object_component id="oc-d8">
         <name>.data.gDataArray64SEC</name>
         <load_address>0x202000ec</load_address>
         <run_address>0x202000ec</run_address>
         <size>0x8</size>
         <input_file_ref idref="fl-1"/>
      </object_component>
      <object_component id="oc-d6">
         <name>.data.gECCCodeAddress</name>
         <load_address>0x202000f8</load_address>
         <run_address>0x202000f8</run_address>
         <size>0x4</size>
         <input_file_ref idref="fl-1"/>
      </object_component>
      <object_component id="oc-c0">
         <name>.data.evTest</name>
         <load_address>0x202000f4</load_address>
         <run_address>0x202000f4</run_address>
         <size>0x4</size>
         <input_file_ref idref="fl-1"/>
      </object_component>
      <object_component id="oc-78">
         <name>.data.id_ttask</name>
         <load_address>0x20200100</load_address>
         <run_address>0x20200100</run_address>
         <size>0x2</size>
         <input_file_ref idref="fl-1"/>
      </object_component>
      <object_component id="oc-7a">
         <name>.data.time_task</name>
         <load_address>0x202000c0</load_address>
         <run_address>0x202000c0</run_address>
         <size>0x24</size>
         <input_file_ref idref="fl-1"/>
      </object_component>
      <object_component id="oc-79">
         <name>.data.scanTimeTask.u32Cnt</name>
         <load_address>0x202000fc</load_address>
         <run_address>0x202000fc</run_address>
         <size>0x4</size>
         <input_file_ref idref="fl-1"/>
      </object_component>
      <object_component id="oc-c1">
         <name>.common:gCmdStatus</name>
         <uninitialized>true</uninitialized>
         <run_address>0x202000bc</run_address>
         <size>0x1</size>
      </object_component>
      <object_component id="oc-d7">
         <name>.common:gECCCode</name>
         <uninitialized>true</uninitialized>
         <run_address>0x202000bd</run_address>
         <size>0x1</size>
      </object_component>
      <object_component id="oc-a2">
         <name>.common:gSWTIMERBackup</name>
         <uninitialized>true</uninitialized>
         <run_address>0x20200000</run_address>
         <size>0xbc</size>
      </object_component>
      <object_component id="oc-1a">
         <name>.stack</name>
         <uninitialized>true</uninitialized>
         <run_address>0x20207e00</run_address>
         <size>0x4</size>
         <input_file_ref idref="fl-23"/>
      </object_component>
      <object_component id="oc-132">
         <name>.stack</name>
         <uninitialized>true</uninitialized>
         <run_address>0x20207e00</run_address>
         <size>0x0</size>
      </object_component>
      <object_component id="oc-5b">
         <name>.debug_loc</name>
         <load_address>0x0</load_address>
         <run_address>0x0</run_address>
         <size>0x41</size>
         <input_file_ref idref="fl-1"/>
      </object_component>
      <object_component id="oc-a0">
         <name>.debug_loc</name>
         <load_address>0x41</load_address>
         <run_address>0x41</run_address>
         <size>0x87</size>
         <input_file_ref idref="fl-2"/>
      </object_component>
      <object_component id="oc-3f">
         <name>.debug_loc</name>
         <load_address>0xc8</load_address>
         <run_address>0xc8</run_address>
         <size>0x13b</size>
         <input_file_ref idref="fl-20"/>
      </object_component>
      <object_component id="oc-3c">
         <name>.debug_loc</name>
         <load_address>0x203</load_address>
         <run_address>0x203</run_address>
         <size>0x6f</size>
         <input_file_ref idref="fl-21"/>
      </object_component>
      <object_component id="oc-34">
         <name>.debug_loc</name>
         <load_address>0x272</load_address>
         <run_address>0x272</run_address>
         <size>0xe8</size>
         <input_file_ref idref="fl-22"/>
      </object_component>
      <object_component id="oc-31">
         <name>.debug_loc</name>
         <load_address>0x35a</load_address>
         <run_address>0x35a</run_address>
         <size>0xd8</size>
         <input_file_ref idref="fl-23"/>
      </object_component>
      <object_component id="oc-83">
         <name>.debug_loc</name>
         <load_address>0x432</load_address>
         <run_address>0x432</run_address>
         <size>0x26</size>
         <input_file_ref idref="fl-25"/>
      </object_component>
      <object_component id="oc-85">
         <name>.debug_loc</name>
         <load_address>0x458</load_address>
         <run_address>0x458</run_address>
         <size>0x558</size>
         <input_file_ref idref="fl-28"/>
      </object_component>
      <object_component id="oc-ca">
         <name>.debug_loc</name>
         <load_address>0x9b0</load_address>
         <run_address>0x9b0</run_address>
         <size>0xb8</size>
         <input_file_ref idref="fl-2a"/>
      </object_component>
      <object_component id="oc-f3">
         <name>.debug_loc</name>
         <load_address>0xa68</load_address>
         <run_address>0xa68</run_address>
         <size>0x20</size>
         <input_file_ref idref="fl-66"/>
      </object_component>
      <object_component id="oc-7b">
         <name>.debug_abbrev</name>
         <load_address>0x0</load_address>
         <run_address>0x0</run_address>
         <size>0x264</size>
         <input_file_ref idref="fl-1"/>
      </object_component>
      <object_component id="oc-a3">
         <name>.debug_abbrev</name>
         <load_address>0x264</load_address>
         <run_address>0x264</run_address>
         <size>0x20a</size>
         <input_file_ref idref="fl-2"/>
      </object_component>
      <object_component id="oc-2b">
         <name>.debug_abbrev</name>
         <load_address>0x46e</load_address>
         <run_address>0x46e</run_address>
         <size>0x6d</size>
         <input_file_ref idref="fl-3"/>
      </object_component>
      <object_component id="oc-4f">
         <name>.debug_abbrev</name>
         <load_address>0x4db</load_address>
         <run_address>0x4db</run_address>
         <size>0xcb</size>
         <input_file_ref idref="fl-20"/>
      </object_component>
      <object_component id="oc-3a">
         <name>.debug_abbrev</name>
         <load_address>0x5a6</load_address>
         <run_address>0x5a6</run_address>
         <size>0x70</size>
         <input_file_ref idref="fl-21"/>
      </object_component>
      <object_component id="oc-32">
         <name>.debug_abbrev</name>
         <load_address>0x616</load_address>
         <run_address>0x616</run_address>
         <size>0x9c</size>
         <input_file_ref idref="fl-22"/>
      </object_component>
      <object_component id="oc-2d">
         <name>.debug_abbrev</name>
         <load_address>0x6b2</load_address>
         <run_address>0x6b2</run_address>
         <size>0xaf</size>
         <input_file_ref idref="fl-23"/>
      </object_component>
      <object_component id="oc-a7">
         <name>.debug_abbrev</name>
         <load_address>0x761</load_address>
         <run_address>0x761</run_address>
         <size>0xb3</size>
         <input_file_ref idref="fl-25"/>
      </object_component>
      <object_component id="oc-ad">
         <name>.debug_abbrev</name>
         <load_address>0x814</load_address>
         <run_address>0x814</run_address>
         <size>0x186</size>
         <input_file_ref idref="fl-28"/>
      </object_component>
      <object_component id="oc-71">
         <name>.debug_abbrev</name>
         <load_address>0x99a</load_address>
         <run_address>0x99a</run_address>
         <size>0x39</size>
         <input_file_ref idref="fl-29"/>
      </object_component>
      <object_component id="oc-c8">
         <name>.debug_abbrev</name>
         <load_address>0x9d3</load_address>
         <run_address>0x9d3</run_address>
         <size>0xda</size>
         <input_file_ref idref="fl-2a"/>
      </object_component>
      <object_component id="oc-4e">
         <name>.debug_abbrev</name>
         <load_address>0xaad</load_address>
         <run_address>0xaad</run_address>
         <size>0x27</size>
         <input_file_ref idref="fl-63"/>
      </object_component>
      <object_component id="oc-f0">
         <name>.debug_abbrev</name>
         <load_address>0xad4</load_address>
         <run_address>0xad4</run_address>
         <size>0x27</size>
         <input_file_ref idref="fl-65"/>
      </object_component>
      <object_component id="oc-f1">
         <name>.debug_abbrev</name>
         <load_address>0xafb</load_address>
         <run_address>0xafb</run_address>
         <size>0x59</size>
         <input_file_ref idref="fl-66"/>
      </object_component>
      <object_component id="oc-96">
         <name>.debug_abbrev</name>
         <load_address>0xb54</load_address>
         <run_address>0xb54</run_address>
         <size>0x25</size>
         <input_file_ref idref="fl-67"/>
      </object_component>
      <object_component id="oc-135">
         <name>.debug_abbrev</name>
         <load_address>0xb79</load_address>
         <run_address>0xb79</run_address>
         <size>0x23</size>
      </object_component>
      <object_component id="oc-5c">
         <name>.debug_info</name>
         <load_address>0x0</load_address>
         <run_address>0x0</run_address>
         <size>0x2a6c</size>
         <input_file_ref idref="fl-1"/>
      </object_component>
      <object_component id="oc-77">
         <name>.debug_info</name>
         <load_address>0x2a6c</load_address>
         <run_address>0x2a6c</run_address>
         <size>0x2c98</size>
         <input_file_ref idref="fl-2"/>
      </object_component>
      <object_component id="oc-19">
         <name>.debug_info</name>
         <load_address>0x5704</load_address>
         <run_address>0x5704</run_address>
         <size>0x80</size>
         <input_file_ref idref="fl-3"/>
      </object_component>
      <object_component id="oc-42">
         <name>.debug_info</name>
         <load_address>0x5784</load_address>
         <run_address>0x5784</run_address>
         <size>0x190</size>
         <input_file_ref idref="fl-20"/>
      </object_component>
      <object_component id="oc-21">
         <name>.debug_info</name>
         <load_address>0x5914</load_address>
         <run_address>0x5914</run_address>
         <size>0xc6</size>
         <input_file_ref idref="fl-21"/>
      </object_component>
      <object_component id="oc-1e">
         <name>.debug_info</name>
         <load_address>0x59da</load_address>
         <run_address>0x59da</run_address>
         <size>0x17a</size>
         <input_file_ref idref="fl-22"/>
      </object_component>
      <object_component id="oc-1b">
         <name>.debug_info</name>
         <load_address>0x5b54</load_address>
         <run_address>0x5b54</run_address>
         <size>0x423</size>
         <input_file_ref idref="fl-23"/>
      </object_component>
      <object_component id="oc-7e">
         <name>.debug_info</name>
         <load_address>0x5f77</load_address>
         <run_address>0x5f77</run_address>
         <size>0xed</size>
         <input_file_ref idref="fl-25"/>
      </object_component>
      <object_component id="oc-88">
         <name>.debug_info</name>
         <load_address>0x6064</load_address>
         <run_address>0x6064</run_address>
         <size>0x792</size>
         <input_file_ref idref="fl-28"/>
      </object_component>
      <object_component id="oc-57">
         <name>.debug_info</name>
         <load_address>0x67f6</load_address>
         <run_address>0x67f6</run_address>
         <size>0x46</size>
         <input_file_ref idref="fl-29"/>
      </object_component>
      <object_component id="oc-b2">
         <name>.debug_info</name>
         <load_address>0x683c</load_address>
         <run_address>0x683c</run_address>
         <size>0x1b1</size>
         <input_file_ref idref="fl-2a"/>
      </object_component>
      <object_component id="oc-37">
         <name>.debug_info</name>
         <load_address>0x69ed</load_address>
         <run_address>0x69ed</run_address>
         <size>0x1a1</size>
         <input_file_ref idref="fl-63"/>
      </object_component>
      <object_component id="oc-e7">
         <name>.debug_info</name>
         <load_address>0x6b8e</load_address>
         <run_address>0x6b8e</run_address>
         <size>0x1c4</size>
         <input_file_ref idref="fl-65"/>
      </object_component>
      <object_component id="oc-ec">
         <name>.debug_info</name>
         <load_address>0x6d52</load_address>
         <run_address>0x6d52</run_address>
         <size>0x85</size>
         <input_file_ref idref="fl-66"/>
      </object_component>
      <object_component id="oc-6c">
         <name>.debug_info</name>
         <load_address>0x6dd7</load_address>
         <run_address>0x6dd7</run_address>
         <size>0x2f1</size>
         <input_file_ref idref="fl-67"/>
      </object_component>
      <object_component id="oc-134">
         <name>.debug_info</name>
         <load_address>0x70c8</load_address>
         <run_address>0x70c8</run_address>
         <size>0x130</size>
      </object_component>
      <object_component id="oc-5e">
         <name>.debug_ranges</name>
         <load_address>0x0</load_address>
         <run_address>0x0</run_address>
         <size>0x68</size>
         <input_file_ref idref="fl-1"/>
      </object_component>
      <object_component id="oc-75">
         <name>.debug_ranges</name>
         <load_address>0x68</load_address>
         <run_address>0x68</run_address>
         <size>0x40</size>
         <input_file_ref idref="fl-2"/>
      </object_component>
      <object_component id="oc-28">
         <name>.debug_ranges</name>
         <load_address>0xa8</load_address>
         <run_address>0xa8</run_address>
         <size>0x18</size>
         <input_file_ref idref="fl-3"/>
      </object_component>
      <object_component id="oc-40">
         <name>.debug_ranges</name>
         <load_address>0xc0</load_address>
         <run_address>0xc0</run_address>
         <size>0x18</size>
         <input_file_ref idref="fl-20"/>
      </object_component>
      <object_component id="oc-35">
         <name>.debug_ranges</name>
         <load_address>0xd8</load_address>
         <run_address>0xd8</run_address>
         <size>0x30</size>
         <input_file_ref idref="fl-22"/>
      </object_component>
      <object_component id="oc-30">
         <name>.debug_ranges</name>
         <load_address>0x108</load_address>
         <run_address>0x108</run_address>
         <size>0x48</size>
         <input_file_ref idref="fl-23"/>
      </object_component>
      <object_component id="oc-7f">
         <name>.debug_ranges</name>
         <load_address>0x150</load_address>
         <run_address>0x150</run_address>
         <size>0x18</size>
         <input_file_ref idref="fl-25"/>
      </object_component>
      <object_component id="oc-89">
         <name>.debug_ranges</name>
         <load_address>0x168</load_address>
         <run_address>0x168</run_address>
         <size>0xa8</size>
         <input_file_ref idref="fl-28"/>
      </object_component>
      <object_component id="oc-ed">
         <name>.debug_ranges</name>
         <load_address>0x210</load_address>
         <run_address>0x210</run_address>
         <size>0x18</size>
         <input_file_ref idref="fl-66"/>
      </object_component>
      <object_component id="oc-6b">
         <name>.debug_ranges</name>
         <load_address>0x228</load_address>
         <run_address>0x228</run_address>
         <size>0x28</size>
         <input_file_ref idref="fl-67"/>
      </object_component>
      <object_component id="oc-7c">
         <name>.debug_str</name>
         <load_address>0x0</load_address>
         <run_address>0x0</run_address>
         <size>0x1638</size>
         <input_file_ref idref="fl-1"/>
      </object_component>
      <object_component id="oc-a4">
         <name>.debug_str</name>
         <load_address>0x1638</load_address>
         <run_address>0x1638</run_address>
         <size>0x1ea7</size>
         <input_file_ref idref="fl-2"/>
      </object_component>
      <object_component id="oc-2c">
         <name>.debug_str</name>
         <load_address>0x34df</load_address>
         <run_address>0x34df</run_address>
         <size>0x176</size>
         <input_file_ref idref="fl-3"/>
      </object_component>
      <object_component id="oc-50">
         <name>.debug_str</name>
         <load_address>0x3655</load_address>
         <run_address>0x3655</run_address>
         <size>0x1e6</size>
         <input_file_ref idref="fl-20"/>
      </object_component>
      <object_component id="oc-3b">
         <name>.debug_str</name>
         <load_address>0x383b</load_address>
         <run_address>0x383b</run_address>
         <size>0x1b3</size>
         <input_file_ref idref="fl-21"/>
      </object_component>
      <object_component id="oc-33">
         <name>.debug_str</name>
         <load_address>0x39ee</load_address>
         <run_address>0x39ee</run_address>
         <size>0x220</size>
         <input_file_ref idref="fl-22"/>
      </object_component>
      <object_component id="oc-2e">
         <name>.debug_str</name>
         <load_address>0x3c0e</load_address>
         <run_address>0x3c0e</run_address>
         <size>0x270</size>
         <input_file_ref idref="fl-23"/>
      </object_component>
      <object_component id="oc-a8">
         <name>.debug_str</name>
         <load_address>0x3e7e</load_address>
         <run_address>0x3e7e</run_address>
         <size>0x18a</size>
         <input_file_ref idref="fl-25"/>
      </object_component>
      <object_component id="oc-ae">
         <name>.debug_str</name>
         <load_address>0x4008</load_address>
         <run_address>0x4008</run_address>
         <size>0x37a</size>
         <input_file_ref idref="fl-28"/>
      </object_component>
      <object_component id="oc-72">
         <name>.debug_str</name>
         <load_address>0x4382</load_address>
         <run_address>0x4382</run_address>
         <size>0x140</size>
         <input_file_ref idref="fl-29"/>
      </object_component>
      <object_component id="oc-c9">
         <name>.debug_str</name>
         <load_address>0x44c2</load_address>
         <run_address>0x44c2</run_address>
         <size>0x216</size>
         <input_file_ref idref="fl-2a"/>
      </object_component>
      <object_component id="oc-f2">
         <name>.debug_str</name>
         <load_address>0x46d8</load_address>
         <run_address>0x46d8</run_address>
         <size>0x19b</size>
         <input_file_ref idref="fl-66"/>
      </object_component>
      <object_component id="oc-5d">
         <name>.debug_frame</name>
         <load_address>0x0</load_address>
         <run_address>0x0</run_address>
         <size>0xa8</size>
         <input_file_ref idref="fl-1"/>
      </object_component>
      <object_component id="oc-74">
         <name>.debug_frame</name>
         <load_address>0xa8</load_address>
         <run_address>0xa8</run_address>
         <size>0xb4</size>
         <input_file_ref idref="fl-2"/>
      </object_component>
      <object_component id="oc-27">
         <name>.debug_frame</name>
         <load_address>0x15c</load_address>
         <run_address>0x15c</run_address>
         <size>0x30</size>
         <input_file_ref idref="fl-3"/>
      </object_component>
      <object_component id="oc-41">
         <name>.debug_frame</name>
         <load_address>0x18c</load_address>
         <run_address>0x18c</run_address>
         <size>0x38</size>
         <input_file_ref idref="fl-20"/>
      </object_component>
      <object_component id="oc-23">
         <name>.debug_frame</name>
         <load_address>0x1c4</load_address>
         <run_address>0x1c4</run_address>
         <size>0x28</size>
         <input_file_ref idref="fl-21"/>
      </object_component>
      <object_component id="oc-1f">
         <name>.debug_frame</name>
         <load_address>0x1ec</load_address>
         <run_address>0x1ec</run_address>
         <size>0x30</size>
         <input_file_ref idref="fl-22"/>
      </object_component>
      <object_component id="oc-45">
         <name>.debug_frame</name>
         <load_address>0x21c</load_address>
         <run_address>0x21c</run_address>
         <size>0x90</size>
         <input_file_ref idref="fl-23"/>
      </object_component>
      <object_component id="oc-81">
         <name>.debug_frame</name>
         <load_address>0x2ac</load_address>
         <run_address>0x2ac</run_address>
         <size>0x30</size>
         <input_file_ref idref="fl-25"/>
      </object_component>
      <object_component id="oc-87">
         <name>.debug_frame</name>
         <load_address>0x2dc</load_address>
         <run_address>0x2dc</run_address>
         <size>0x100</size>
         <input_file_ref idref="fl-28"/>
      </object_component>
      <object_component id="oc-56">
         <name>.debug_frame</name>
         <load_address>0x3dc</load_address>
         <run_address>0x3dc</run_address>
         <size>0x20</size>
         <input_file_ref idref="fl-29"/>
      </object_component>
      <object_component id="oc-b0">
         <name>.debug_frame</name>
         <load_address>0x3fc</load_address>
         <run_address>0x3fc</run_address>
         <size>0x30</size>
         <input_file_ref idref="fl-2a"/>
      </object_component>
      <object_component id="oc-ee">
         <name>.debug_frame</name>
         <load_address>0x42c</load_address>
         <run_address>0x42c</run_address>
         <size>0x30</size>
         <input_file_ref idref="fl-66"/>
      </object_component>
      <object_component id="oc-5a">
         <name>.debug_line</name>
         <load_address>0x0</load_address>
         <run_address>0x0</run_address>
         <size>0x55d</size>
         <input_file_ref idref="fl-1"/>
      </object_component>
      <object_component id="oc-76">
         <name>.debug_line</name>
         <load_address>0x55d</load_address>
         <run_address>0x55d</run_address>
         <size>0x43b</size>
         <input_file_ref idref="fl-2"/>
      </object_component>
      <object_component id="oc-29">
         <name>.debug_line</name>
         <load_address>0x998</load_address>
         <run_address>0x998</run_address>
         <size>0xba</size>
         <input_file_ref idref="fl-3"/>
      </object_component>
      <object_component id="oc-3e">
         <name>.debug_line</name>
         <load_address>0xa52</load_address>
         <run_address>0xa52</run_address>
         <size>0xfa</size>
         <input_file_ref idref="fl-20"/>
      </object_component>
      <object_component id="oc-22">
         <name>.debug_line</name>
         <load_address>0xb4c</load_address>
         <run_address>0xb4c</run_address>
         <size>0xb6</size>
         <input_file_ref idref="fl-21"/>
      </object_component>
      <object_component id="oc-1d">
         <name>.debug_line</name>
         <load_address>0xc02</load_address>
         <run_address>0xc02</run_address>
         <size>0x1b4</size>
         <input_file_ref idref="fl-22"/>
      </object_component>
      <object_component id="oc-2f">
         <name>.debug_line</name>
         <load_address>0xdb6</load_address>
         <run_address>0xdb6</run_address>
         <size>0x1fe</size>
         <input_file_ref idref="fl-23"/>
      </object_component>
      <object_component id="oc-80">
         <name>.debug_line</name>
         <load_address>0xfb4</load_address>
         <run_address>0xfb4</run_address>
         <size>0x6b</size>
         <input_file_ref idref="fl-25"/>
      </object_component>
      <object_component id="oc-86">
         <name>.debug_line</name>
         <load_address>0x101f</load_address>
         <run_address>0x101f</run_address>
         <size>0x4ca</size>
         <input_file_ref idref="fl-28"/>
      </object_component>
      <object_component id="oc-58">
         <name>.debug_line</name>
         <load_address>0x14e9</load_address>
         <run_address>0x14e9</run_address>
         <size>0x3e</size>
         <input_file_ref idref="fl-29"/>
      </object_component>
      <object_component id="oc-b1">
         <name>.debug_line</name>
         <load_address>0x1527</load_address>
         <run_address>0x1527</run_address>
         <size>0x1ba</size>
         <input_file_ref idref="fl-2a"/>
      </object_component>
      <object_component id="oc-39">
         <name>.debug_line</name>
         <load_address>0x16e1</load_address>
         <run_address>0x16e1</run_address>
         <size>0xa4</size>
         <input_file_ref idref="fl-63"/>
      </object_component>
      <object_component id="oc-e6">
         <name>.debug_line</name>
         <load_address>0x1785</load_address>
         <run_address>0x1785</run_address>
         <size>0xc2</size>
         <input_file_ref idref="fl-65"/>
      </object_component>
      <object_component id="oc-ef">
         <name>.debug_line</name>
         <load_address>0x1847</load_address>
         <run_address>0x1847</run_address>
         <size>0xb7</size>
         <input_file_ref idref="fl-66"/>
      </object_component>
      <object_component id="oc-6a">
         <name>.debug_line</name>
         <load_address>0x18fe</load_address>
         <run_address>0x18fe</run_address>
         <size>0xa0</size>
         <input_file_ref idref="fl-67"/>
      </object_component>
      <object_component id="oc-38">
         <name>.debug_aranges</name>
         <load_address>0x0</load_address>
         <run_address>0x0</run_address>
         <size>0x20</size>
         <input_file_ref idref="fl-63"/>
      </object_component>
      <object_component id="oc-e5">
         <name>.debug_aranges</name>
         <load_address>0x20</load_address>
         <run_address>0x20</run_address>
         <size>0x20</size>
         <input_file_ref idref="fl-65"/>
      </object_component>
      <object_component id="oc-6d">
         <name>.debug_aranges</name>
         <load_address>0x40</load_address>
         <run_address>0x40</run_address>
         <size>0x28</size>
         <input_file_ref idref="fl-67"/>
      </object_component>
   </object_component_list>
   <logical_group_list>
      <logical_group id="lg-2" display="no" color="cyan">
         <name>.intvecs</name>
         <load_address>0x0</load_address>
         <run_address>0x0</run_address>
         <size>0xc0</size>
         <contents>
            <object_component_ref idref="oc-18"/>
         </contents>
      </logical_group>
      <logical_group id="lg-3" display="no" color="cyan">
         <name>.text</name>
         <load_address>0xc0</load_address>
         <run_address>0xc0</run_address>
         <size>0xcc8</size>
         <contents>
            <object_component_ref idref="oc-be"/>
            <object_component_ref idref="oc-b9"/>
            <object_component_ref idref="oc-b5"/>
            <object_component_ref idref="oc-bc"/>
            <object_component_ref idref="oc-6e"/>
            <object_component_ref idref="oc-2a"/>
            <object_component_ref idref="oc-a5"/>
            <object_component_ref idref="oc-bd"/>
            <object_component_ref idref="oc-59"/>
            <object_component_ref idref="oc-1c"/>
            <object_component_ref idref="oc-9f"/>
            <object_component_ref idref="oc-dc"/>
            <object_component_ref idref="oc-eb"/>
            <object_component_ref idref="oc-b6"/>
            <object_component_ref idref="oc-8b"/>
            <object_component_ref idref="oc-af"/>
            <object_component_ref idref="oc-e4"/>
            <object_component_ref idref="oc-dd"/>
            <object_component_ref idref="oc-d4"/>
            <object_component_ref idref="oc-de"/>
            <object_component_ref idref="oc-e3"/>
            <object_component_ref idref="oc-d5"/>
            <object_component_ref idref="oc-b8"/>
            <object_component_ref idref="oc-bf"/>
            <object_component_ref idref="oc-ea"/>
            <object_component_ref idref="oc-d3"/>
            <object_component_ref idref="oc-a1"/>
            <object_component_ref idref="oc-9d"/>
            <object_component_ref idref="oc-cd"/>
            <object_component_ref idref="oc-e2"/>
            <object_component_ref idref="oc-46"/>
            <object_component_ref idref="oc-d9"/>
            <object_component_ref idref="oc-e9"/>
            <object_component_ref idref="oc-cf"/>
            <object_component_ref idref="oc-d2"/>
            <object_component_ref idref="oc-73"/>
            <object_component_ref idref="oc-9e"/>
            <object_component_ref idref="oc-d0"/>
            <object_component_ref idref="oc-d1"/>
            <object_component_ref idref="oc-b4"/>
            <object_component_ref idref="oc-e0"/>
            <object_component_ref idref="oc-cb"/>
            <object_component_ref idref="oc-3d"/>
            <object_component_ref idref="oc-20"/>
            <object_component_ref idref="oc-e8"/>
            <object_component_ref idref="oc-ce"/>
            <object_component_ref idref="oc-a6"/>
            <object_component_ref idref="oc-db"/>
            <object_component_ref idref="oc-cc"/>
            <object_component_ref idref="oc-36"/>
            <object_component_ref idref="oc-df"/>
            <object_component_ref idref="oc-26"/>
            <object_component_ref idref="oc-55"/>
            <object_component_ref idref="oc-7d"/>
            <object_component_ref idref="oc-133"/>
         </contents>
      </logical_group>
      <logical_group id="lg-4" display="no" color="cyan">
         <name>.const</name>
         <run_address>0x0</run_address>
         <size>0x0</size>
         <contents>
         </contents>
      </logical_group>
      <logical_group id="lg-5" display="no" color="cyan">
         <name>.cinit</name>
         <load_address>0xe08</load_address>
         <run_address>0xe08</run_address>
         <size>0x50</size>
         <contents>
            <object_component_ref idref="oc-12f"/>
            <object_component_ref idref="oc-12d"/>
            <object_component_ref idref="oc-130"/>
            <object_component_ref idref="oc-12e"/>
         </contents>
      </logical_group>
      <logical_group id="lg-6" display="no" color="cyan">
         <name>.pinit</name>
         <run_address>0x0</run_address>
         <size>0x0</size>
         <contents>
         </contents>
      </logical_group>
      <logical_group id="lg-7" display="no" color="cyan">
         <name>.rodata</name>
         <load_address>0xdc8</load_address>
         <run_address>0xdc8</run_address>
         <size>0x40</size>
         <contents>
            <object_component_ref idref="oc-b7"/>
            <object_component_ref idref="oc-bb"/>
            <object_component_ref idref="oc-ba"/>
         </contents>
      </logical_group>
      <logical_group id="lg-8" display="no" color="cyan">
         <name>.ARM.exidx</name>
         <run_address>0x0</run_address>
         <size>0x0</size>
         <contents>
         </contents>
      </logical_group>
      <logical_group id="lg-9" display="no" color="cyan">
         <name>.init_array</name>
         <run_address>0x0</run_address>
         <size>0x0</size>
         <contents>
         </contents>
      </logical_group>
      <logical_group id="lg-a" display="no" color="cyan">
         <name>.binit</name>
         <load_address>0xe58</load_address>
         <run_address>0xe58</run_address>
         <size>0x10</size>
         <contents>
            <object_component_ref idref="oc-fa"/>
         </contents>
      </logical_group>
      <logical_group id="lg-b" display="no" color="cyan">
         <name>.TI.ramfunc</name>
         <load_address>0xd88</load_address>
         <run_address>0x20200108</run_address>
         <size>0x40</size>
         <contents>
            <object_component_ref idref="oc-e1"/>
         </contents>
      </logical_group>
      <logical_group id="lg-c" display="no" color="cyan">
         <name>.vtable</name>
         <run_address>0x0</run_address>
         <size>0x0</size>
         <contents>
         </contents>
      </logical_group>
      <logical_group id="lg-d" display="no" color="cyan">
         <name>.args</name>
         <run_address>0x0</run_address>
         <size>0x0</size>
         <contents>
         </contents>
      </logical_group>
      <logical_group id="lg-e" display="no" color="cyan">
         <name>.data</name>
         <run_address>0x202000c0</run_address>
         <size>0x42</size>
         <contents>
            <object_component_ref idref="oc-da"/>
            <object_component_ref idref="oc-d8"/>
            <object_component_ref idref="oc-d6"/>
            <object_component_ref idref="oc-c0"/>
            <object_component_ref idref="oc-78"/>
            <object_component_ref idref="oc-7a"/>
            <object_component_ref idref="oc-79"/>
         </contents>
      </logical_group>
      <logical_group id="lg-f" display="no" color="cyan">
         <name>.bss</name>
         <run_address>0x20200000</run_address>
         <size>0xbe</size>
         <contents>
            <object_component_ref idref="oc-c1"/>
            <object_component_ref idref="oc-d7"/>
            <object_component_ref idref="oc-a2"/>
         </contents>
      </logical_group>
      <logical_group id="lg-10" display="no" color="cyan">
         <name>.sysmem</name>
         <run_address>0x0</run_address>
         <size>0x0</size>
         <contents>
         </contents>
      </logical_group>
      <logical_group id="lg-11" display="no" color="cyan">
         <name>.stack</name>
         <run_address>0x20207e00</run_address>
         <size>0x200</size>
         <contents>
            <object_component_ref idref="oc-1a"/>
            <object_component_ref idref="oc-132"/>
         </contents>
      </logical_group>
      <logical_group id="lg-12" display="no" color="cyan">
         <name>.BCRConfig</name>
         <run_address>0x0</run_address>
         <size>0x0</size>
         <contents>
         </contents>
      </logical_group>
      <logical_group id="lg-13" display="no" color="cyan">
         <name>.BSLConfig</name>
         <run_address>0x0</run_address>
         <size>0x0</size>
         <contents>
         </contents>
      </logical_group>
      <logical_group id="lg-f4" display="no" color="cyan">
         <name>.TI.noinit</name>
         <run_address>0x0</run_address>
         <size>0x0</size>
         <contents>
         </contents>
      </logical_group>
      <logical_group id="lg-f5" display="no" color="cyan">
         <name>.TI.persistent</name>
         <run_address>0x0</run_address>
         <size>0x0</size>
         <contents>
         </contents>
      </logical_group>
      <logical_group id="lg-f6" display="no" color="cyan">
         <name>__llvm_prf_cnts</name>
         <run_address>0x20200000</run_address>
         <size>0x0</size>
         <contents>
         </contents>
      </logical_group>
      <logical_group id="lg-f8" display="no" color="cyan">
         <name>__llvm_prf_bits</name>
         <run_address>0x20200000</run_address>
         <size>0x0</size>
         <contents>
         </contents>
      </logical_group>
      <logical_group id="lg-111" display="never" color="cyan">
         <name>.debug_loc</name>
         <load_address>0x0</load_address>
         <run_address>0x0</run_address>
         <size>0xa88</size>
         <contents>
            <object_component_ref idref="oc-5b"/>
            <object_component_ref idref="oc-a0"/>
            <object_component_ref idref="oc-3f"/>
            <object_component_ref idref="oc-3c"/>
            <object_component_ref idref="oc-34"/>
            <object_component_ref idref="oc-31"/>
            <object_component_ref idref="oc-83"/>
            <object_component_ref idref="oc-85"/>
            <object_component_ref idref="oc-ca"/>
            <object_component_ref idref="oc-f3"/>
         </contents>
      </logical_group>
      <logical_group id="lg-113" display="never" color="cyan">
         <name>.debug_abbrev</name>
         <load_address>0x0</load_address>
         <run_address>0x0</run_address>
         <size>0xb9c</size>
         <contents>
            <object_component_ref idref="oc-7b"/>
            <object_component_ref idref="oc-a3"/>
            <object_component_ref idref="oc-2b"/>
            <object_component_ref idref="oc-4f"/>
            <object_component_ref idref="oc-3a"/>
            <object_component_ref idref="oc-32"/>
            <object_component_ref idref="oc-2d"/>
            <object_component_ref idref="oc-a7"/>
            <object_component_ref idref="oc-ad"/>
            <object_component_ref idref="oc-71"/>
            <object_component_ref idref="oc-c8"/>
            <object_component_ref idref="oc-4e"/>
            <object_component_ref idref="oc-f0"/>
            <object_component_ref idref="oc-f1"/>
            <object_component_ref idref="oc-96"/>
            <object_component_ref idref="oc-135"/>
         </contents>
      </logical_group>
      <logical_group id="lg-115" display="never" color="cyan">
         <name>.debug_info</name>
         <load_address>0x0</load_address>
         <run_address>0x0</run_address>
         <size>0x71f8</size>
         <contents>
            <object_component_ref idref="oc-5c"/>
            <object_component_ref idref="oc-77"/>
            <object_component_ref idref="oc-19"/>
            <object_component_ref idref="oc-42"/>
            <object_component_ref idref="oc-21"/>
            <object_component_ref idref="oc-1e"/>
            <object_component_ref idref="oc-1b"/>
            <object_component_ref idref="oc-7e"/>
            <object_component_ref idref="oc-88"/>
            <object_component_ref idref="oc-57"/>
            <object_component_ref idref="oc-b2"/>
            <object_component_ref idref="oc-37"/>
            <object_component_ref idref="oc-e7"/>
            <object_component_ref idref="oc-ec"/>
            <object_component_ref idref="oc-6c"/>
            <object_component_ref idref="oc-134"/>
         </contents>
      </logical_group>
      <logical_group id="lg-117" display="never" color="cyan">
         <name>.debug_ranges</name>
         <load_address>0x0</load_address>
         <run_address>0x0</run_address>
         <size>0x250</size>
         <contents>
            <object_component_ref idref="oc-5e"/>
            <object_component_ref idref="oc-75"/>
            <object_component_ref idref="oc-28"/>
            <object_component_ref idref="oc-40"/>
            <object_component_ref idref="oc-35"/>
            <object_component_ref idref="oc-30"/>
            <object_component_ref idref="oc-7f"/>
            <object_component_ref idref="oc-89"/>
            <object_component_ref idref="oc-ed"/>
            <object_component_ref idref="oc-6b"/>
         </contents>
      </logical_group>
      <logical_group id="lg-119" display="never" color="cyan">
         <name>.debug_str</name>
         <load_address>0x0</load_address>
         <run_address>0x0</run_address>
         <size>0x4873</size>
         <contents>
            <object_component_ref idref="oc-7c"/>
            <object_component_ref idref="oc-a4"/>
            <object_component_ref idref="oc-2c"/>
            <object_component_ref idref="oc-50"/>
            <object_component_ref idref="oc-3b"/>
            <object_component_ref idref="oc-33"/>
            <object_component_ref idref="oc-2e"/>
            <object_component_ref idref="oc-a8"/>
            <object_component_ref idref="oc-ae"/>
            <object_component_ref idref="oc-72"/>
            <object_component_ref idref="oc-c9"/>
            <object_component_ref idref="oc-f2"/>
         </contents>
      </logical_group>
      <logical_group id="lg-11b" display="never" color="cyan">
         <name>.debug_frame</name>
         <load_address>0x0</load_address>
         <run_address>0x0</run_address>
         <size>0x45c</size>
         <contents>
            <object_component_ref idref="oc-5d"/>
            <object_component_ref idref="oc-74"/>
            <object_component_ref idref="oc-27"/>
            <object_component_ref idref="oc-41"/>
            <object_component_ref idref="oc-23"/>
            <object_component_ref idref="oc-1f"/>
            <object_component_ref idref="oc-45"/>
            <object_component_ref idref="oc-81"/>
            <object_component_ref idref="oc-87"/>
            <object_component_ref idref="oc-56"/>
            <object_component_ref idref="oc-b0"/>
            <object_component_ref idref="oc-ee"/>
         </contents>
      </logical_group>
      <logical_group id="lg-11d" display="never" color="cyan">
         <name>.debug_line</name>
         <load_address>0x0</load_address>
         <run_address>0x0</run_address>
         <size>0x199e</size>
         <contents>
            <object_component_ref idref="oc-5a"/>
            <object_component_ref idref="oc-76"/>
            <object_component_ref idref="oc-29"/>
            <object_component_ref idref="oc-3e"/>
            <object_component_ref idref="oc-22"/>
            <object_component_ref idref="oc-1d"/>
            <object_component_ref idref="oc-2f"/>
            <object_component_ref idref="oc-80"/>
            <object_component_ref idref="oc-86"/>
            <object_component_ref idref="oc-58"/>
            <object_component_ref idref="oc-b1"/>
            <object_component_ref idref="oc-39"/>
            <object_component_ref idref="oc-e6"/>
            <object_component_ref idref="oc-ef"/>
            <object_component_ref idref="oc-6a"/>
         </contents>
      </logical_group>
      <logical_group id="lg-127" display="never" color="cyan">
         <name>.debug_aranges</name>
         <load_address>0x0</load_address>
         <run_address>0x0</run_address>
         <size>0x68</size>
         <contents>
            <object_component_ref idref="oc-38"/>
            <object_component_ref idref="oc-e5"/>
            <object_component_ref idref="oc-6d"/>
         </contents>
      </logical_group>
      <logical_group id="lg-131" display="no" color="cyan">
         <name>Veneer$$CMSE</name>
         <run_address>0x0</run_address>
         <size>0x0</size>
         <contents>
         </contents>
      </logical_group>
      <load_segment id="lg-13b" display="no" color="cyan">
         <name>SEGMENT_0</name>
         <load_address>0x0</load_address>
         <run_address>0x0</run_address>
         <size>0xd88</size>
         <flags>0x5</flags>
         <contents>
            <logical_group_ref idref="lg-2"/>
            <logical_group_ref idref="lg-3"/>
         </contents>
      </load_segment>
      <load_segment id="lg-13c" display="no" color="cyan">
         <name>SEGMENT_1</name>
         <load_address>0xd88</load_address>
         <run_address>0x20200108</run_address>
         <size>0x40</size>
         <flags>0x5</flags>
         <contents>
            <logical_group_ref idref="lg-b"/>
         </contents>
      </load_segment>
      <load_segment id="lg-13d" display="no" color="cyan">
         <name>SEGMENT_2</name>
         <load_address>0xdc8</load_address>
         <run_address>0xdc8</run_address>
         <size>0xa0</size>
         <flags>0x4</flags>
         <contents>
            <logical_group_ref idref="lg-7"/>
            <logical_group_ref idref="lg-5"/>
            <logical_group_ref idref="lg-a"/>
         </contents>
      </load_segment>
      <load_segment id="lg-13e" display="no" color="cyan">
         <name>SEGMENT_3</name>
         <run_address>0x20200000</run_address>
         <size>0x102</size>
         <flags>0x6</flags>
         <contents>
            <logical_group_ref idref="lg-f"/>
            <logical_group_ref idref="lg-e"/>
         </contents>
      </load_segment>
      <load_segment id="lg-13f" display="no" color="cyan">
         <name>SEGMENT_4</name>
         <run_address>0x20207e00</run_address>
         <size>0x200</size>
         <flags>0x6</flags>
         <contents>
            <logical_group_ref idref="lg-11"/>
         </contents>
      </load_segment>
   </logical_group_list>
   <placement_map>
      <memory_area display="yes" color="green">
         <name>FLASH</name>
         <page_id>0x0</page_id>
         <origin>0x0</origin>
         <length>0x20000</length>
         <used_space>0xe68</used_space>
         <unused_space>0x1f198</unused_space>
         <attributes>RX</attributes>
         <usage_details>
            <allocated_space>
               <start_address>0x0</start_address>
               <size>0xc0</size>
               <logical_group_ref idref="lg-2"/>
            </allocated_space>
            <allocated_space>
               <start_address>0xc0</start_address>
               <size>0xcc8</size>
               <logical_group_ref idref="lg-3"/>
            </allocated_space>
            <allocated_space>
               <start_address>0xd88</start_address>
               <size>0x40</size>
               <logical_group_ref idref="lg-b"/>
            </allocated_space>
            <allocated_space>
               <start_address>0xdc8</start_address>
               <size>0x40</size>
               <logical_group_ref idref="lg-7"/>
            </allocated_space>
            <allocated_space>
               <start_address>0xe08</start_address>
               <size>0x50</size>
               <logical_group_ref idref="lg-5"/>
            </allocated_space>
            <allocated_space>
               <start_address>0xe58</start_address>
               <size>0x10</size>
               <logical_group_ref idref="lg-a"/>
            </allocated_space>
            <available_space>
               <start_address>0xe68</start_address>
               <size>0x1f198</size>
            </available_space>
         </usage_details>
      </memory_area>
      <memory_area display="yes" color="green">
         <name>SRAM</name>
         <page_id>0x0</page_id>
         <origin>0x20200000</origin>
         <length>0x8000</length>
         <used_space>0x340</used_space>
         <unused_space>0x7cc0</unused_space>
         <attributes>RWX</attributes>
         <usage_details>
            <allocated_space>
               <start_address>0x20200000</start_address>
               <size>0x0</size>
               <logical_group_ref idref="lg-f6"/>
            </allocated_space>
            <allocated_space>
               <start_address>0x20200000</start_address>
               <size>0x0</size>
               <logical_group_ref idref="lg-f8"/>
            </allocated_space>
            <allocated_space>
               <start_address>0x20200000</start_address>
               <size>0xbe</size>
               <logical_group_ref idref="lg-f"/>
            </allocated_space>
            <available_space>
               <start_address>0x202000be</start_address>
               <size>0x2</size>
            </available_space>
            <allocated_space>
               <start_address>0x202000c0</start_address>
               <size>0x42</size>
               <logical_group_ref idref="lg-e"/>
            </allocated_space>
            <available_space>
               <start_address>0x20200102</start_address>
               <size>0x6</size>
            </available_space>
            <allocated_space>
               <start_address>0x20200108</start_address>
               <size>0x40</size>
               <logical_group_ref idref="lg-b"/>
            </allocated_space>
            <available_space>
               <start_address>0x20200148</start_address>
               <size>0x7cb8</size>
            </available_space>
            <allocated_space>
               <start_address>0x20207e00</start_address>
               <size>0x200</size>
               <logical_group_ref idref="lg-11"/>
            </allocated_space>
         </usage_details>
      </memory_area>
      <memory_area display="yes" color="green">
         <name>BCR_CONFIG</name>
         <page_id>0x0</page_id>
         <origin>0x41c00000</origin>
         <length>0x80</length>
         <used_space>0x0</used_space>
         <unused_space>0x80</unused_space>
         <attributes>R</attributes>
         <usage_details>
         </usage_details>
      </memory_area>
      <memory_area display="yes" color="green">
         <name>BSL_CONFIG</name>
         <page_id>0x0</page_id>
         <origin>0x41c00100</origin>
         <length>0x80</length>
         <used_space>0x0</used_space>
         <unused_space>0x80</unused_space>
         <attributes>R</attributes>
         <usage_details>
         </usage_details>
      </memory_area>
   </placement_map>
   <cptbl_list>
      <cptbl>
         <name>__TI_cinit_table</name>
         <cprec>
            <name>.data</name>
            <load_address>0xe08</load_address>
            <load_size>0x2a</load_size>
            <run_address>0x202000c0</run_address>
            <run_size>0x42</run_size>
            <compression>lzss</compression>
         </cprec>
         <cprec>
            <name>.bss</name>
            <load_address>0xe40</load_address>
            <load_size>0x8</load_size>
            <run_address>0x20200000</run_address>
            <run_size>0xbe</run_size>
            <compression>zero_init</compression>
         </cprec>
      </cptbl>
      <cptbl>
         <name>binit</name>
         <cprec>
            <name>.TI.ramfunc</name>
            <load_address>0xd88</load_address>
            <load_size>0x40</load_size>
            <run_address>0x20200108</run_address>
            <run_size>0x40</run_size>
            <compression>none</compression>
         </cprec>
      </cptbl>
   </cptbl_list>
   <handler_table>
      <handler_table_name>__TI_handler_table</handler_table_name>
      <handler>
         <index>0x0</index>
         <name>__TI_decompress_lzss</name>
      </handler>
      <handler>
         <index>0x1</index>
         <name>__TI_decompress_none</name>
      </handler>
      <handler>
         <index>0x2</index>
         <name>__TI_zero_init</name>
      </handler>
   </handler_table>
   <far_call_trampoline_list>
      <far_call_trampoline>
         <callee_name>DL_FlashCTL_executeCommandFromRAM</callee_name>
         <callee_addr>0x20200108</callee_addr>
         <trampoline_object_component_ref idref="oc-133"/>
         <trampoline_address>0xd74</trampoline_address>
         <caller_list>
            <trampoline_call_site>
               <caller_address>0xa1c</caller_address>
               <caller_object_component_ref idref="oc-d5-6bdff098"/>
            </trampoline_call_site>
            <trampoline_call_site>
               <caller_address>0xa82</caller_address>
               <caller_object_component_ref idref="oc-bf-6bdff098"/>
            </trampoline_call_site>
            <trampoline_call_site>
               <caller_address>0xbd4</caller_address>
               <caller_object_component_ref idref="oc-d9-6bdff098"/>
            </trampoline_call_site>
         </caller_list>
      </far_call_trampoline>
   </far_call_trampoline_list>
   <trampoline_count>0x1</trampoline_count>
   <trampoline_call_count>0x3</trampoline_call_count>
   <symbol_table>
      <symbol id="sm-1">
         <name>__start___llvm_prf_cnts</name>
         <value>0x20200000</value>
      </symbol>
      <symbol id="sm-2">
         <name>__stop___llvm_prf_cnts</name>
         <value>0x20200000</value>
      </symbol>
      <symbol id="sm-3">
         <name>__start___llvm_prf_bits</name>
         <value>0x20200000</value>
      </symbol>
      <symbol id="sm-4">
         <name>__stop___llvm_prf_bits</name>
         <value>0x20200000</value>
      </symbol>
      <symbol id="sm-5">
         <name>__TI_table_binit</name>
         <value>0xe58</value>
      </symbol>
      <symbol id="sm-6">
         <name>__TI_CINIT_Base</name>
         <value>0xe48</value>
      </symbol>
      <symbol id="sm-7">
         <name>__TI_CINIT_Limit</name>
         <value>0xe58</value>
      </symbol>
      <symbol id="sm-8">
         <name>__TI_CINIT_Warm</name>
         <value>0xe58</value>
      </symbol>
      <symbol id="sm-9">
         <name>__TI_Handler_Table_Base</name>
         <value>0xe34</value>
      </symbol>
      <symbol id="sm-a">
         <name>__TI_Handler_Table_Limit</name>
         <value>0xe40</value>
      </symbol>
      <symbol id="sm-b">
         <name>binit</name>
         <value>0xe58</value>
      </symbol>
      <symbol id="sm-c">
         <name>__binit__</name>
         <value>0xe58</value>
      </symbol>
      <symbol id="sm-d">
         <name>__STACK_SIZE</name>
         <value>0x200</value>
      </symbol>
      <symbol id="sm-e">
         <name>__STACK_END</name>
         <value>0x20208000</value>
      </symbol>
      <symbol id="sm-f">
         <name>__TI_pprof_out_hndl</name>
         <value>0xffffffff</value>
      </symbol>
      <symbol id="sm-10">
         <name>__TI_prof_data_start</name>
         <value>0xffffffff</value>
      </symbol>
      <symbol id="sm-11">
         <name>__TI_prof_data_size</name>
         <value>0xffffffff</value>
      </symbol>
      <symbol id="sm-49">
         <name>gCmdStatus</name>
         <value>0x202000bc</value>
      </symbol>
      <symbol id="sm-4a">
         <name>evTest</name>
         <value>0x202000f4</value>
         <object_component_ref idref="oc-c0"/>
      </symbol>
      <symbol id="sm-4b">
         <name>writeCorrectedDataToFlash</name>
         <value>0x5e5</value>
         <object_component_ref idref="oc-bd"/>
      </symbol>
      <symbol id="sm-4c">
         <name>gDataArray64</name>
         <value>0x202000e4</value>
         <object_component_ref idref="oc-da"/>
      </symbol>
      <symbol id="sm-4d">
         <name>writeUncorrectedSingleBitErrorDataToFlash</name>
         <value>0x409</value>
         <object_component_ref idref="oc-bc"/>
      </symbol>
      <symbol id="sm-4e">
         <name>gECCCodeAddress</name>
         <value>0x202000f8</value>
         <object_component_ref idref="oc-d6"/>
      </symbol>
      <symbol id="sm-4f">
         <name>gECCCode</name>
         <value>0x202000bd</value>
      </symbol>
      <symbol id="sm-50">
         <name>gDataArray64SEC</name>
         <value>0x202000ec</value>
         <object_component_ref idref="oc-d8"/>
      </symbol>
      <symbol id="sm-51">
         <name>task25msec</name>
         <value>0xd31</value>
         <object_component_ref idref="oc-a6"/>
      </symbol>
      <symbol id="sm-52">
         <name>task2D5msec</name>
         <value>0x551</value>
         <object_component_ref idref="oc-a5"/>
      </symbol>
      <symbol id="sm-53">
         <name>main</name>
         <value>0x661</value>
         <object_component_ref idref="oc-59"/>
      </symbol>
      <symbol id="sm-54">
         <name>id_ttask</name>
         <value>0x20200100</value>
         <object_component_ref idref="oc-78"/>
      </symbol>
      <symbol id="sm-55">
         <name>time_task</name>
         <value>0x202000c0</value>
         <object_component_ref idref="oc-7a"/>
      </symbol>
      <symbol id="sm-72">
         <name>SYSCFG_DL_init</name>
         <value>0xc41</value>
         <object_component_ref idref="oc-73"/>
      </symbol>
      <symbol id="sm-73">
         <name>SYSCFG_DL_initPower</name>
         <value>0xb19</value>
         <object_component_ref idref="oc-9d"/>
      </symbol>
      <symbol id="sm-74">
         <name>SYSCFG_DL_GPIO_init</name>
         <value>0xc61</value>
         <object_component_ref idref="oc-9e"/>
      </symbol>
      <symbol id="sm-75">
         <name>SYSCFG_DL_SYSCTL_init</name>
         <value>0x741</value>
         <object_component_ref idref="oc-9f"/>
      </symbol>
      <symbol id="sm-76">
         <name>SYSCFG_DL_SWTIMER_init</name>
         <value>0xaed</value>
         <object_component_ref idref="oc-a1"/>
      </symbol>
      <symbol id="sm-77">
         <name>gSWTIMERBackup</name>
         <value>0x20200000</value>
      </symbol>
      <symbol id="sm-82">
         <name>Default_Handler</name>
         <value>0x54f</value>
         <object_component_ref idref="oc-2a"/>
      </symbol>
      <symbol id="sm-83">
         <name>Reset_Handler</name>
         <value>0xd69</value>
         <object_component_ref idref="oc-26"/>
      </symbol>
      <symbol id="sm-84">
         <name>interruptVectors</name>
         <value>0x0</value>
         <object_component_ref idref="oc-18"/>
      </symbol>
      <symbol id="sm-85">
         <name>NMI_Handler</name>
         <value>0x54f</value>
         <object_component_ref idref="oc-2a"/>
      </symbol>
      <symbol id="sm-86">
         <name>HardFault_Handler</name>
         <value>0x54f</value>
         <object_component_ref idref="oc-2a"/>
      </symbol>
      <symbol id="sm-87">
         <name>SVC_Handler</name>
         <value>0x54f</value>
         <object_component_ref idref="oc-2a"/>
      </symbol>
      <symbol id="sm-88">
         <name>PendSV_Handler</name>
         <value>0x54f</value>
         <object_component_ref idref="oc-2a"/>
      </symbol>
      <symbol id="sm-89">
         <name>SysTick_Handler</name>
         <value>0x54f</value>
         <object_component_ref idref="oc-2a"/>
      </symbol>
      <symbol id="sm-8a">
         <name>GROUP0_IRQHandler</name>
         <value>0x54f</value>
         <object_component_ref idref="oc-2a"/>
      </symbol>
      <symbol id="sm-8b">
         <name>GROUP1_IRQHandler</name>
         <value>0x54f</value>
         <object_component_ref idref="oc-2a"/>
      </symbol>
      <symbol id="sm-8c">
         <name>TIMG8_IRQHandler</name>
         <value>0x54f</value>
         <object_component_ref idref="oc-2a"/>
      </symbol>
      <symbol id="sm-8d">
         <name>UART3_IRQHandler</name>
         <value>0x54f</value>
         <object_component_ref idref="oc-2a"/>
      </symbol>
      <symbol id="sm-8e">
         <name>ADC0_IRQHandler</name>
         <value>0x54f</value>
         <object_component_ref idref="oc-2a"/>
      </symbol>
      <symbol id="sm-8f">
         <name>ADC1_IRQHandler</name>
         <value>0x54f</value>
         <object_component_ref idref="oc-2a"/>
      </symbol>
      <symbol id="sm-90">
         <name>CANFD0_IRQHandler</name>
         <value>0x54f</value>
         <object_component_ref idref="oc-2a"/>
      </symbol>
      <symbol id="sm-91">
         <name>DAC0_IRQHandler</name>
         <value>0x54f</value>
         <object_component_ref idref="oc-2a"/>
      </symbol>
      <symbol id="sm-92">
         <name>SPI0_IRQHandler</name>
         <value>0x54f</value>
         <object_component_ref idref="oc-2a"/>
      </symbol>
      <symbol id="sm-93">
         <name>SPI1_IRQHandler</name>
         <value>0x54f</value>
         <object_component_ref idref="oc-2a"/>
      </symbol>
      <symbol id="sm-94">
         <name>UART1_IRQHandler</name>
         <value>0x54f</value>
         <object_component_ref idref="oc-2a"/>
      </symbol>
      <symbol id="sm-95">
         <name>UART2_IRQHandler</name>
         <value>0x54f</value>
         <object_component_ref idref="oc-2a"/>
      </symbol>
      <symbol id="sm-96">
         <name>UART0_IRQHandler</name>
         <value>0x54f</value>
         <object_component_ref idref="oc-2a"/>
      </symbol>
      <symbol id="sm-97">
         <name>TIMG0_IRQHandler</name>
         <value>0x54f</value>
         <object_component_ref idref="oc-2a"/>
      </symbol>
      <symbol id="sm-98">
         <name>TIMG6_IRQHandler</name>
         <value>0x54f</value>
         <object_component_ref idref="oc-2a"/>
      </symbol>
      <symbol id="sm-99">
         <name>TIMA0_IRQHandler</name>
         <value>0x54f</value>
         <object_component_ref idref="oc-2a"/>
      </symbol>
      <symbol id="sm-9a">
         <name>TIMA1_IRQHandler</name>
         <value>0x54f</value>
         <object_component_ref idref="oc-2a"/>
      </symbol>
      <symbol id="sm-9b">
         <name>TIMG7_IRQHandler</name>
         <value>0x54f</value>
         <object_component_ref idref="oc-2a"/>
      </symbol>
      <symbol id="sm-9c">
         <name>TIMG12_IRQHandler</name>
         <value>0x54f</value>
         <object_component_ref idref="oc-2a"/>
      </symbol>
      <symbol id="sm-9d">
         <name>I2C0_IRQHandler</name>
         <value>0x54f</value>
         <object_component_ref idref="oc-2a"/>
      </symbol>
      <symbol id="sm-9e">
         <name>I2C1_IRQHandler</name>
         <value>0x54f</value>
         <object_component_ref idref="oc-2a"/>
      </symbol>
      <symbol id="sm-9f">
         <name>AES_IRQHandler</name>
         <value>0x54f</value>
         <object_component_ref idref="oc-2a"/>
      </symbol>
      <symbol id="sm-a0">
         <name>RTC_IRQHandler</name>
         <value>0x54f</value>
         <object_component_ref idref="oc-2a"/>
      </symbol>
      <symbol id="sm-a1">
         <name>DMA_IRQHandler</name>
         <value>0x54f</value>
         <object_component_ref idref="oc-2a"/>
      </symbol>
      <symbol id="sm-a4">
         <name>DL_Common_delayCycles</name>
         <value>0xcad</value>
         <object_component_ref idref="oc-b4"/>
      </symbol>
      <symbol id="sm-cb">
         <name>DL_FlashCTL_eraseMemoryFromRAM</name>
         <value>0xa61</value>
         <object_component_ref idref="oc-bf"/>
      </symbol>
      <symbol id="sm-cc">
         <name>DL_FlashCTL_programMemoryFromRAM64WithECCGenerated</name>
         <value>0xbbd</value>
         <object_component_ref idref="oc-d9"/>
      </symbol>
      <symbol id="sm-cd">
         <name>DL_FlashCTL_programMemoryFromRAM64WithECCManual</name>
         <value>0x9f9</value>
         <object_component_ref idref="oc-d5"/>
      </symbol>
      <symbol id="sm-ce">
         <name>DL_FlashCTL_unprotectSector</name>
         <value>0xc1</value>
         <object_component_ref idref="oc-be"/>
      </symbol>
      <symbol id="sm-e6">
         <name>DL_Timer_setClockConfig</name>
         <value>0xa2d</value>
         <object_component_ref idref="oc-b8"/>
      </symbol>
      <symbol id="sm-e7">
         <name>DL_Timer_initTimerMode</name>
         <value>0x21d</value>
         <object_component_ref idref="oc-b9"/>
      </symbol>
      <symbol id="sm-e8">
         <name>DL_Timer_setCaptureCompareValue</name>
         <value>0xac1</value>
         <object_component_ref idref="oc-d3"/>
      </symbol>
      <symbol id="sm-e9">
         <name>DL_Timer_setCaptureCompareCtl</name>
         <value>0x94d</value>
         <object_component_ref idref="oc-d4"/>
      </symbol>
      <symbol id="sm-100">
         <name>DL_SYSCTL_configSYSPLL</name>
         <value>0x31d</value>
         <object_component_ref idref="oc-b5"/>
      </symbol>
      <symbol id="sm-101">
         <name>DL_SYSCTL_switchMCLKfromSYSOSCtoHSCLK</name>
         <value>0x7f1</value>
         <object_component_ref idref="oc-b6"/>
      </symbol>
      <symbol id="sm-10b">
         <name>__TI_zero_init_nomemset</name>
         <value>0xce9</value>
         <object_component_ref idref="oc-3d"/>
      </symbol>
      <symbol id="sm-114">
         <name>__TI_decompress_none</name>
         <value>0xcfd</value>
         <object_component_ref idref="oc-20"/>
      </symbol>
      <symbol id="sm-11f">
         <name>__TI_decompress_lzss</name>
         <value>0x6d9</value>
         <object_component_ref idref="oc-1c"/>
      </symbol>
      <symbol id="sm-12a">
         <name>_c_int00_noargs</name>
         <value>0xb95</value>
         <object_component_ref idref="oc-46"/>
      </symbol>
      <symbol id="sm-12b">
         <name>__stack</name>
         <value>0x20207e00</value>
         <object_component_ref idref="oc-1a"/>
      </symbol>
      <symbol id="sm-136">
         <name>abort</name>
         <value>0xd71</value>
         <object_component_ref idref="oc-7d"/>
      </symbol>
      <symbol id="sm-137">
         <name>C$$EXIT</name>
         <value>0xd70</value>
         <object_component_ref idref="oc-7d"/>
      </symbol>
      <symbol id="sm-144">
         <name>__TI_auto_init_nopinit</name>
         <value>0x83d</value>
         <object_component_ref idref="oc-8b"/>
      </symbol>
      <symbol id="sm-14c">
         <name>_system_pre_init</name>
         <value>0xd6d</value>
         <object_component_ref idref="oc-55"/>
      </symbol>
      <symbol id="sm-156">
         <name>copy_in</name>
         <value>0x889</value>
         <object_component_ref idref="oc-af"/>
      </symbol>
      <symbol id="sm-15c">
         <name>__aeabi_memcpy</name>
         <value>0xd5d</value>
         <object_component_ref idref="oc-36"/>
      </symbol>
      <symbol id="sm-15d">
         <name>__aeabi_memcpy4</name>
         <value>0xd5d</value>
         <object_component_ref idref="oc-36"/>
      </symbol>
      <symbol id="sm-15e">
         <name>__aeabi_memcpy8</name>
         <value>0xd5d</value>
         <object_component_ref idref="oc-36"/>
      </symbol>
      <symbol id="sm-164">
         <name>__aeabi_uidiv</name>
         <value>0x8d1</value>
         <object_component_ref idref="oc-e4"/>
      </symbol>
      <symbol id="sm-165">
         <name>__aeabi_uidivmod</name>
         <value>0x8d1</value>
         <object_component_ref idref="oc-e4"/>
      </symbol>
      <symbol id="sm-16f">
         <name>__aeabi_idiv0</name>
         <value>0x7ef</value>
         <object_component_ref idref="oc-eb"/>
      </symbol>
      <symbol id="sm-188">
         <name>memcpy</name>
         <value>0x4b5</value>
         <object_component_ref idref="oc-6e"/>
      </symbol>
      <symbol id="sm-189">
         <name>__TI_static_base__</name>
         <value>0x0</value>
      </symbol>
      <symbol id="sm-18d">
         <name>__mpu_init</name>
         <value>0x0</value>
      </symbol>
      <symbol id="sm-18e">
         <name>_system_post_cinit</name>
         <value>0x0</value>
      </symbol>
   </symbol_table>
   <title>Link successful</title>
</link_info>
