<?xml version="1.0" encoding="ISO-8859-1" ?>
<link_info>
   <banner>TI ARM Clang Linker PC v3.2.1.LTS</banner>
   <copyright>Copyright (c) 1996-2018 Texas Instruments Incorporated</copyright>
   <link_time>0x667a679d</link_time>
   <link_errors>0x0</link_errors>
   <output_file>C:\Users\FENG_HSU\workspace_v12_1\mcan_rxtx_LP_MSPM0G3507_no_FD_no_HFXT\Debug\mcan_rxtx_LP_MSPM0G3507_no_FD_no_HFXT.out</output_file>
   <entry_point>
      <name>_c_int00_noargs</name>
      <address>0x16d1</address>
   </entry_point>
   <input_file_list>
      <input_file id="fl-1">
         <path>C:\Users\FENG_HSU\workspace_v12_1\mcan_rxtx_LP_MSPM0G3507_no_FD_no_HFXT\Debug\.\</path>
         <kind>object</kind>
         <file>G3507_main.o</file>
         <name>G3507_main.o</name>
      </input_file>
      <input_file id="fl-2">
         <path>C:\Users\FENG_HSU\workspace_v12_1\mcan_rxtx_LP_MSPM0G3507_no_FD_no_HFXT\Debug\.\</path>
         <kind>object</kind>
         <file>mcan_message_rx.o</file>
         <name>mcan_message_rx.o</name>
      </input_file>
      <input_file id="fl-3">
         <path>C:\Users\FENG_HSU\workspace_v12_1\mcan_rxtx_LP_MSPM0G3507_no_FD_no_HFXT\Debug\.\syscfg\</path>
         <kind>object</kind>
         <file>ti_msp_dl_config.o</file>
         <name>ti_msp_dl_config.o</name>
      </input_file>
      <input_file id="fl-4">
         <path>C:\Users\FENG_HSU\workspace_v12_1\mcan_rxtx_LP_MSPM0G3507_no_FD_no_HFXT\Debug\.\</path>
         <kind>object</kind>
         <file>startup_mspm0g350x_ticlang.o</file>
         <name>startup_mspm0g350x_ticlang.o</name>
      </input_file>
      <input_file id="fl-11">
         <path>C:\Users\FENG_HSU\workspace_v12_1\mcan_rxtx_LP_MSPM0G3507_no_FD_no_HFXT\Debug\</path>
         <kind>object</kind>
         <file>&lt;internal&gt;</file>
         <name>&lt;internal&gt;</name>
      </input_file>
      <input_file id="fl-12">
         <path>C:\ti\mspm0_sdk_1_20_01_06\source\ti\driverlib\lib\ticlang\m0p\mspm0g1x0x_g3x0x\</path>
         <kind>archive</kind>
         <file>driverlib.a</file>
         <name>dl_common.o</name>
      </input_file>
      <input_file id="fl-13">
         <path>C:\ti\mspm0_sdk_1_20_01_06\source\ti\driverlib\lib\ticlang\m0p\mspm0g1x0x_g3x0x\</path>
         <kind>archive</kind>
         <file>driverlib.a</file>
         <name>dl_mcan.o</name>
      </input_file>
      <input_file id="fl-14">
         <path>C:\ti\mspm0_sdk_1_20_01_06\source\ti\driverlib\lib\ticlang\m0p\mspm0g1x0x_g3x0x\</path>
         <kind>archive</kind>
         <file>driverlib.a</file>
         <name>dl_sysctl_mspm0g1x0x_g3x0x.o</name>
      </input_file>
      <input_file id="fl-23">
         <path>C:\ti\ccs1260\ccs\tools\compiler\ti-cgt-armllvm_3.2.1.LTS\lib\armv6m-ti-none-eabi\c\</path>
         <kind>archive</kind>
         <file>libc.a</file>
         <name>copy_zero_init.c.obj</name>
      </input_file>
      <input_file id="fl-24">
         <path>C:\ti\ccs1260\ccs\tools\compiler\ti-cgt-armllvm_3.2.1.LTS\lib\armv6m-ti-none-eabi\c\</path>
         <kind>archive</kind>
         <file>libc.a</file>
         <name>copy_decompress_none.c.obj</name>
      </input_file>
      <input_file id="fl-25">
         <path>C:\ti\ccs1260\ccs\tools\compiler\ti-cgt-armllvm_3.2.1.LTS\lib\armv6m-ti-none-eabi\c\</path>
         <kind>archive</kind>
         <file>libc.a</file>
         <name>copy_decompress_lzss.c.obj</name>
      </input_file>
      <input_file id="fl-26">
         <path>C:\ti\ccs1260\ccs\tools\compiler\ti-cgt-armllvm_3.2.1.LTS\lib\armv6m-ti-none-eabi\c\</path>
         <kind>archive</kind>
         <file>libc.a</file>
         <name>boot_cortex_m.c.obj</name>
      </input_file>
      <input_file id="fl-27">
         <path>C:\ti\ccs1260\ccs\tools\compiler\ti-cgt-armllvm_3.2.1.LTS\lib\armv6m-ti-none-eabi\c\</path>
         <kind>archive</kind>
         <file>libc.a</file>
         <name>mathacl_init.c.obj</name>
      </input_file>
      <input_file id="fl-28">
         <path>C:\ti\ccs1260\ccs\tools\compiler\ti-cgt-armllvm_3.2.1.LTS\lib\armv6m-ti-none-eabi\c\</path>
         <kind>archive</kind>
         <file>libc.a</file>
         <name>exit.c.obj</name>
      </input_file>
      <input_file id="fl-29">
         <path>C:\ti\ccs1260\ccs\tools\compiler\ti-cgt-armllvm_3.2.1.LTS\lib\armv6m-ti-none-eabi\c\</path>
         <kind>archive</kind>
         <file>libc.a</file>
         <name>_lock.c.obj</name>
      </input_file>
      <input_file id="fl-2a">
         <path>C:\ti\ccs1260\ccs\tools\compiler\ti-cgt-armllvm_3.2.1.LTS\lib\armv6m-ti-none-eabi\c\</path>
         <kind>archive</kind>
         <file>libc.a</file>
         <name>args_main.c.obj</name>
      </input_file>
      <input_file id="fl-2b">
         <path>C:\ti\ccs1260\ccs\tools\compiler\ti-cgt-armllvm_3.2.1.LTS\lib\armv6m-ti-none-eabi\c\</path>
         <kind>archive</kind>
         <file>libc.a</file>
         <name>autoinit.c.obj</name>
      </input_file>
      <input_file id="fl-2c">
         <path>C:\ti\ccs1260\ccs\tools\compiler\ti-cgt-armllvm_3.2.1.LTS\lib\armv6m-ti-none-eabi\c\</path>
         <kind>archive</kind>
         <file>libc.a</file>
         <name>pre_init.c.obj</name>
      </input_file>
      <input_file id="fl-2d">
         <path>C:\ti\ccs1260\ccs\tools\compiler\ti-cgt-armllvm_3.2.1.LTS\lib\armv6m-ti-none-eabi\c\</path>
         <kind>archive</kind>
         <file>libc.a</file>
         <name>cpy_tbl.c.obj</name>
      </input_file>
      <input_file id="fl-93">
         <path>C:\ti\ccs1260\ccs\tools\compiler\ti-cgt-armllvm_3.2.1.LTS\lib\clang\15.0.7\lib\armv6m-ti-none-eabi\</path>
         <kind>archive</kind>
         <file>libclang_rt.builtins.a</file>
         <name>aeabi_memcpy.S.obj</name>
      </input_file>
      <input_file id="fl-94">
         <path>C:\ti\ccs1260\ccs\tools\compiler\ti-cgt-armllvm_3.2.1.LTS\lib\clang\15.0.7\lib\armv6m-ti-none-eabi\</path>
         <kind>archive</kind>
         <file>libclang_rt.builtins.a</file>
         <name>aeabi_memset.S.obj</name>
      </input_file>
      <input_file id="fl-95">
         <path>C:\ti\ccs1260\ccs\tools\compiler\ti-cgt-armllvm_3.2.1.LTS\lib\armv6m-ti-none-eabi\c\</path>
         <kind>archive</kind>
         <file>libc.a</file>
         <name>memcpy16.S.obj</name>
      </input_file>
      <input_file id="fl-96">
         <path>C:\ti\ccs1260\ccs\tools\compiler\ti-cgt-armllvm_3.2.1.LTS\lib\armv6m-ti-none-eabi\c\</path>
         <kind>archive</kind>
         <file>libc.a</file>
         <name>memset16.S.obj</name>
      </input_file>
   </input_file_list>
   <object_component_list>
      <object_component id="oc-18">
         <name>.intvecs</name>
         <load_address>0x0</load_address>
         <readonly>true</readonly>
         <run_address>0x0</run_address>
         <size>0xc0</size>
         <alignment>0x4</alignment>
         <input_file_ref idref="fl-4"/>
      </object_component>
      <object_component id="oc-db">
         <name>.text.DL_MCAN_msgRAMConfig</name>
         <load_address>0xc0</load_address>
         <readonly>true</readonly>
         <executable>true</executable>
         <run_address>0xc0</run_address>
         <size>0x2a8</size>
         <alignment>0x4</alignment>
         <input_file_ref idref="fl-13"/>
      </object_component>
      <object_component id="oc-d8">
         <name>.text.DL_MCAN_init</name>
         <load_address>0x368</load_address>
         <readonly>true</readonly>
         <executable>true</executable>
         <run_address>0x368</run_address>
         <size>0x184</size>
         <alignment>0x4</alignment>
         <input_file_ref idref="fl-13"/>
      </object_component>
      <object_component id="oc-e7">
         <name>.text.DL_MCAN_readMsg</name>
         <load_address>0x4ec</load_address>
         <readonly>true</readonly>
         <executable>true</executable>
         <run_address>0x4ec</run_address>
         <size>0x17e</size>
         <alignment>0x2</alignment>
         <input_file_ref idref="fl-13"/>
      </object_component>
      <object_component id="oc-33">
         <name>.text.Default_Handler</name>
         <load_address>0x66a</load_address>
         <readonly>true</readonly>
         <executable>true</executable>
         <run_address>0x66a</run_address>
         <size>0x2</size>
         <alignment>0x2</alignment>
         <input_file_ref idref="fl-4"/>
      </object_component>
      <object_component id="oc-8f">
         <name>.text.can_tx_rx</name>
         <load_address>0x66c</load_address>
         <readonly>true</readonly>
         <executable>true</executable>
         <run_address>0x66c</run_address>
         <size>0x160</size>
         <alignment>0x4</alignment>
         <input_file_ref idref="fl-2"/>
      </object_component>
      <object_component id="oc-da">
         <name>.text.DL_MCAN_setBitTime</name>
         <load_address>0x7cc</load_address>
         <readonly>true</readonly>
         <executable>true</executable>
         <run_address>0x7cc</run_address>
         <size>0x144</size>
         <alignment>0x4</alignment>
         <input_file_ref idref="fl-13"/>
      </object_component>
      <object_component id="oc-e9">
         <name>.text.DL_MCAN_writeMsg</name>
         <load_address>0x910</load_address>
         <readonly>true</readonly>
         <executable>true</executable>
         <run_address>0x910</run_address>
         <size>0x140</size>
         <alignment>0x2</alignment>
         <input_file_ref idref="fl-13"/>
      </object_component>
      <object_component id="oc-bb">
         <name>.text.DL_MCAN_readMsgRam</name>
         <load_address>0xa50</load_address>
         <readonly>true</readonly>
         <executable>true</executable>
         <run_address>0xa50</run_address>
         <size>0x130</size>
         <alignment>0x4</alignment>
         <input_file_ref idref="fl-13"/>
      </object_component>
      <object_component id="oc-d9">
         <name>.text.DL_MCAN_config</name>
         <load_address>0xb80</load_address>
         <readonly>true</readonly>
         <executable>true</executable>
         <run_address>0xb80</run_address>
         <size>0x12c</size>
         <alignment>0x4</alignment>
         <input_file_ref idref="fl-13"/>
      </object_component>
      <object_component id="oc-b6">
         <name>.text.SYSCFG_DL_MCAN0_init</name>
         <load_address>0xcac</load_address>
         <readonly>true</readonly>
         <executable>true</executable>
         <run_address>0xcac</run_address>
         <size>0x124</size>
         <alignment>0x4</alignment>
         <input_file_ref idref="fl-3"/>
      </object_component>
      <object_component id="oc-d2">
         <name>.text.DL_SYSCTL_configSYSPLL</name>
         <load_address>0xdd0</load_address>
         <readonly>true</readonly>
         <executable>true</executable>
         <run_address>0xdd0</run_address>
         <size>0xec</size>
         <alignment>0x4</alignment>
         <input_file_ref idref="fl-14"/>
      </object_component>
      <object_component id="oc-ba">
         <name>.text.DL_MCAN_getRxFIFOStatus</name>
         <load_address>0xebc</load_address>
         <readonly>true</readonly>
         <executable>true</executable>
         <run_address>0xebc</run_address>
         <size>0xc4</size>
         <alignment>0x4</alignment>
         <input_file_ref idref="fl-13"/>
      </object_component>
      <object_component id="oc-bc">
         <name>.text.DL_MCAN_writeRxFIFOAck</name>
         <load_address>0xf80</load_address>
         <readonly>true</readonly>
         <executable>true</executable>
         <run_address>0xf80</run_address>
         <size>0xb8</size>
         <alignment>0x4</alignment>
         <input_file_ref idref="fl-13"/>
      </object_component>
      <object_component id="oc-bd">
         <name>.text.DL_MCAN_writeMsgRam</name>
         <load_address>0x1038</load_address>
         <readonly>true</readonly>
         <executable>true</executable>
         <run_address>0x1038</run_address>
         <size>0xb4</size>
         <alignment>0x4</alignment>
         <input_file_ref idref="fl-13"/>
      </object_component>
      <object_component id="oc-85">
         <name>.text:memcpy</name>
         <load_address>0x10ec</load_address>
         <readonly>true</readonly>
         <executable>true</executable>
         <run_address>0x10ec</run_address>
         <size>0x9a</size>
         <alignment>0x1</alignment>
         <input_file_ref idref="fl-95"/>
      </object_component>
      <object_component id="oc-d5">
         <name>.text.DL_MCAN_getRevisionId</name>
         <load_address>0x1188</load_address>
         <readonly>true</readonly>
         <executable>true</executable>
         <run_address>0x1188</run_address>
         <size>0x94</size>
         <alignment>0x4</alignment>
         <input_file_ref idref="fl-13"/>
      </object_component>
      <object_component id="oc-1c">
         <name>.text:decompress:lzss</name>
         <load_address>0x121c</load_address>
         <readonly>true</readonly>
         <executable>true</executable>
         <run_address>0x121c</run_address>
         <size>0x78</size>
         <alignment>0x4</alignment>
         <input_file_ref idref="fl-25"/>
      </object_component>
      <object_component id="oc-dd">
         <name>.text.DL_MCAN_enableIntr</name>
         <load_address>0x1294</load_address>
         <readonly>true</readonly>
         <executable>true</executable>
         <run_address>0x1294</run_address>
         <size>0x68</size>
         <alignment>0x4</alignment>
         <input_file_ref idref="fl-13"/>
      </object_component>
      <object_component id="oc-de">
         <name>.text.DL_MCAN_selectIntrLine</name>
         <load_address>0x12fc</load_address>
         <readonly>true</readonly>
         <executable>true</executable>
         <run_address>0x12fc</run_address>
         <size>0x64</size>
         <alignment>0x4</alignment>
         <input_file_ref idref="fl-13"/>
      </object_component>
      <object_component id="oc-df">
         <name>.text.DL_MCAN_enableIntrLine</name>
         <load_address>0x1360</load_address>
         <readonly>true</readonly>
         <executable>true</executable>
         <run_address>0x1360</run_address>
         <size>0x58</size>
         <alignment>0x4</alignment>
         <input_file_ref idref="fl-13"/>
      </object_component>
      <object_component id="oc-be">
         <name>.text.DL_MCAN_TXBufAddReq</name>
         <load_address>0x13b8</load_address>
         <readonly>true</readonly>
         <executable>true</executable>
         <run_address>0x13b8</run_address>
         <size>0x54</size>
         <alignment>0x4</alignment>
         <input_file_ref idref="fl-13"/>
      </object_component>
      <object_component id="oc-34">
         <name>.text.CANFD0_IRQHandler</name>
         <load_address>0x140c</load_address>
         <readonly>true</readonly>
         <executable>true</executable>
         <run_address>0x140c</run_address>
         <size>0x50</size>
         <alignment>0x4</alignment>
         <input_file_ref idref="fl-2"/>
      </object_component>
      <object_component id="oc-dc">
         <name>.text.DL_MCAN_setExtIDAndMask</name>
         <load_address>0x145c</load_address>
         <readonly>true</readonly>
         <executable>true</executable>
         <run_address>0x145c</run_address>
         <size>0x4c</size>
         <alignment>0x4</alignment>
         <input_file_ref idref="fl-13"/>
      </object_component>
      <object_component id="oc-d6">
         <name>.text.DL_MCAN_isMemInitDone</name>
         <load_address>0x14a8</load_address>
         <readonly>true</readonly>
         <executable>true</executable>
         <run_address>0x14a8</run_address>
         <size>0x40</size>
         <alignment>0x4</alignment>
         <input_file_ref idref="fl-13"/>
      </object_component>
      <object_component id="oc-b4">
         <name>.text.SYSCFG_DL_SYSCTL_init</name>
         <load_address>0x14e8</load_address>
         <readonly>true</readonly>
         <executable>true</executable>
         <run_address>0x14e8</run_address>
         <size>0x3c</size>
         <alignment>0x4</alignment>
         <input_file_ref idref="fl-3"/>
      </object_component>
      <object_component id="oc-99">
         <name>.text:__TI_auto_init_nobinit_nopinit</name>
         <load_address>0x1524</load_address>
         <readonly>true</readonly>
         <executable>true</executable>
         <run_address>0x1524</run_address>
         <size>0x3c</size>
         <alignment>0x4</alignment>
         <input_file_ref idref="fl-2b"/>
      </object_component>
      <object_component id="oc-5c">
         <name>.text.DL_MCAN_clearIntrStatus</name>
         <load_address>0x1560</load_address>
         <readonly>true</readonly>
         <executable>true</executable>
         <run_address>0x1560</run_address>
         <size>0x34</size>
         <alignment>0x4</alignment>
         <input_file_ref idref="fl-13"/>
      </object_component>
      <object_component id="oc-b2">
         <name>.text.SYSCFG_DL_initPower</name>
         <load_address>0x1594</load_address>
         <readonly>true</readonly>
         <executable>true</executable>
         <run_address>0x1594</run_address>
         <size>0x34</size>
         <alignment>0x4</alignment>
         <input_file_ref idref="fl-3"/>
      </object_component>
      <object_component id="oc-e8">
         <name>.text.HW_WR_FIELD32_RAW</name>
         <load_address>0x15c8</load_address>
         <readonly>true</readonly>
         <executable>true</executable>
         <run_address>0x15c8</run_address>
         <size>0x32</size>
         <alignment>0x2</alignment>
         <input_file_ref idref="fl-13"/>
      </object_component>
      <object_component id="oc-fc">
         <name>.text.DL_MCAN_getDataSize</name>
         <load_address>0x15fc</load_address>
         <readonly>true</readonly>
         <executable>true</executable>
         <run_address>0x15fc</run_address>
         <size>0x2c</size>
         <alignment>0x4</alignment>
         <input_file_ref idref="fl-13"/>
      </object_component>
      <object_component id="oc-d4">
         <name>.text.DL_MCAN_setClockConfig</name>
         <load_address>0x1628</load_address>
         <readonly>true</readonly>
         <executable>true</executable>
         <run_address>0x1628</run_address>
         <size>0x2c</size>
         <alignment>0x4</alignment>
         <input_file_ref idref="fl-13"/>
      </object_component>
      <object_component id="oc-b3">
         <name>.text.SYSCFG_DL_GPIO_init</name>
         <load_address>0x1654</load_address>
         <readonly>true</readonly>
         <executable>true</executable>
         <run_address>0x1654</run_address>
         <size>0x2c</size>
         <alignment>0x4</alignment>
         <input_file_ref idref="fl-3"/>
      </object_component>
      <object_component id="oc-f9">
         <name>.text.DL_Common_updateReg</name>
         <load_address>0x1680</load_address>
         <readonly>true</readonly>
         <executable>true</executable>
         <run_address>0x1680</run_address>
         <size>0x28</size>
         <alignment>0x2</alignment>
         <input_file_ref idref="fl-13"/>
      </object_component>
      <object_component id="oc-f6">
         <name>.text.DL_Common_updateReg</name>
         <load_address>0x16a8</load_address>
         <readonly>true</readonly>
         <executable>true</executable>
         <run_address>0x16a8</run_address>
         <size>0x28</size>
         <alignment>0x2</alignment>
         <input_file_ref idref="fl-14"/>
      </object_component>
      <object_component id="oc-54">
         <name>.text:_c_int00_noargs</name>
         <load_address>0x16d0</load_address>
         <readonly>true</readonly>
         <executable>true</executable>
         <run_address>0x16d0</run_address>
         <size>0x28</size>
         <alignment>0x4</alignment>
         <input_file_ref idref="fl-26"/>
      </object_component>
      <object_component id="oc-e6">
         <name>.text.DL_MCAN_getMsgObjSize</name>
         <load_address>0x16f8</load_address>
         <readonly>true</readonly>
         <executable>true</executable>
         <run_address>0x16f8</run_address>
         <size>0x24</size>
         <alignment>0x4</alignment>
         <input_file_ref idref="fl-13"/>
      </object_component>
      <object_component id="oc-f8">
         <name>.text.DL_CORE_configInstruction</name>
         <load_address>0x171c</load_address>
         <readonly>true</readonly>
         <executable>true</executable>
         <run_address>0x171c</run_address>
         <size>0x20</size>
         <alignment>0x4</alignment>
         <input_file_ref idref="fl-14"/>
      </object_component>
      <object_component id="oc-d7">
         <name>.text.DL_MCAN_setOpMode</name>
         <load_address>0x173c</load_address>
         <readonly>true</readonly>
         <executable>true</executable>
         <run_address>0x173c</run_address>
         <size>0x20</size>
         <alignment>0x4</alignment>
         <input_file_ref idref="fl-13"/>
      </object_component>
      <object_component id="oc-ea">
         <name>.text.DL_MCAN_writeProtectedRegAccessLock</name>
         <load_address>0x175c</load_address>
         <readonly>true</readonly>
         <executable>true</executable>
         <run_address>0x175c</run_address>
         <size>0x20</size>
         <alignment>0x4</alignment>
         <input_file_ref idref="fl-13"/>
      </object_component>
      <object_component id="oc-fa">
         <name>.text.DL_MCAN_writeProtectedRegAccessUnlock</name>
         <load_address>0x177c</load_address>
         <readonly>true</readonly>
         <executable>true</executable>
         <run_address>0x177c</run_address>
         <size>0x20</size>
         <alignment>0x4</alignment>
         <input_file_ref idref="fl-13"/>
      </object_component>
      <object_component id="oc-e5">
         <name>.text.HW_RD_FIELD32_RAW</name>
         <load_address>0x179c</load_address>
         <readonly>true</readonly>
         <executable>true</executable>
         <run_address>0x179c</run_address>
         <size>0x20</size>
         <alignment>0x2</alignment>
         <input_file_ref idref="fl-13"/>
      </object_component>
      <object_component id="oc-b9">
         <name>.text.DL_MCAN_getOpMode</name>
         <load_address>0x17bc</load_address>
         <readonly>true</readonly>
         <executable>true</executable>
         <run_address>0x17bc</run_address>
         <size>0x1c</size>
         <alignment>0x4</alignment>
         <input_file_ref idref="fl-13"/>
      </object_component>
      <object_component id="oc-5b">
         <name>.text.DL_MCAN_getIntrStatus</name>
         <load_address>0x17d8</load_address>
         <readonly>true</readonly>
         <executable>true</executable>
         <run_address>0x17d8</run_address>
         <size>0x18</size>
         <alignment>0x4</alignment>
         <input_file_ref idref="fl-13"/>
      </object_component>
      <object_component id="oc-4b">
         <name>.text:decompress:ZI:__TI_zero_init_nomemset</name>
         <load_address>0x17f0</load_address>
         <readonly>true</readonly>
         <executable>true</executable>
         <run_address>0x17f0</run_address>
         <size>0x16</size>
         <alignment>0x2</alignment>
         <input_file_ref idref="fl-23"/>
      </object_component>
      <object_component id="oc-f4">
         <name>.text.DL_SYSCTL_disableSYSPLL</name>
         <load_address>0x1808</load_address>
         <readonly>true</readonly>
         <executable>true</executable>
         <run_address>0x1808</run_address>
         <size>0x14</size>
         <alignment>0x4</alignment>
         <input_file_ref idref="fl-14"/>
      </object_component>
      <object_component id="oc-8a">
         <name>.text.SYSCFG_DL_init</name>
         <load_address>0x181c</load_address>
         <readonly>true</readonly>
         <executable>true</executable>
         <run_address>0x181c</run_address>
         <size>0x14</size>
         <alignment>0x2</alignment>
         <input_file_ref idref="fl-3"/>
      </object_component>
      <object_component id="oc-70">
         <name>.text.main</name>
         <load_address>0x1830</load_address>
         <readonly>true</readonly>
         <executable>true</executable>
         <run_address>0x1830</run_address>
         <size>0x12</size>
         <alignment>0x2</alignment>
         <input_file_ref idref="fl-1"/>
      </object_component>
      <object_component id="oc-20">
         <name>.text:decompress:none</name>
         <load_address>0x1842</load_address>
         <readonly>true</readonly>
         <executable>true</executable>
         <run_address>0x1842</run_address>
         <size>0x12</size>
         <alignment>0x2</alignment>
         <input_file_ref idref="fl-24"/>
      </object_component>
      <object_component id="oc-f7">
         <name>.text.DL_CORE_getInstructionConfig</name>
         <load_address>0x1854</load_address>
         <readonly>true</readonly>
         <executable>true</executable>
         <run_address>0x1854</run_address>
         <size>0x10</size>
         <alignment>0x4</alignment>
         <input_file_ref idref="fl-14"/>
      </object_component>
      <object_component id="oc-d1">
         <name>.text.DL_Common_delayCycles</name>
         <load_address>0x1864</load_address>
         <readonly>true</readonly>
         <executable>true</executable>
         <run_address>0x1864</run_address>
         <size>0x10</size>
         <alignment>0x2</alignment>
         <input_file_ref idref="fl-12"/>
      </object_component>
      <object_component id="oc-7e">
         <name>.text.HW_RD_REG32_RAW</name>
         <load_address>0x1874</load_address>
         <readonly>true</readonly>
         <executable>true</executable>
         <run_address>0x1874</run_address>
         <size>0x10</size>
         <alignment>0x2</alignment>
         <input_file_ref idref="fl-13"/>
      </object_component>
      <object_component id="oc-7f">
         <name>.text.HW_WR_REG32_RAW</name>
         <load_address>0x1884</load_address>
         <readonly>true</readonly>
         <executable>true</executable>
         <run_address>0x1884</run_address>
         <size>0x10</size>
         <alignment>0x2</alignment>
         <input_file_ref idref="fl-13"/>
      </object_component>
      <object_component id="oc-f5">
         <name>.text.DL_SYSCTL_getClockStatus</name>
         <load_address>0x1894</load_address>
         <readonly>true</readonly>
         <executable>true</executable>
         <run_address>0x1894</run_address>
         <size>0xc</size>
         <alignment>0x4</alignment>
         <input_file_ref idref="fl-14"/>
      </object_component>
      <object_component id="oc-44">
         <name>.text.__aeabi_memcpy</name>
         <load_address>0x18a0</load_address>
         <readonly>true</readonly>
         <executable>true</executable>
         <run_address>0x18a0</run_address>
         <size>0x8</size>
         <alignment>0x4</alignment>
         <input_file_ref idref="fl-93"/>
      </object_component>
      <object_component id="oc-2f">
         <name>.text.Reset_Handler</name>
         <load_address>0x18a8</load_address>
         <readonly>true</readonly>
         <executable>true</executable>
         <run_address>0x18a8</run_address>
         <size>0x4</size>
         <alignment>0x2</alignment>
         <input_file_ref idref="fl-4"/>
      </object_component>
      <object_component id="oc-6c">
         <name>.text._system_pre_init</name>
         <load_address>0x18ac</load_address>
         <readonly>true</readonly>
         <executable>true</executable>
         <run_address>0x18ac</run_address>
         <size>0x4</size>
         <alignment>0x2</alignment>
         <input_file_ref idref="fl-2c"/>
      </object_component>
      <object_component id="oc-92">
         <name>.text:abort</name>
         <load_address>0x18b0</load_address>
         <readonly>true</readonly>
         <executable>true</executable>
         <run_address>0x18b0</run_address>
         <size>0x4</size>
         <alignment>0x2</alignment>
         <input_file_ref idref="fl-28"/>
      </object_component>
      <object_component id="oc-13d">
         <name>__TI_handler_table</name>
         <load_address>0x1a28</load_address>
         <readonly>true</readonly>
         <run_address>0x1a28</run_address>
         <size>0xc</size>
         <alignment>0x4</alignment>
      </object_component>
      <object_component id="oc-140">
         <name>.cinit..bss.load</name>
         <load_address>0x1a34</load_address>
         <readonly>true</readonly>
         <run_address>0x1a34</run_address>
         <size>0x8</size>
         <alignment>0x4</alignment>
      </object_component>
      <object_component id="oc-13f">
         <name>.cinit..data.load</name>
         <load_address>0x1a3c</load_address>
         <readonly>true</readonly>
         <run_address>0x1a3c</run_address>
         <size>0x5</size>
         <alignment>0x1</alignment>
      </object_component>
      <object_component id="oc-13e">
         <name>__TI_cinit_table</name>
         <load_address>0x1a44</load_address>
         <readonly>true</readonly>
         <run_address>0x1a44</run_address>
         <size>0x10</size>
         <alignment>0x4</alignment>
      </object_component>
      <object_component id="oc-e4">
         <name>.rodata.gMCAN0MsgRAMConfigParams</name>
         <load_address>0x18b8</load_address>
         <readonly>true</readonly>
         <run_address>0x18b8</run_address>
         <size>0x60</size>
         <alignment>0x4</alignment>
         <input_file_ref idref="fl-3"/>
      </object_component>
      <object_component id="oc-fd">
         <name>.rodata..L__const.DL_MCAN_getDataSize.dataSize</name>
         <load_address>0x1918</load_address>
         <readonly>true</readonly>
         <run_address>0x1918</run_address>
         <size>0x40</size>
         <alignment>0x4</alignment>
         <input_file_ref idref="fl-13"/>
      </object_component>
      <object_component id="oc-e1">
         <name>.rodata.gMCAN0InitParams</name>
         <load_address>0x1958</load_address>
         <readonly>true</readonly>
         <run_address>0x1958</run_address>
         <size>0x34</size>
         <alignment>0x4</alignment>
         <input_file_ref idref="fl-3"/>
      </object_component>
      <object_component id="oc-e2">
         <name>.rodata.gMCAN0ConfigParams</name>
         <load_address>0x198c</load_address>
         <readonly>true</readonly>
         <run_address>0x198c</run_address>
         <size>0x2c</size>
         <alignment>0x4</alignment>
         <input_file_ref idref="fl-3"/>
      </object_component>
      <object_component id="oc-d3">
         <name>.rodata.gSYSPLLConfig</name>
         <load_address>0x19b8</load_address>
         <readonly>true</readonly>
         <run_address>0x19b8</run_address>
         <size>0x28</size>
         <alignment>0x4</alignment>
         <input_file_ref idref="fl-3"/>
      </object_component>
      <object_component id="oc-fb">
         <name>.rodata.cst32</name>
         <load_address>0x19e0</load_address>
         <readonly>true</readonly>
         <run_address>0x19e0</run_address>
         <size>0x20</size>
         <alignment>0x4</alignment>
         <input_file_ref idref="fl-13"/>
      </object_component>
      <object_component id="oc-e3">
         <name>.rodata.gMCAN0BitTimes</name>
         <load_address>0x1a00</load_address>
         <readonly>true</readonly>
         <run_address>0x1a00</run_address>
         <size>0x20</size>
         <alignment>0x4</alignment>
         <input_file_ref idref="fl-3"/>
      </object_component>
      <object_component id="oc-e0">
         <name>.rodata.gMCAN0ClockConf</name>
         <load_address>0x1a20</load_address>
         <readonly>true</readonly>
         <run_address>0x1a20</run_address>
         <size>0x4</size>
         <alignment>0x2</alignment>
         <input_file_ref idref="fl-3"/>
      </object_component>
      <object_component id="oc-107">
         <name>.binit</name>
         <load_address>0x0</load_address>
         <readonly>true</readonly>
         <run_address>0x0</run_address>
         <size>0x0</size>
         <alignment>0x4</alignment>
      </object_component>
      <object_component id="oc-bf">
         <name>.data.can_do</name>
         <load_address>0x20200179</load_address>
         <readwrite>true</readwrite>
         <run_address>0x20200179</run_address>
         <size>0x1</size>
         <alignment>0x1</alignment>
         <input_file_ref idref="fl-2"/>
      </object_component>
      <object_component id="oc-5e">
         <name>.common:gServiceInt</name>
         <uninitialized>true</uninitialized>
         <readwrite>true</readwrite>
         <run_address>0x20200178</run_address>
         <size>0x1</size>
         <alignment>0x1</alignment>
      </object_component>
      <object_component id="oc-c0">
         <name>.common:rxFS</name>
         <uninitialized>true</uninitialized>
         <readwrite>true</readwrite>
         <run_address>0x2020014c</run_address>
         <size>0x18</size>
         <alignment>0x4</alignment>
      </object_component>
      <object_component id="oc-5d">
         <name>.common:gInterruptLine1Status</name>
         <uninitialized>true</uninitialized>
         <readwrite>true</readwrite>
         <run_address>0x20200164</run_address>
         <size>0x4</size>
         <alignment>0x4</alignment>
      </object_component>
      <object_component id="oc-c1">
         <name>.common:rxMsg</name>
         <uninitialized>true</uninitialized>
         <readwrite>true</readwrite>
         <run_address>0x20200000</run_address>
         <size>0xa8</size>
         <alignment>0x4</alignment>
      </object_component>
      <object_component id="oc-c2">
         <name>.common:txMsg0</name>
         <uninitialized>true</uninitialized>
         <readwrite>true</readwrite>
         <run_address>0x202000a8</run_address>
         <size>0xa4</size>
         <alignment>0x4</alignment>
      </object_component>
      <object_component id="oc-c3">
         <name>.common:success</name>
         <uninitialized>true</uninitialized>
         <readwrite>true</readwrite>
         <run_address>0x20200170</run_address>
         <size>0x8</size>
         <alignment>0x8</alignment>
      </object_component>
      <object_component id="oc-5f">
         <name>.common:irq</name>
         <uninitialized>true</uninitialized>
         <readwrite>true</readwrite>
         <run_address>0x20200168</run_address>
         <size>0x8</size>
         <alignment>0x8</alignment>
      </object_component>
      <object_component id="oc-1a">
         <name>.stack</name>
         <uninitialized>true</uninitialized>
         <readwrite>true</readwrite>
         <run_address>0x20207e00</run_address>
         <size>0x4</size>
         <alignment>0x4</alignment>
         <input_file_ref idref="fl-26"/>
      </object_component>
      <object_component id="oc-142">
         <name>.stack</name>
         <uninitialized>true</uninitialized>
         <readwrite>true</readwrite>
         <run_address>0x20207e00</run_address>
         <size>0x0</size>
         <alignment>0x8</alignment>
      </object_component>
      <object_component id="oc-90">
         <name>.debug_abbrev</name>
         <load_address>0x0</load_address>
         <run_address>0x0</run_address>
         <size>0x47</size>
         <alignment>0x1</alignment>
         <input_file_ref idref="fl-1"/>
      </object_component>
      <object_component id="oc-60">
         <name>.debug_abbrev</name>
         <load_address>0x47</load_address>
         <run_address>0x47</run_address>
         <size>0x1cb</size>
         <alignment>0x1</alignment>
         <input_file_ref idref="fl-2"/>
      </object_component>
      <object_component id="oc-b7">
         <name>.debug_abbrev</name>
         <load_address>0x212</load_address>
         <run_address>0x212</run_address>
         <size>0x1f2</size>
         <alignment>0x1</alignment>
         <input_file_ref idref="fl-3"/>
      </object_component>
      <object_component id="oc-39">
         <name>.debug_abbrev</name>
         <load_address>0x404</load_address>
         <run_address>0x404</run_address>
         <size>0x6d</size>
         <alignment>0x1</alignment>
         <input_file_ref idref="fl-4"/>
      </object_component>
      <object_component id="oc-65">
         <name>.debug_abbrev</name>
         <load_address>0x471</load_address>
         <run_address>0x471</run_address>
         <size>0xc2</size>
         <alignment>0x1</alignment>
         <input_file_ref idref="fl-23"/>
      </object_component>
      <object_component id="oc-48">
         <name>.debug_abbrev</name>
         <load_address>0x533</load_address>
         <run_address>0x533</run_address>
         <size>0x70</size>
         <alignment>0x1</alignment>
         <input_file_ref idref="fl-24"/>
      </object_component>
      <object_component id="oc-40">
         <name>.debug_abbrev</name>
         <load_address>0x5a3</load_address>
         <run_address>0x5a3</run_address>
         <size>0x8d</size>
         <alignment>0x1</alignment>
         <input_file_ref idref="fl-25"/>
      </object_component>
      <object_component id="oc-3b">
         <name>.debug_abbrev</name>
         <load_address>0x630</load_address>
         <run_address>0x630</run_address>
         <size>0xaf</size>
         <alignment>0x1</alignment>
         <input_file_ref idref="fl-26"/>
      </object_component>
      <object_component id="oc-c4">
         <name>.debug_abbrev</name>
         <load_address>0x6df</load_address>
         <run_address>0x6df</run_address>
         <size>0xb3</size>
         <alignment>0x1</alignment>
         <input_file_ref idref="fl-28"/>
      </object_component>
      <object_component id="oc-ca">
         <name>.debug_abbrev</name>
         <load_address>0x792</load_address>
         <run_address>0x792</run_address>
         <size>0x186</size>
         <alignment>0x1</alignment>
         <input_file_ref idref="fl-2b"/>
      </object_component>
      <object_component id="oc-88">
         <name>.debug_abbrev</name>
         <load_address>0x918</load_address>
         <run_address>0x918</run_address>
         <size>0x39</size>
         <alignment>0x1</alignment>
         <input_file_ref idref="fl-2c"/>
      </object_component>
      <object_component id="oc-64">
         <name>.debug_abbrev</name>
         <load_address>0x951</load_address>
         <run_address>0x951</run_address>
         <size>0x27</size>
         <alignment>0x1</alignment>
         <input_file_ref idref="fl-93"/>
      </object_component>
      <object_component id="oc-ab">
         <name>.debug_abbrev</name>
         <load_address>0x978</load_address>
         <run_address>0x978</run_address>
         <size>0x25</size>
         <alignment>0x1</alignment>
         <input_file_ref idref="fl-95"/>
      </object_component>
      <object_component id="oc-144">
         <name>.debug_abbrev</name>
         <load_address>0x99d</load_address>
         <run_address>0x99d</run_address>
         <size>0xf</size>
         <alignment>0x0</alignment>
      </object_component>
      <object_component id="oc-71">
         <name>.debug_info</name>
         <load_address>0x0</load_address>
         <run_address>0x0</run_address>
         <size>0x6f</size>
         <alignment>0x1</alignment>
         <input_file_ref idref="fl-1"/>
      </object_component>
      <object_component id="oc-35">
         <name>.debug_info</name>
         <load_address>0x6f</load_address>
         <run_address>0x6f</run_address>
         <size>0xf17</size>
         <alignment>0x1</alignment>
         <input_file_ref idref="fl-2"/>
      </object_component>
      <object_component id="oc-8e">
         <name>.debug_info</name>
         <load_address>0xf86</load_address>
         <run_address>0xf86</run_address>
         <size>0x2fd4</size>
         <alignment>0x1</alignment>
         <input_file_ref idref="fl-3"/>
      </object_component>
      <object_component id="oc-19">
         <name>.debug_info</name>
         <load_address>0x3f5a</load_address>
         <run_address>0x3f5a</run_address>
         <size>0x80</size>
         <alignment>0x1</alignment>
         <input_file_ref idref="fl-4"/>
      </object_component>
      <object_component id="oc-4e">
         <name>.debug_info</name>
         <load_address>0x3fda</load_address>
         <run_address>0x3fda</run_address>
         <size>0x192</size>
         <alignment>0x1</alignment>
         <input_file_ref idref="fl-23"/>
      </object_component>
      <object_component id="oc-22">
         <name>.debug_info</name>
         <load_address>0x416c</load_address>
         <run_address>0x416c</run_address>
         <size>0xc6</size>
         <alignment>0x1</alignment>
         <input_file_ref idref="fl-24"/>
      </object_component>
      <object_component id="oc-1f">
         <name>.debug_info</name>
         <load_address>0x4232</load_address>
         <run_address>0x4232</run_address>
         <size>0x180</size>
         <alignment>0x1</alignment>
         <input_file_ref idref="fl-25"/>
      </object_component>
      <object_component id="oc-1b">
         <name>.debug_info</name>
         <load_address>0x43b2</load_address>
         <run_address>0x43b2</run_address>
         <size>0x423</size>
         <alignment>0x1</alignment>
         <input_file_ref idref="fl-26"/>
      </object_component>
      <object_component id="oc-95">
         <name>.debug_info</name>
         <load_address>0x47d5</load_address>
         <run_address>0x47d5</run_address>
         <size>0xed</size>
         <alignment>0x1</alignment>
         <input_file_ref idref="fl-28"/>
      </object_component>
      <object_component id="oc-9c">
         <name>.debug_info</name>
         <load_address>0x48c2</load_address>
         <run_address>0x48c2</run_address>
         <size>0x74a</size>
         <alignment>0x1</alignment>
         <input_file_ref idref="fl-2b"/>
      </object_component>
      <object_component id="oc-6e">
         <name>.debug_info</name>
         <load_address>0x500c</load_address>
         <run_address>0x500c</run_address>
         <size>0x46</size>
         <alignment>0x1</alignment>
         <input_file_ref idref="fl-2c"/>
      </object_component>
      <object_component id="oc-46">
         <name>.debug_info</name>
         <load_address>0x5052</load_address>
         <run_address>0x5052</run_address>
         <size>0x19e</size>
         <alignment>0x1</alignment>
         <input_file_ref idref="fl-93"/>
      </object_component>
      <object_component id="oc-84">
         <name>.debug_info</name>
         <load_address>0x51f0</load_address>
         <run_address>0x51f0</run_address>
         <size>0x2fa</size>
         <alignment>0x1</alignment>
         <input_file_ref idref="fl-95"/>
      </object_component>
      <object_component id="oc-143">
         <name>.debug_info</name>
         <load_address>0x54ea</load_address>
         <run_address>0x54ea</run_address>
         <size>0xc1</size>
         <alignment>0x0</alignment>
      </object_component>
      <object_component id="oc-91">
         <name>.debug_str</name>
         <load_address>0x0</load_address>
         <run_address>0x0</run_address>
         <size>0xf8</size>
         <alignment>0x1</alignment>
         <input_file_ref idref="fl-1"/>
      </object_component>
      <object_component id="oc-61">
         <name>.debug_str</name>
         <load_address>0xf8</load_address>
         <run_address>0xf8</run_address>
         <size>0xd88</size>
         <alignment>0x1</alignment>
         <input_file_ref idref="fl-2"/>
      </object_component>
      <object_component id="oc-b8">
         <name>.debug_str</name>
         <load_address>0xe80</load_address>
         <run_address>0xe80</run_address>
         <size>0x20cf</size>
         <alignment>0x1</alignment>
         <input_file_ref idref="fl-3"/>
      </object_component>
      <object_component id="oc-3a">
         <name>.debug_str</name>
         <load_address>0x2f4f</load_address>
         <run_address>0x2f4f</run_address>
         <size>0x178</size>
         <alignment>0x1</alignment>
         <input_file_ref idref="fl-4"/>
      </object_component>
      <object_component id="oc-66">
         <name>.debug_str</name>
         <load_address>0x30c7</load_address>
         <run_address>0x30c7</run_address>
         <size>0x19b</size>
         <alignment>0x1</alignment>
         <input_file_ref idref="fl-23"/>
      </object_component>
      <object_component id="oc-49">
         <name>.debug_str</name>
         <load_address>0x3262</load_address>
         <run_address>0x3262</run_address>
         <size>0x168</size>
         <alignment>0x1</alignment>
         <input_file_ref idref="fl-24"/>
      </object_component>
      <object_component id="oc-41">
         <name>.debug_str</name>
         <load_address>0x33ca</load_address>
         <run_address>0x33ca</run_address>
         <size>0x1d5</size>
         <alignment>0x1</alignment>
         <input_file_ref idref="fl-25"/>
      </object_component>
      <object_component id="oc-3c">
         <name>.debug_str</name>
         <load_address>0x359f</load_address>
         <run_address>0x359f</run_address>
         <size>0x225</size>
         <alignment>0x1</alignment>
         <input_file_ref idref="fl-26"/>
      </object_component>
      <object_component id="oc-c5">
         <name>.debug_str</name>
         <load_address>0x37c4</load_address>
         <run_address>0x37c4</run_address>
         <size>0x13f</size>
         <alignment>0x1</alignment>
         <input_file_ref idref="fl-28"/>
      </object_component>
      <object_component id="oc-cb">
         <name>.debug_str</name>
         <load_address>0x3903</load_address>
         <run_address>0x3903</run_address>
         <size>0x32f</size>
         <alignment>0x1</alignment>
         <input_file_ref idref="fl-2b"/>
      </object_component>
      <object_component id="oc-89">
         <name>.debug_str</name>
         <load_address>0x3c32</load_address>
         <run_address>0x3c32</run_address>
         <size>0xf5</size>
         <alignment>0x1</alignment>
         <input_file_ref idref="fl-2c"/>
      </object_component>
      <object_component id="oc-72">
         <name>.debug_frame</name>
         <load_address>0x0</load_address>
         <run_address>0x0</run_address>
         <size>0x20</size>
         <alignment>0x4</alignment>
         <input_file_ref idref="fl-1"/>
      </object_component>
      <object_component id="oc-37">
         <name>.debug_frame</name>
         <load_address>0x20</load_address>
         <run_address>0x20</run_address>
         <size>0x68</size>
         <alignment>0x4</alignment>
         <input_file_ref idref="fl-2"/>
      </object_component>
      <object_component id="oc-8b">
         <name>.debug_frame</name>
         <load_address>0x88</load_address>
         <run_address>0x88</run_address>
         <size>0x88</size>
         <alignment>0x4</alignment>
         <input_file_ref idref="fl-3"/>
      </object_component>
      <object_component id="oc-31">
         <name>.debug_frame</name>
         <load_address>0x110</load_address>
         <run_address>0x110</run_address>
         <size>0x30</size>
         <alignment>0x4</alignment>
         <input_file_ref idref="fl-4"/>
      </object_component>
      <object_component id="oc-4d">
         <name>.debug_frame</name>
         <load_address>0x140</load_address>
         <run_address>0x140</run_address>
         <size>0x38</size>
         <alignment>0x4</alignment>
         <input_file_ref idref="fl-23"/>
      </object_component>
      <object_component id="oc-21">
         <name>.debug_frame</name>
         <load_address>0x178</load_address>
         <run_address>0x178</run_address>
         <size>0x28</size>
         <alignment>0x4</alignment>
         <input_file_ref idref="fl-24"/>
      </object_component>
      <object_component id="oc-1d">
         <name>.debug_frame</name>
         <load_address>0x1a0</load_address>
         <run_address>0x1a0</run_address>
         <size>0x30</size>
         <alignment>0x4</alignment>
         <input_file_ref idref="fl-25"/>
      </object_component>
      <object_component id="oc-53">
         <name>.debug_frame</name>
         <load_address>0x1d0</load_address>
         <run_address>0x1d0</run_address>
         <size>0x90</size>
         <alignment>0x4</alignment>
         <input_file_ref idref="fl-26"/>
      </object_component>
      <object_component id="oc-94">
         <name>.debug_frame</name>
         <load_address>0x260</load_address>
         <run_address>0x260</run_address>
         <size>0x30</size>
         <alignment>0x4</alignment>
         <input_file_ref idref="fl-28"/>
      </object_component>
      <object_component id="oc-9e">
         <name>.debug_frame</name>
         <load_address>0x290</load_address>
         <run_address>0x290</run_address>
         <size>0x100</size>
         <alignment>0x4</alignment>
         <input_file_ref idref="fl-2b"/>
      </object_component>
      <object_component id="oc-6d">
         <name>.debug_frame</name>
         <load_address>0x390</load_address>
         <run_address>0x390</run_address>
         <size>0x20</size>
         <alignment>0x4</alignment>
         <input_file_ref idref="fl-2c"/>
      </object_component>
      <object_component id="oc-73">
         <name>.debug_line</name>
         <load_address>0x0</load_address>
         <run_address>0x0</run_address>
         <size>0x45</size>
         <alignment>0x1</alignment>
         <input_file_ref idref="fl-1"/>
      </object_component>
      <object_component id="oc-38">
         <name>.debug_line</name>
         <load_address>0x45</load_address>
         <run_address>0x45</run_address>
         <size>0x384</size>
         <alignment>0x1</alignment>
         <input_file_ref idref="fl-2"/>
      </object_component>
      <object_component id="oc-8c">
         <name>.debug_line</name>
         <load_address>0x3c9</load_address>
         <run_address>0x3c9</run_address>
         <size>0x459</size>
         <alignment>0x1</alignment>
         <input_file_ref idref="fl-3"/>
      </object_component>
      <object_component id="oc-32">
         <name>.debug_line</name>
         <load_address>0x822</load_address>
         <run_address>0x822</run_address>
         <size>0xba</size>
         <alignment>0x1</alignment>
         <input_file_ref idref="fl-4"/>
      </object_component>
      <object_component id="oc-4c">
         <name>.debug_line</name>
         <load_address>0x8dc</load_address>
         <run_address>0x8dc</run_address>
         <size>0xf8</size>
         <alignment>0x1</alignment>
         <input_file_ref idref="fl-23"/>
      </object_component>
      <object_component id="oc-23">
         <name>.debug_line</name>
         <load_address>0x9d4</load_address>
         <run_address>0x9d4</run_address>
         <size>0xbf</size>
         <alignment>0x1</alignment>
         <input_file_ref idref="fl-24"/>
      </object_component>
      <object_component id="oc-1e">
         <name>.debug_line</name>
         <load_address>0xa93</load_address>
         <run_address>0xa93</run_address>
         <size>0x1c7</size>
         <alignment>0x1</alignment>
         <input_file_ref idref="fl-25"/>
      </object_component>
      <object_component id="oc-3d">
         <name>.debug_line</name>
         <load_address>0xc5a</load_address>
         <run_address>0xc5a</run_address>
         <size>0x1fe</size>
         <alignment>0x1</alignment>
         <input_file_ref idref="fl-26"/>
      </object_component>
      <object_component id="oc-93">
         <name>.debug_line</name>
         <load_address>0xe58</load_address>
         <run_address>0xe58</run_address>
         <size>0x6b</size>
         <alignment>0x1</alignment>
         <input_file_ref idref="fl-28"/>
      </object_component>
      <object_component id="oc-9d">
         <name>.debug_line</name>
         <load_address>0xec3</load_address>
         <run_address>0xec3</run_address>
         <size>0x4fb</size>
         <alignment>0x1</alignment>
         <input_file_ref idref="fl-2b"/>
      </object_component>
      <object_component id="oc-6f">
         <name>.debug_line</name>
         <load_address>0x13be</load_address>
         <run_address>0x13be</run_address>
         <size>0x3e</size>
         <alignment>0x1</alignment>
         <input_file_ref idref="fl-2c"/>
      </object_component>
      <object_component id="oc-45">
         <name>.debug_line</name>
         <load_address>0x13fc</load_address>
         <run_address>0x13fc</run_address>
         <size>0xa4</size>
         <alignment>0x1</alignment>
         <input_file_ref idref="fl-93"/>
      </object_component>
      <object_component id="oc-83">
         <name>.debug_line</name>
         <load_address>0x14a0</load_address>
         <run_address>0x14a0</run_address>
         <size>0xa0</size>
         <alignment>0x1</alignment>
         <input_file_ref idref="fl-95"/>
      </object_component>
      <object_component id="oc-62">
         <name>.debug_loc</name>
         <load_address>0x0</load_address>
         <run_address>0x0</run_address>
         <size>0x41</size>
         <alignment>0x1</alignment>
         <input_file_ref idref="fl-2"/>
      </object_component>
      <object_component id="oc-b5">
         <name>.debug_loc</name>
         <load_address>0x41</load_address>
         <run_address>0x41</run_address>
         <size>0x1b</size>
         <alignment>0x1</alignment>
         <input_file_ref idref="fl-3"/>
      </object_component>
      <object_component id="oc-4f">
         <name>.debug_loc</name>
         <load_address>0x5c</load_address>
         <run_address>0x5c</run_address>
         <size>0x16c</size>
         <alignment>0x1</alignment>
         <input_file_ref idref="fl-23"/>
      </object_component>
      <object_component id="oc-4a">
         <name>.debug_loc</name>
         <load_address>0x1c8</load_address>
         <run_address>0x1c8</run_address>
         <size>0x6f</size>
         <alignment>0x1</alignment>
         <input_file_ref idref="fl-24"/>
      </object_component>
      <object_component id="oc-42">
         <name>.debug_loc</name>
         <load_address>0x237</load_address>
         <run_address>0x237</run_address>
         <size>0x166</size>
         <alignment>0x1</alignment>
         <input_file_ref idref="fl-25"/>
      </object_component>
      <object_component id="oc-3f">
         <name>.debug_loc</name>
         <load_address>0x39d</load_address>
         <run_address>0x39d</run_address>
         <size>0xd8</size>
         <alignment>0x1</alignment>
         <input_file_ref idref="fl-26"/>
      </object_component>
      <object_component id="oc-98">
         <name>.debug_loc</name>
         <load_address>0x475</load_address>
         <run_address>0x475</run_address>
         <size>0x26</size>
         <alignment>0x1</alignment>
         <input_file_ref idref="fl-28"/>
      </object_component>
      <object_component id="oc-9a">
         <name>.debug_loc</name>
         <load_address>0x49b</load_address>
         <run_address>0x49b</run_address>
         <size>0x480</size>
         <alignment>0x1</alignment>
         <input_file_ref idref="fl-2b"/>
      </object_component>
      <object_component id="oc-36">
         <name>.debug_ranges</name>
         <load_address>0x0</load_address>
         <run_address>0x0</run_address>
         <size>0x28</size>
         <alignment>0x1</alignment>
         <input_file_ref idref="fl-2"/>
      </object_component>
      <object_component id="oc-8d">
         <name>.debug_ranges</name>
         <load_address>0x28</load_address>
         <run_address>0x28</run_address>
         <size>0x30</size>
         <alignment>0x1</alignment>
         <input_file_ref idref="fl-3"/>
      </object_component>
      <object_component id="oc-30">
         <name>.debug_ranges</name>
         <load_address>0x58</load_address>
         <run_address>0x58</run_address>
         <size>0x18</size>
         <alignment>0x1</alignment>
         <input_file_ref idref="fl-4"/>
      </object_component>
      <object_component id="oc-50">
         <name>.debug_ranges</name>
         <load_address>0x70</load_address>
         <run_address>0x70</run_address>
         <size>0x18</size>
         <alignment>0x1</alignment>
         <input_file_ref idref="fl-23"/>
      </object_component>
      <object_component id="oc-43">
         <name>.debug_ranges</name>
         <load_address>0x88</load_address>
         <run_address>0x88</run_address>
         <size>0x30</size>
         <alignment>0x1</alignment>
         <input_file_ref idref="fl-25"/>
      </object_component>
      <object_component id="oc-3e">
         <name>.debug_ranges</name>
         <load_address>0xb8</load_address>
         <run_address>0xb8</run_address>
         <size>0x48</size>
         <alignment>0x1</alignment>
         <input_file_ref idref="fl-26"/>
      </object_component>
      <object_component id="oc-96">
         <name>.debug_ranges</name>
         <load_address>0x100</load_address>
         <run_address>0x100</run_address>
         <size>0x18</size>
         <alignment>0x1</alignment>
         <input_file_ref idref="fl-28"/>
      </object_component>
      <object_component id="oc-9b">
         <name>.debug_ranges</name>
         <load_address>0x118</load_address>
         <run_address>0x118</run_address>
         <size>0xa8</size>
         <alignment>0x1</alignment>
         <input_file_ref idref="fl-2b"/>
      </object_component>
      <object_component id="oc-82">
         <name>.debug_ranges</name>
         <load_address>0x1c0</load_address>
         <run_address>0x1c0</run_address>
         <size>0x28</size>
         <alignment>0x1</alignment>
         <input_file_ref idref="fl-95"/>
      </object_component>
      <object_component id="oc-47">
         <name>.debug_aranges</name>
         <load_address>0x0</load_address>
         <run_address>0x0</run_address>
         <size>0x20</size>
         <alignment>0x1</alignment>
         <input_file_ref idref="fl-93"/>
      </object_component>
      <object_component id="oc-81">
         <name>.debug_aranges</name>
         <load_address>0x20</load_address>
         <run_address>0x20</run_address>
         <size>0x28</size>
         <alignment>0x1</alignment>
         <input_file_ref idref="fl-95"/>
      </object_component>
   </object_component_list>
   <logical_group_list>
      <logical_group id="lg-2" display="no" color="cyan">
         <name>.intvecs</name>
         <load_address>0x0</load_address>
         <run_address>0x0</run_address>
         <size>0xc0</size>
         <contents>
            <object_component_ref idref="oc-18"/>
         </contents>
      </logical_group>
      <logical_group id="lg-3" display="no" color="cyan">
         <name>.text</name>
         <load_address>0xc0</load_address>
         <run_address>0xc0</run_address>
         <size>0x17f8</size>
         <contents>
            <object_component_ref idref="oc-db"/>
            <object_component_ref idref="oc-d8"/>
            <object_component_ref idref="oc-e7"/>
            <object_component_ref idref="oc-33"/>
            <object_component_ref idref="oc-8f"/>
            <object_component_ref idref="oc-da"/>
            <object_component_ref idref="oc-e9"/>
            <object_component_ref idref="oc-bb"/>
            <object_component_ref idref="oc-d9"/>
            <object_component_ref idref="oc-b6"/>
            <object_component_ref idref="oc-d2"/>
            <object_component_ref idref="oc-ba"/>
            <object_component_ref idref="oc-bc"/>
            <object_component_ref idref="oc-bd"/>
            <object_component_ref idref="oc-85"/>
            <object_component_ref idref="oc-d5"/>
            <object_component_ref idref="oc-1c"/>
            <object_component_ref idref="oc-dd"/>
            <object_component_ref idref="oc-de"/>
            <object_component_ref idref="oc-df"/>
            <object_component_ref idref="oc-be"/>
            <object_component_ref idref="oc-34"/>
            <object_component_ref idref="oc-dc"/>
            <object_component_ref idref="oc-d6"/>
            <object_component_ref idref="oc-b4"/>
            <object_component_ref idref="oc-99"/>
            <object_component_ref idref="oc-5c"/>
            <object_component_ref idref="oc-b2"/>
            <object_component_ref idref="oc-e8"/>
            <object_component_ref idref="oc-fc"/>
            <object_component_ref idref="oc-d4"/>
            <object_component_ref idref="oc-b3"/>
            <object_component_ref idref="oc-f9"/>
            <object_component_ref idref="oc-f6"/>
            <object_component_ref idref="oc-54"/>
            <object_component_ref idref="oc-e6"/>
            <object_component_ref idref="oc-f8"/>
            <object_component_ref idref="oc-d7"/>
            <object_component_ref idref="oc-ea"/>
            <object_component_ref idref="oc-fa"/>
            <object_component_ref idref="oc-e5"/>
            <object_component_ref idref="oc-b9"/>
            <object_component_ref idref="oc-5b"/>
            <object_component_ref idref="oc-4b"/>
            <object_component_ref idref="oc-f4"/>
            <object_component_ref idref="oc-8a"/>
            <object_component_ref idref="oc-70"/>
            <object_component_ref idref="oc-20"/>
            <object_component_ref idref="oc-f7"/>
            <object_component_ref idref="oc-d1"/>
            <object_component_ref idref="oc-7e"/>
            <object_component_ref idref="oc-7f"/>
            <object_component_ref idref="oc-f5"/>
            <object_component_ref idref="oc-44"/>
            <object_component_ref idref="oc-2f"/>
            <object_component_ref idref="oc-6c"/>
            <object_component_ref idref="oc-92"/>
         </contents>
      </logical_group>
      <logical_group id="lg-4" display="no" color="cyan">
         <name>.const</name>
         <run_address>0x0</run_address>
         <size>0x0</size>
         <contents>
         </contents>
      </logical_group>
      <logical_group id="lg-5" display="no" color="cyan">
         <name>.cinit</name>
         <load_address>0x1a28</load_address>
         <run_address>0x1a28</run_address>
         <size>0x30</size>
         <contents>
            <object_component_ref idref="oc-13d"/>
            <object_component_ref idref="oc-140"/>
            <object_component_ref idref="oc-13f"/>
            <object_component_ref idref="oc-13e"/>
         </contents>
      </logical_group>
      <logical_group id="lg-6" display="no" color="cyan">
         <name>.pinit</name>
         <run_address>0x0</run_address>
         <size>0x0</size>
         <contents>
         </contents>
      </logical_group>
      <logical_group id="lg-7" display="no" color="cyan">
         <name>.rodata</name>
         <load_address>0x18b8</load_address>
         <run_address>0x18b8</run_address>
         <size>0x170</size>
         <contents>
            <object_component_ref idref="oc-e4"/>
            <object_component_ref idref="oc-fd"/>
            <object_component_ref idref="oc-e1"/>
            <object_component_ref idref="oc-e2"/>
            <object_component_ref idref="oc-d3"/>
            <object_component_ref idref="oc-fb"/>
            <object_component_ref idref="oc-e3"/>
            <object_component_ref idref="oc-e0"/>
         </contents>
      </logical_group>
      <logical_group id="lg-8" display="no" color="cyan">
         <name>.ARM.exidx</name>
         <run_address>0x0</run_address>
         <size>0x0</size>
         <contents>
         </contents>
      </logical_group>
      <logical_group id="lg-9" display="no" color="cyan">
         <name>.init_array</name>
         <run_address>0x0</run_address>
         <size>0x0</size>
         <contents>
         </contents>
      </logical_group>
      <logical_group id="lg-a" display="no" color="cyan">
         <name>.binit</name>
         <load_address>0x0</load_address>
         <run_address>0x0</run_address>
         <size>0x0</size>
         <contents>
            <object_component_ref idref="oc-107"/>
         </contents>
      </logical_group>
      <logical_group id="lg-b" display="no" color="cyan">
         <name>.TI.ramfunc</name>
         <run_address>0x0</run_address>
         <size>0x0</size>
         <contents>
         </contents>
      </logical_group>
      <logical_group id="lg-c" display="no" color="cyan">
         <name>.vtable</name>
         <run_address>0x0</run_address>
         <size>0x0</size>
         <contents>
         </contents>
      </logical_group>
      <logical_group id="lg-d" display="no" color="cyan">
         <name>.args</name>
         <run_address>0x0</run_address>
         <size>0x0</size>
         <contents>
         </contents>
      </logical_group>
      <logical_group id="lg-e" display="no" color="cyan">
         <name>.data</name>
         <run_address>0x20200179</run_address>
         <size>0x1</size>
         <contents>
            <object_component_ref idref="oc-bf"/>
         </contents>
      </logical_group>
      <logical_group id="lg-f" display="no" color="cyan">
         <name>.bss</name>
         <run_address>0x20200000</run_address>
         <size>0x179</size>
         <contents>
            <object_component_ref idref="oc-5e"/>
            <object_component_ref idref="oc-c0"/>
            <object_component_ref idref="oc-5d"/>
            <object_component_ref idref="oc-c1"/>
            <object_component_ref idref="oc-c2"/>
            <object_component_ref idref="oc-c3"/>
            <object_component_ref idref="oc-5f"/>
         </contents>
      </logical_group>
      <logical_group id="lg-10" display="no" color="cyan">
         <name>.sysmem</name>
         <run_address>0x0</run_address>
         <size>0x0</size>
         <contents>
         </contents>
      </logical_group>
      <logical_group id="lg-11" display="no" color="cyan">
         <name>.stack</name>
         <run_address>0x20207e00</run_address>
         <size>0x200</size>
         <contents>
            <object_component_ref idref="oc-1a"/>
            <object_component_ref idref="oc-142"/>
         </contents>
      </logical_group>
      <logical_group id="lg-12" display="no" color="cyan">
         <name>.BCRConfig</name>
         <run_address>0x0</run_address>
         <size>0x0</size>
         <contents>
         </contents>
      </logical_group>
      <logical_group id="lg-13" display="no" color="cyan">
         <name>.BSLConfig</name>
         <run_address>0x0</run_address>
         <size>0x0</size>
         <contents>
         </contents>
      </logical_group>
      <logical_group id="lg-fe" display="no" color="cyan">
         <name>.TI.noinit</name>
         <run_address>0x0</run_address>
         <size>0x0</size>
         <contents>
         </contents>
      </logical_group>
      <logical_group id="lg-ff" display="no" color="cyan">
         <name>.TI.persistent</name>
         <run_address>0x0</run_address>
         <size>0x0</size>
         <contents>
         </contents>
      </logical_group>
      <logical_group id="lg-100" display="no" color="cyan">
         <name>.TI.local</name>
         <run_address>0x0</run_address>
         <size>0x0</size>
         <contents>
         </contents>
      </logical_group>
      <logical_group id="lg-101" display="no" color="cyan">
         <name>.TI.onchip</name>
         <run_address>0x0</run_address>
         <size>0x0</size>
         <contents>
         </contents>
      </logical_group>
      <logical_group id="lg-102" display="no" color="cyan">
         <name>.TI.offchip</name>
         <run_address>0x0</run_address>
         <size>0x0</size>
         <contents>
         </contents>
      </logical_group>
      <logical_group id="lg-103" display="no" color="cyan">
         <name>__llvm_prf_cnts</name>
         <run_address>0x20200000</run_address>
         <size>0x0</size>
         <contents>
         </contents>
      </logical_group>
      <logical_group id="lg-105" display="no" color="cyan">
         <name>__llvm_prf_bits</name>
         <run_address>0x20200000</run_address>
         <size>0x0</size>
         <contents>
         </contents>
      </logical_group>
      <logical_group id="lg-121" display="never" color="cyan">
         <name>.debug_abbrev</name>
         <load_address>0x0</load_address>
         <run_address>0x0</run_address>
         <size>0x9ac</size>
         <contents>
            <object_component_ref idref="oc-90"/>
            <object_component_ref idref="oc-60"/>
            <object_component_ref idref="oc-b7"/>
            <object_component_ref idref="oc-39"/>
            <object_component_ref idref="oc-65"/>
            <object_component_ref idref="oc-48"/>
            <object_component_ref idref="oc-40"/>
            <object_component_ref idref="oc-3b"/>
            <object_component_ref idref="oc-c4"/>
            <object_component_ref idref="oc-ca"/>
            <object_component_ref idref="oc-88"/>
            <object_component_ref idref="oc-64"/>
            <object_component_ref idref="oc-ab"/>
            <object_component_ref idref="oc-144"/>
         </contents>
      </logical_group>
      <logical_group id="lg-123" display="never" color="cyan">
         <name>.debug_info</name>
         <load_address>0x0</load_address>
         <run_address>0x0</run_address>
         <size>0x55ab</size>
         <contents>
            <object_component_ref idref="oc-71"/>
            <object_component_ref idref="oc-35"/>
            <object_component_ref idref="oc-8e"/>
            <object_component_ref idref="oc-19"/>
            <object_component_ref idref="oc-4e"/>
            <object_component_ref idref="oc-22"/>
            <object_component_ref idref="oc-1f"/>
            <object_component_ref idref="oc-1b"/>
            <object_component_ref idref="oc-95"/>
            <object_component_ref idref="oc-9c"/>
            <object_component_ref idref="oc-6e"/>
            <object_component_ref idref="oc-46"/>
            <object_component_ref idref="oc-84"/>
            <object_component_ref idref="oc-143"/>
         </contents>
      </logical_group>
      <logical_group id="lg-125" display="never" color="cyan">
         <name>.debug_str</name>
         <load_address>0x0</load_address>
         <run_address>0x0</run_address>
         <size>0x3d27</size>
         <contents>
            <object_component_ref idref="oc-91"/>
            <object_component_ref idref="oc-61"/>
            <object_component_ref idref="oc-b8"/>
            <object_component_ref idref="oc-3a"/>
            <object_component_ref idref="oc-66"/>
            <object_component_ref idref="oc-49"/>
            <object_component_ref idref="oc-41"/>
            <object_component_ref idref="oc-3c"/>
            <object_component_ref idref="oc-c5"/>
            <object_component_ref idref="oc-cb"/>
            <object_component_ref idref="oc-89"/>
         </contents>
      </logical_group>
      <logical_group id="lg-127" display="never" color="cyan">
         <name>.debug_frame</name>
         <load_address>0x0</load_address>
         <run_address>0x0</run_address>
         <size>0x3b0</size>
         <contents>
            <object_component_ref idref="oc-72"/>
            <object_component_ref idref="oc-37"/>
            <object_component_ref idref="oc-8b"/>
            <object_component_ref idref="oc-31"/>
            <object_component_ref idref="oc-4d"/>
            <object_component_ref idref="oc-21"/>
            <object_component_ref idref="oc-1d"/>
            <object_component_ref idref="oc-53"/>
            <object_component_ref idref="oc-94"/>
            <object_component_ref idref="oc-9e"/>
            <object_component_ref idref="oc-6d"/>
         </contents>
      </logical_group>
      <logical_group id="lg-129" display="never" color="cyan">
         <name>.debug_line</name>
         <load_address>0x0</load_address>
         <run_address>0x0</run_address>
         <size>0x1540</size>
         <contents>
            <object_component_ref idref="oc-73"/>
            <object_component_ref idref="oc-38"/>
            <object_component_ref idref="oc-8c"/>
            <object_component_ref idref="oc-32"/>
            <object_component_ref idref="oc-4c"/>
            <object_component_ref idref="oc-23"/>
            <object_component_ref idref="oc-1e"/>
            <object_component_ref idref="oc-3d"/>
            <object_component_ref idref="oc-93"/>
            <object_component_ref idref="oc-9d"/>
            <object_component_ref idref="oc-6f"/>
            <object_component_ref idref="oc-45"/>
            <object_component_ref idref="oc-83"/>
         </contents>
      </logical_group>
      <logical_group id="lg-12b" display="never" color="cyan">
         <name>.debug_loc</name>
         <load_address>0x0</load_address>
         <run_address>0x0</run_address>
         <size>0x91b</size>
         <contents>
            <object_component_ref idref="oc-62"/>
            <object_component_ref idref="oc-b5"/>
            <object_component_ref idref="oc-4f"/>
            <object_component_ref idref="oc-4a"/>
            <object_component_ref idref="oc-42"/>
            <object_component_ref idref="oc-3f"/>
            <object_component_ref idref="oc-98"/>
            <object_component_ref idref="oc-9a"/>
         </contents>
      </logical_group>
      <logical_group id="lg-12d" display="never" color="cyan">
         <name>.debug_ranges</name>
         <load_address>0x0</load_address>
         <run_address>0x0</run_address>
         <size>0x1e8</size>
         <contents>
            <object_component_ref idref="oc-36"/>
            <object_component_ref idref="oc-8d"/>
            <object_component_ref idref="oc-30"/>
            <object_component_ref idref="oc-50"/>
            <object_component_ref idref="oc-43"/>
            <object_component_ref idref="oc-3e"/>
            <object_component_ref idref="oc-96"/>
            <object_component_ref idref="oc-9b"/>
            <object_component_ref idref="oc-82"/>
         </contents>
      </logical_group>
      <logical_group id="lg-137" display="never" color="cyan">
         <name>.debug_aranges</name>
         <load_address>0x0</load_address>
         <run_address>0x0</run_address>
         <size>0x48</size>
         <contents>
            <object_component_ref idref="oc-47"/>
            <object_component_ref idref="oc-81"/>
         </contents>
      </logical_group>
      <logical_group id="lg-141" display="no" color="cyan">
         <name>Veneer$$CMSE</name>
         <run_address>0x0</run_address>
         <size>0x0</size>
         <contents>
         </contents>
      </logical_group>
      <load_segment id="lg-14c" display="no" color="cyan">
         <name>SEGMENT_0</name>
         <load_address>0x0</load_address>
         <run_address>0x0</run_address>
         <size>0x1a58</size>
         <flags>0x5</flags>
         <contents>
            <logical_group_ref idref="lg-2"/>
            <logical_group_ref idref="lg-3"/>
            <logical_group_ref idref="lg-7"/>
            <logical_group_ref idref="lg-5"/>
         </contents>
      </load_segment>
      <load_segment id="lg-14d" display="no" color="cyan">
         <name>SEGMENT_1</name>
         <run_address>0x20200000</run_address>
         <size>0x17a</size>
         <flags>0x6</flags>
         <contents>
            <logical_group_ref idref="lg-f"/>
            <logical_group_ref idref="lg-e"/>
         </contents>
      </load_segment>
      <load_segment id="lg-14e" display="no" color="cyan">
         <name>SEGMENT_2</name>
         <run_address>0x20207e00</run_address>
         <size>0x200</size>
         <flags>0x6</flags>
         <contents>
            <logical_group_ref idref="lg-11"/>
         </contents>
      </load_segment>
   </logical_group_list>
   <placement_map>
      <memory_area display="yes" color="green">
         <name>FLASH</name>
         <page_id>0x0</page_id>
         <origin>0x0</origin>
         <length>0x20000</length>
         <used_space>0x1a58</used_space>
         <unused_space>0x1e5a8</unused_space>
         <attributes>RX</attributes>
         <usage_details>
            <allocated_space>
               <start_address>0x0</start_address>
               <size>0x0</size>
               <logical_group_ref idref="lg-a"/>
            </allocated_space>
            <allocated_space>
               <start_address>0x0</start_address>
               <size>0xc0</size>
               <logical_group_ref idref="lg-2"/>
            </allocated_space>
            <allocated_space>
               <start_address>0xc0</start_address>
               <size>0x17f8</size>
               <logical_group_ref idref="lg-3"/>
            </allocated_space>
            <allocated_space>
               <start_address>0x18b8</start_address>
               <size>0x170</size>
               <logical_group_ref idref="lg-7"/>
            </allocated_space>
            <allocated_space>
               <start_address>0x1a28</start_address>
               <size>0x30</size>
               <logical_group_ref idref="lg-5"/>
            </allocated_space>
            <available_space>
               <start_address>0x1a58</start_address>
               <size>0x1e5a8</size>
            </available_space>
         </usage_details>
      </memory_area>
      <memory_area display="yes" color="green">
         <name>SRAM</name>
         <page_id>0x0</page_id>
         <origin>0x20200000</origin>
         <length>0x8000</length>
         <used_space>0x37a</used_space>
         <unused_space>0x7c86</unused_space>
         <attributes>RWX</attributes>
         <usage_details>
            <allocated_space>
               <start_address>0x20200000</start_address>
               <size>0x0</size>
               <logical_group_ref idref="lg-103"/>
            </allocated_space>
            <allocated_space>
               <start_address>0x20200000</start_address>
               <size>0x0</size>
               <logical_group_ref idref="lg-105"/>
            </allocated_space>
            <allocated_space>
               <start_address>0x20200000</start_address>
               <size>0x179</size>
               <logical_group_ref idref="lg-f"/>
            </allocated_space>
            <allocated_space>
               <start_address>0x20200179</start_address>
               <size>0x1</size>
               <logical_group_ref idref="lg-e"/>
            </allocated_space>
            <available_space>
               <start_address>0x2020017a</start_address>
               <size>0x7c86</size>
            </available_space>
            <allocated_space>
               <start_address>0x20207e00</start_address>
               <size>0x200</size>
               <logical_group_ref idref="lg-11"/>
            </allocated_space>
         </usage_details>
      </memory_area>
      <memory_area display="yes" color="green">
         <name>BCR_CONFIG</name>
         <page_id>0x0</page_id>
         <origin>0x41c00000</origin>
         <length>0x80</length>
         <used_space>0x0</used_space>
         <unused_space>0x80</unused_space>
         <attributes>R</attributes>
         <usage_details>
         </usage_details>
      </memory_area>
      <memory_area display="yes" color="green">
         <name>BSL_CONFIG</name>
         <page_id>0x0</page_id>
         <origin>0x41c00100</origin>
         <length>0x80</length>
         <used_space>0x0</used_space>
         <unused_space>0x80</unused_space>
         <attributes>R</attributes>
         <usage_details>
         </usage_details>
      </memory_area>
   </placement_map>
   <cptbl_list>
      <cptbl>
         <name>__TI_cinit_table</name>
         <cprec>
            <name>.bss</name>
            <load_address>0x1a34</load_address>
            <load_size>0x8</load_size>
            <run_address>0x20200000</run_address>
            <run_size>0x179</run_size>
            <compression>zero_init</compression>
         </cprec>
         <cprec>
            <name>.data</name>
            <load_address>0x1a3c</load_address>
            <load_size>0x5</load_size>
            <run_address>0x20200179</run_address>
            <run_size>0x1</run_size>
            <compression>lzss</compression>
         </cprec>
      </cptbl>
   </cptbl_list>
   <handler_table>
      <handler_table_name>__TI_handler_table</handler_table_name>
      <handler>
         <index>0x0</index>
         <name>__TI_decompress_lzss</name>
      </handler>
      <handler>
         <index>0x1</index>
         <name>__TI_decompress_none</name>
      </handler>
      <handler>
         <index>0x2</index>
         <name>__TI_zero_init</name>
      </handler>
   </handler_table>
   <symbol_table>
      <symbol id="sm-1">
         <name>__start___llvm_prf_cnts</name>
         <value>0x20200000</value>
      </symbol>
      <symbol id="sm-2">
         <name>__stop___llvm_prf_cnts</name>
         <value>0x20200000</value>
      </symbol>
      <symbol id="sm-3">
         <name>__start___llvm_prf_bits</name>
         <value>0x20200000</value>
      </symbol>
      <symbol id="sm-4">
         <name>__stop___llvm_prf_bits</name>
         <value>0x20200000</value>
      </symbol>
      <symbol id="sm-5">
         <name>__TI_CINIT_Base</name>
         <value>0x1a44</value>
      </symbol>
      <symbol id="sm-6">
         <name>__TI_CINIT_Limit</name>
         <value>0x1a54</value>
      </symbol>
      <symbol id="sm-7">
         <name>__TI_CINIT_Warm</name>
         <value>0x1a54</value>
      </symbol>
      <symbol id="sm-8">
         <name>__TI_Handler_Table_Base</name>
         <value>0x1a28</value>
      </symbol>
      <symbol id="sm-9">
         <name>__TI_Handler_Table_Limit</name>
         <value>0x1a34</value>
      </symbol>
      <symbol id="sm-a">
         <name>binit</name>
         <value>0xffffffff</value>
      </symbol>
      <symbol id="sm-b">
         <name>__binit__</name>
         <value>0xffffffff</value>
      </symbol>
      <symbol id="sm-c">
         <name>__STACK_SIZE</name>
         <value>0x200</value>
      </symbol>
      <symbol id="sm-d">
         <name>__STACK_END</name>
         <value>0x20208000</value>
      </symbol>
      <symbol id="sm-e">
         <name>__TI_pprof_out_hndl</name>
         <value>0xffffffff</value>
      </symbol>
      <symbol id="sm-f">
         <name>__TI_prof_data_start</name>
         <value>0xffffffff</value>
      </symbol>
      <symbol id="sm-10">
         <name>__TI_prof_data_size</name>
         <value>0xffffffff</value>
      </symbol>
      <symbol id="sm-3a">
         <name>main</name>
         <value>0x1831</value>
         <object_component_ref idref="oc-70"/>
      </symbol>
      <symbol id="sm-48">
         <name>can_tx_rx</name>
         <value>0x66d</value>
         <object_component_ref idref="oc-8f"/>
      </symbol>
      <symbol id="sm-49">
         <name>can_do</name>
         <value>0x20200179</value>
         <object_component_ref idref="oc-bf"/>
      </symbol>
      <symbol id="sm-4a">
         <name>gServiceInt</name>
         <value>0x20200178</value>
      </symbol>
      <symbol id="sm-4b">
         <name>rxFS</name>
         <value>0x2020014c</value>
      </symbol>
      <symbol id="sm-4c">
         <name>gInterruptLine1Status</name>
         <value>0x20200164</value>
      </symbol>
      <symbol id="sm-4d">
         <name>rxMsg</name>
         <value>0x20200000</value>
      </symbol>
      <symbol id="sm-4e">
         <name>txMsg0</name>
         <value>0x202000a8</value>
      </symbol>
      <symbol id="sm-4f">
         <name>success</name>
         <value>0x20200170</value>
      </symbol>
      <symbol id="sm-50">
         <name>CANFD0_IRQHandler</name>
         <value>0x140d</value>
         <object_component_ref idref="oc-34"/>
      </symbol>
      <symbol id="sm-51">
         <name>irq</name>
         <value>0x20200168</value>
      </symbol>
      <symbol id="sm-73">
         <name>SYSCFG_DL_init</name>
         <value>0x181d</value>
         <object_component_ref idref="oc-8a"/>
      </symbol>
      <symbol id="sm-74">
         <name>SYSCFG_DL_initPower</name>
         <value>0x1595</value>
         <object_component_ref idref="oc-b2"/>
      </symbol>
      <symbol id="sm-75">
         <name>SYSCFG_DL_GPIO_init</name>
         <value>0x1655</value>
         <object_component_ref idref="oc-b3"/>
      </symbol>
      <symbol id="sm-76">
         <name>SYSCFG_DL_SYSCTL_init</name>
         <value>0x14e9</value>
         <object_component_ref idref="oc-b4"/>
      </symbol>
      <symbol id="sm-77">
         <name>SYSCFG_DL_MCAN0_init</name>
         <value>0xcad</value>
         <object_component_ref idref="oc-b6"/>
      </symbol>
      <symbol id="sm-82">
         <name>Default_Handler</name>
         <value>0x66b</value>
         <object_component_ref idref="oc-33"/>
      </symbol>
      <symbol id="sm-83">
         <name>Reset_Handler</name>
         <value>0x18a9</value>
         <object_component_ref idref="oc-2f"/>
      </symbol>
      <symbol id="sm-84">
         <name>interruptVectors</name>
         <value>0x0</value>
         <object_component_ref idref="oc-18"/>
      </symbol>
      <symbol id="sm-85">
         <name>NMI_Handler</name>
         <value>0x66b</value>
         <object_component_ref idref="oc-33"/>
      </symbol>
      <symbol id="sm-86">
         <name>HardFault_Handler</name>
         <value>0x66b</value>
         <object_component_ref idref="oc-33"/>
      </symbol>
      <symbol id="sm-87">
         <name>SVC_Handler</name>
         <value>0x66b</value>
         <object_component_ref idref="oc-33"/>
      </symbol>
      <symbol id="sm-88">
         <name>PendSV_Handler</name>
         <value>0x66b</value>
         <object_component_ref idref="oc-33"/>
      </symbol>
      <symbol id="sm-89">
         <name>SysTick_Handler</name>
         <value>0x66b</value>
         <object_component_ref idref="oc-33"/>
      </symbol>
      <symbol id="sm-8a">
         <name>GROUP0_IRQHandler</name>
         <value>0x66b</value>
         <object_component_ref idref="oc-33"/>
      </symbol>
      <symbol id="sm-8b">
         <name>GROUP1_IRQHandler</name>
         <value>0x66b</value>
         <object_component_ref idref="oc-33"/>
      </symbol>
      <symbol id="sm-8c">
         <name>TIMG8_IRQHandler</name>
         <value>0x66b</value>
         <object_component_ref idref="oc-33"/>
      </symbol>
      <symbol id="sm-8d">
         <name>UART3_IRQHandler</name>
         <value>0x66b</value>
         <object_component_ref idref="oc-33"/>
      </symbol>
      <symbol id="sm-8e">
         <name>ADC0_IRQHandler</name>
         <value>0x66b</value>
         <object_component_ref idref="oc-33"/>
      </symbol>
      <symbol id="sm-8f">
         <name>ADC1_IRQHandler</name>
         <value>0x66b</value>
         <object_component_ref idref="oc-33"/>
      </symbol>
      <symbol id="sm-90">
         <name>DAC0_IRQHandler</name>
         <value>0x66b</value>
         <object_component_ref idref="oc-33"/>
      </symbol>
      <symbol id="sm-91">
         <name>SPI0_IRQHandler</name>
         <value>0x66b</value>
         <object_component_ref idref="oc-33"/>
      </symbol>
      <symbol id="sm-92">
         <name>SPI1_IRQHandler</name>
         <value>0x66b</value>
         <object_component_ref idref="oc-33"/>
      </symbol>
      <symbol id="sm-93">
         <name>UART1_IRQHandler</name>
         <value>0x66b</value>
         <object_component_ref idref="oc-33"/>
      </symbol>
      <symbol id="sm-94">
         <name>UART2_IRQHandler</name>
         <value>0x66b</value>
         <object_component_ref idref="oc-33"/>
      </symbol>
      <symbol id="sm-95">
         <name>UART0_IRQHandler</name>
         <value>0x66b</value>
         <object_component_ref idref="oc-33"/>
      </symbol>
      <symbol id="sm-96">
         <name>TIMG0_IRQHandler</name>
         <value>0x66b</value>
         <object_component_ref idref="oc-33"/>
      </symbol>
      <symbol id="sm-97">
         <name>TIMG6_IRQHandler</name>
         <value>0x66b</value>
         <object_component_ref idref="oc-33"/>
      </symbol>
      <symbol id="sm-98">
         <name>TIMA0_IRQHandler</name>
         <value>0x66b</value>
         <object_component_ref idref="oc-33"/>
      </symbol>
      <symbol id="sm-99">
         <name>TIMA1_IRQHandler</name>
         <value>0x66b</value>
         <object_component_ref idref="oc-33"/>
      </symbol>
      <symbol id="sm-9a">
         <name>TIMG7_IRQHandler</name>
         <value>0x66b</value>
         <object_component_ref idref="oc-33"/>
      </symbol>
      <symbol id="sm-9b">
         <name>TIMG12_IRQHandler</name>
         <value>0x66b</value>
         <object_component_ref idref="oc-33"/>
      </symbol>
      <symbol id="sm-9c">
         <name>I2C0_IRQHandler</name>
         <value>0x66b</value>
         <object_component_ref idref="oc-33"/>
      </symbol>
      <symbol id="sm-9d">
         <name>I2C1_IRQHandler</name>
         <value>0x66b</value>
         <object_component_ref idref="oc-33"/>
      </symbol>
      <symbol id="sm-9e">
         <name>AES_IRQHandler</name>
         <value>0x66b</value>
         <object_component_ref idref="oc-33"/>
      </symbol>
      <symbol id="sm-9f">
         <name>RTC_IRQHandler</name>
         <value>0x66b</value>
         <object_component_ref idref="oc-33"/>
      </symbol>
      <symbol id="sm-a0">
         <name>DMA_IRQHandler</name>
         <value>0x66b</value>
         <object_component_ref idref="oc-33"/>
      </symbol>
      <symbol id="sm-a1">
         <name>__TI_ATRegion0_src_addr</name>
         <value>0x0</value>
      </symbol>
      <symbol id="sm-a2">
         <name>__TI_ATRegion0_trg_addr</name>
         <value>0x0</value>
      </symbol>
      <symbol id="sm-a3">
         <name>__TI_ATRegion0_region_sz</name>
         <value>0x0</value>
      </symbol>
      <symbol id="sm-a4">
         <name>__TI_ATRegion1_src_addr</name>
         <value>0x0</value>
      </symbol>
      <symbol id="sm-a5">
         <name>__TI_ATRegion1_trg_addr</name>
         <value>0x0</value>
      </symbol>
      <symbol id="sm-a6">
         <name>__TI_ATRegion1_region_sz</name>
         <value>0x0</value>
      </symbol>
      <symbol id="sm-a7">
         <name>__TI_ATRegion2_src_addr</name>
         <value>0x0</value>
      </symbol>
      <symbol id="sm-a8">
         <name>__TI_ATRegion2_trg_addr</name>
         <value>0x0</value>
      </symbol>
      <symbol id="sm-a9">
         <name>__TI_ATRegion2_region_sz</name>
         <value>0x0</value>
      </symbol>
      <symbol id="sm-ad">
         <name>DL_Common_delayCycles</name>
         <value>0x1865</value>
         <object_component_ref idref="oc-d1"/>
      </symbol>
      <symbol id="sm-f3">
         <name>DL_MCAN_setClockConfig</name>
         <value>0x1629</value>
         <object_component_ref idref="oc-d4"/>
      </symbol>
      <symbol id="sm-f4">
         <name>DL_MCAN_isMemInitDone</name>
         <value>0x14a9</value>
         <object_component_ref idref="oc-d6"/>
      </symbol>
      <symbol id="sm-f5">
         <name>DL_MCAN_setOpMode</name>
         <value>0x173d</value>
         <object_component_ref idref="oc-d7"/>
      </symbol>
      <symbol id="sm-f6">
         <name>DL_MCAN_getOpMode</name>
         <value>0x17bd</value>
         <object_component_ref idref="oc-b9"/>
      </symbol>
      <symbol id="sm-f7">
         <name>DL_MCAN_init</name>
         <value>0x369</value>
         <object_component_ref idref="oc-d8"/>
      </symbol>
      <symbol id="sm-f8">
         <name>DL_MCAN_config</name>
         <value>0xb81</value>
         <object_component_ref idref="oc-d9"/>
      </symbol>
      <symbol id="sm-f9">
         <name>DL_MCAN_setBitTime</name>
         <value>0x7cd</value>
         <object_component_ref idref="oc-da"/>
      </symbol>
      <symbol id="sm-fa">
         <name>DL_MCAN_msgRAMConfig</name>
         <value>0xc1</value>
         <object_component_ref idref="oc-db"/>
      </symbol>
      <symbol id="sm-fb">
         <name>DL_MCAN_setExtIDAndMask</name>
         <value>0x145d</value>
         <object_component_ref idref="oc-dc"/>
      </symbol>
      <symbol id="sm-fc">
         <name>DL_MCAN_writeMsgRam</name>
         <value>0x1039</value>
         <object_component_ref idref="oc-bd"/>
      </symbol>
      <symbol id="sm-fd">
         <name>DL_MCAN_TXBufAddReq</name>
         <value>0x13b9</value>
         <object_component_ref idref="oc-be"/>
      </symbol>
      <symbol id="sm-fe">
         <name>DL_MCAN_readMsgRam</name>
         <value>0xa51</value>
         <object_component_ref idref="oc-bb"/>
      </symbol>
      <symbol id="sm-ff">
         <name>DL_MCAN_enableIntr</name>
         <value>0x1295</value>
         <object_component_ref idref="oc-dd"/>
      </symbol>
      <symbol id="sm-100">
         <name>DL_MCAN_selectIntrLine</name>
         <value>0x12fd</value>
         <object_component_ref idref="oc-de"/>
      </symbol>
      <symbol id="sm-101">
         <name>DL_MCAN_enableIntrLine</name>
         <value>0x1361</value>
         <object_component_ref idref="oc-df"/>
      </symbol>
      <symbol id="sm-102">
         <name>DL_MCAN_getIntrStatus</name>
         <value>0x17d9</value>
         <object_component_ref idref="oc-5b"/>
      </symbol>
      <symbol id="sm-103">
         <name>DL_MCAN_clearIntrStatus</name>
         <value>0x1561</value>
         <object_component_ref idref="oc-5c"/>
      </symbol>
      <symbol id="sm-104">
         <name>DL_MCAN_getRxFIFOStatus</name>
         <value>0xebd</value>
         <object_component_ref idref="oc-ba"/>
      </symbol>
      <symbol id="sm-105">
         <name>DL_MCAN_writeRxFIFOAck</name>
         <value>0xf81</value>
         <object_component_ref idref="oc-bc"/>
      </symbol>
      <symbol id="sm-106">
         <name>DL_MCAN_getRevisionId</name>
         <value>0x1189</value>
         <object_component_ref idref="oc-d5"/>
      </symbol>
      <symbol id="sm-118">
         <name>DL_SYSCTL_configSYSPLL</name>
         <value>0xdd1</value>
         <object_component_ref idref="oc-d2"/>
      </symbol>
      <symbol id="sm-122">
         <name>__TI_zero_init_nomemset</name>
         <value>0x17f1</value>
         <object_component_ref idref="oc-4b"/>
      </symbol>
      <symbol id="sm-12b">
         <name>__TI_decompress_none</name>
         <value>0x1843</value>
         <object_component_ref idref="oc-20"/>
      </symbol>
      <symbol id="sm-136">
         <name>__TI_decompress_lzss</name>
         <value>0x121d</value>
         <object_component_ref idref="oc-1c"/>
      </symbol>
      <symbol id="sm-141">
         <name>_c_int00_noargs</name>
         <value>0x16d1</value>
         <object_component_ref idref="oc-54"/>
      </symbol>
      <symbol id="sm-142">
         <name>__stack</name>
         <value>0x20207e00</value>
         <object_component_ref idref="oc-1a"/>
      </symbol>
      <symbol id="sm-14d">
         <name>abort</name>
         <value>0x18b1</value>
         <object_component_ref idref="oc-92"/>
      </symbol>
      <symbol id="sm-14e">
         <name>C$$EXIT</name>
         <value>0x18b0</value>
         <object_component_ref idref="oc-92"/>
      </symbol>
      <symbol id="sm-15b">
         <name>__TI_auto_init_nobinit_nopinit</name>
         <value>0x1525</value>
         <object_component_ref idref="oc-99"/>
      </symbol>
      <symbol id="sm-163">
         <name>_system_pre_init</name>
         <value>0x18ad</value>
         <object_component_ref idref="oc-6c"/>
      </symbol>
      <symbol id="sm-16a">
         <name>__aeabi_memcpy</name>
         <value>0x18a1</value>
         <object_component_ref idref="oc-44"/>
      </symbol>
      <symbol id="sm-16b">
         <name>__aeabi_memcpy4</name>
         <value>0x18a1</value>
         <object_component_ref idref="oc-44"/>
      </symbol>
      <symbol id="sm-16c">
         <name>__aeabi_memcpy8</name>
         <value>0x18a1</value>
         <object_component_ref idref="oc-44"/>
      </symbol>
      <symbol id="sm-185">
         <name>memcpy</name>
         <value>0x10ed</value>
         <object_component_ref idref="oc-85"/>
      </symbol>
      <symbol id="sm-186">
         <name>__TI_static_base__</name>
         <value>0x0</value>
      </symbol>
      <symbol id="sm-189">
         <name>__mpu_init</name>
         <value>0x0</value>
      </symbol>
      <symbol id="sm-18a">
         <name>_system_post_cinit</name>
         <value>0x0</value>
      </symbol>
   </symbol_table>
   <title>Link successful</title>
</link_info>
