<?xml version="1.0" encoding="ISO-8859-1" ?>
<link_info>
   <banner>TI ARM Clang Linker PC v3.2.1.LTS</banner>
   <copyright>Copyright (c) 1996-2018 Texas Instruments Incorporated</copyright>
   <link_time>0x6673cbd0</link_time>
   <link_errors>0x0</link_errors>
   <output_file>C:\Users\User\workspace_v12\mcan_message_rx_LP_MSPM0G3507_nortos_ticlang\Debug\mcan_message_rx_LP_MSPM0G3507_nortos_ticlang.out</output_file>
   <entry_point>
      <name>_c_int00_noargs</name>
      <address>0xbb1</address>
   </entry_point>
   <input_file_list>
      <input_file id="fl-1">
         <path>C:\Users\User\workspace_v12\mcan_message_rx_LP_MSPM0G3507_nortos_ticlang\Debug\.\</path>
         <kind>object</kind>
         <file>mcan_message_rx.o</file>
         <name>mcan_message_rx.o</name>
      </input_file>
      <input_file id="fl-2">
         <path>C:\Users\User\workspace_v12\mcan_message_rx_LP_MSPM0G3507_nortos_ticlang\Debug\.\syscfg\</path>
         <kind>object</kind>
         <file>ti_msp_dl_config.o</file>
         <name>ti_msp_dl_config.o</name>
      </input_file>
      <input_file id="fl-3">
         <path>C:\Users\User\workspace_v12\mcan_message_rx_LP_MSPM0G3507_nortos_ticlang\Debug\.\</path>
         <kind>object</kind>
         <file>startup_mspm0g350x_ticlang.o</file>
         <name>startup_mspm0g350x_ticlang.o</name>
      </input_file>
      <input_file id="fl-10">
         <path>C:\Users\User\workspace_v12\mcan_message_rx_LP_MSPM0G3507_nortos_ticlang\Debug\</path>
         <kind>object</kind>
         <file>&lt;internal&gt;</file>
         <name>&lt;internal&gt;</name>
      </input_file>
      <input_file id="fl-11">
         <path>C:\ti\mspm0_sdk_1_20_01_06\source\ti\driverlib\lib\ticlang\m0p\mspm0g1x0x_g3x0x\</path>
         <kind>archive</kind>
         <file>driverlib.a</file>
         <name>dl_common.o</name>
      </input_file>
      <input_file id="fl-12">
         <path>C:\ti\mspm0_sdk_1_20_01_06\source\ti\driverlib\lib\ticlang\m0p\mspm0g1x0x_g3x0x\</path>
         <kind>archive</kind>
         <file>driverlib.a</file>
         <name>dl_mcan.o</name>
      </input_file>
      <input_file id="fl-13">
         <path>C:\ti\mspm0_sdk_1_20_01_06\source\ti\driverlib\lib\ticlang\m0p\mspm0g1x0x_g3x0x\</path>
         <kind>archive</kind>
         <file>driverlib.a</file>
         <name>dl_sysctl_mspm0g1x0x_g3x0x.o</name>
      </input_file>
      <input_file id="fl-22">
         <path>C:\ti\ccs1260\ccs\tools\compiler\ti-cgt-armllvm_3.2.1.LTS\lib\armv6m-ti-none-eabi\c\</path>
         <kind>archive</kind>
         <file>libc.a</file>
         <name>copy_zero_init.c.obj</name>
      </input_file>
      <input_file id="fl-23">
         <path>C:\ti\ccs1260\ccs\tools\compiler\ti-cgt-armllvm_3.2.1.LTS\lib\armv6m-ti-none-eabi\c\</path>
         <kind>archive</kind>
         <file>libc.a</file>
         <name>copy_decompress_none.c.obj</name>
      </input_file>
      <input_file id="fl-24">
         <path>C:\ti\ccs1260\ccs\tools\compiler\ti-cgt-armllvm_3.2.1.LTS\lib\armv6m-ti-none-eabi\c\</path>
         <kind>archive</kind>
         <file>libc.a</file>
         <name>copy_decompress_lzss.c.obj</name>
      </input_file>
      <input_file id="fl-25">
         <path>C:\ti\ccs1260\ccs\tools\compiler\ti-cgt-armllvm_3.2.1.LTS\lib\armv6m-ti-none-eabi\c\</path>
         <kind>archive</kind>
         <file>libc.a</file>
         <name>boot_cortex_m.c.obj</name>
      </input_file>
      <input_file id="fl-26">
         <path>C:\ti\ccs1260\ccs\tools\compiler\ti-cgt-armllvm_3.2.1.LTS\lib\armv6m-ti-none-eabi\c\</path>
         <kind>archive</kind>
         <file>libc.a</file>
         <name>mathacl_init.c.obj</name>
      </input_file>
      <input_file id="fl-27">
         <path>C:\ti\ccs1260\ccs\tools\compiler\ti-cgt-armllvm_3.2.1.LTS\lib\armv6m-ti-none-eabi\c\</path>
         <kind>archive</kind>
         <file>libc.a</file>
         <name>exit.c.obj</name>
      </input_file>
      <input_file id="fl-28">
         <path>C:\ti\ccs1260\ccs\tools\compiler\ti-cgt-armllvm_3.2.1.LTS\lib\armv6m-ti-none-eabi\c\</path>
         <kind>archive</kind>
         <file>libc.a</file>
         <name>_lock.c.obj</name>
      </input_file>
      <input_file id="fl-29">
         <path>C:\ti\ccs1260\ccs\tools\compiler\ti-cgt-armllvm_3.2.1.LTS\lib\armv6m-ti-none-eabi\c\</path>
         <kind>archive</kind>
         <file>libc.a</file>
         <name>args_main.c.obj</name>
      </input_file>
      <input_file id="fl-2a">
         <path>C:\ti\ccs1260\ccs\tools\compiler\ti-cgt-armllvm_3.2.1.LTS\lib\armv6m-ti-none-eabi\c\</path>
         <kind>archive</kind>
         <file>libc.a</file>
         <name>autoinit.c.obj</name>
      </input_file>
      <input_file id="fl-2b">
         <path>C:\ti\ccs1260\ccs\tools\compiler\ti-cgt-armllvm_3.2.1.LTS\lib\armv6m-ti-none-eabi\c\</path>
         <kind>archive</kind>
         <file>libc.a</file>
         <name>pre_init.c.obj</name>
      </input_file>
      <input_file id="fl-2c">
         <path>C:\ti\ccs1260\ccs\tools\compiler\ti-cgt-armllvm_3.2.1.LTS\lib\armv6m-ti-none-eabi\c\</path>
         <kind>archive</kind>
         <file>libc.a</file>
         <name>cpy_tbl.c.obj</name>
      </input_file>
      <input_file id="fl-92">
         <path>C:\ti\ccs1260\ccs\tools\compiler\ti-cgt-armllvm_3.2.1.LTS\lib\clang\15.0.7\lib\armv6m-ti-none-eabi\</path>
         <kind>archive</kind>
         <file>libclang_rt.builtins.a</file>
         <name>aeabi_memcpy.S.obj</name>
      </input_file>
      <input_file id="fl-93">
         <path>C:\ti\ccs1260\ccs\tools\compiler\ti-cgt-armllvm_3.2.1.LTS\lib\clang\15.0.7\lib\armv6m-ti-none-eabi\</path>
         <kind>archive</kind>
         <file>libclang_rt.builtins.a</file>
         <name>aeabi_memset.S.obj</name>
      </input_file>
      <input_file id="fl-94">
         <path>C:\ti\ccs1260\ccs\tools\compiler\ti-cgt-armllvm_3.2.1.LTS\lib\armv6m-ti-none-eabi\c\</path>
         <kind>archive</kind>
         <file>libc.a</file>
         <name>memcpy16.S.obj</name>
      </input_file>
      <input_file id="fl-95">
         <path>C:\ti\ccs1260\ccs\tools\compiler\ti-cgt-armllvm_3.2.1.LTS\lib\armv6m-ti-none-eabi\c\</path>
         <kind>archive</kind>
         <file>libc.a</file>
         <name>memset16.S.obj</name>
      </input_file>
   </input_file_list>
   <object_component_list>
      <object_component id="oc-18">
         <name>.intvecs</name>
         <load_address>0x0</load_address>
         <readonly>true</readonly>
         <run_address>0x0</run_address>
         <size>0xc0</size>
         <alignment>0x4</alignment>
         <input_file_ref idref="fl-3"/>
      </object_component>
      <object_component id="oc-df">
         <name>.text.DL_MCAN_msgRAMConfig</name>
         <load_address>0xc0</load_address>
         <readonly>true</readonly>
         <executable>true</executable>
         <run_address>0xc0</run_address>
         <size>0x204</size>
         <alignment>0x4</alignment>
         <input_file_ref idref="fl-12"/>
      </object_component>
      <object_component id="oc-93">
         <name>.text.DL_MCAN_readMsgRam</name>
         <load_address>0x2c4</load_address>
         <readonly>true</readonly>
         <executable>true</executable>
         <run_address>0x2c4</run_address>
         <size>0x130</size>
         <alignment>0x4</alignment>
         <input_file_ref idref="fl-12"/>
      </object_component>
      <object_component id="oc-75">
         <name>.text.main</name>
         <load_address>0x3f4</load_address>
         <readonly>true</readonly>
         <executable>true</executable>
         <run_address>0x3f4</run_address>
         <size>0x124</size>
         <alignment>0x4</alignment>
         <input_file_ref idref="fl-1"/>
      </object_component>
      <object_component id="oc-ba">
         <name>.text.SYSCFG_DL_MCAN0_init</name>
         <load_address>0x518</load_address>
         <readonly>true</readonly>
         <executable>true</executable>
         <run_address>0x518</run_address>
         <size>0x10c</size>
         <alignment>0x4</alignment>
         <input_file_ref idref="fl-2"/>
      </object_component>
      <object_component id="oc-dd">
         <name>.text.DL_MCAN_config</name>
         <load_address>0x624</load_address>
         <readonly>true</readonly>
         <executable>true</executable>
         <run_address>0x624</run_address>
         <size>0xe4</size>
         <alignment>0x4</alignment>
         <input_file_ref idref="fl-12"/>
      </object_component>
      <object_component id="oc-dc">
         <name>.text.DL_MCAN_init</name>
         <load_address>0x708</load_address>
         <readonly>true</readonly>
         <executable>true</executable>
         <run_address>0x708</run_address>
         <size>0xdc</size>
         <alignment>0x4</alignment>
         <input_file_ref idref="fl-12"/>
      </object_component>
      <object_component id="oc-d1">
         <name>.text.DL_SYSCTL_configSYSPLL</name>
         <load_address>0x7e4</load_address>
         <readonly>true</readonly>
         <executable>true</executable>
         <run_address>0x7e4</run_address>
         <size>0xdc</size>
         <alignment>0x4</alignment>
         <input_file_ref idref="fl-13"/>
      </object_component>
      <object_component id="oc-de">
         <name>.text.DL_MCAN_setBitTime</name>
         <load_address>0x8c0</load_address>
         <readonly>true</readonly>
         <executable>true</executable>
         <run_address>0x8c0</run_address>
         <size>0xd8</size>
         <alignment>0x4</alignment>
         <input_file_ref idref="fl-12"/>
      </object_component>
      <object_component id="oc-34">
         <name>.text.CANFD0_IRQHandler</name>
         <load_address>0x998</load_address>
         <readonly>true</readonly>
         <executable>true</executable>
         <run_address>0x998</run_address>
         <size>0x50</size>
         <alignment>0x4</alignment>
         <input_file_ref idref="fl-1"/>
      </object_component>
      <object_component id="oc-d9">
         <name>.text.DL_MCAN_getRevisionId</name>
         <load_address>0x9e8</load_address>
         <readonly>true</readonly>
         <executable>true</executable>
         <run_address>0x9e8</run_address>
         <size>0x44</size>
         <alignment>0x2</alignment>
         <input_file_ref idref="fl-12"/>
      </object_component>
      <object_component id="oc-94">
         <name>.text.DL_MCAN_writeRxFIFOAck</name>
         <load_address>0xa2c</load_address>
         <readonly>true</readonly>
         <executable>true</executable>
         <run_address>0xa2c</run_address>
         <size>0x40</size>
         <alignment>0x4</alignment>
         <input_file_ref idref="fl-12"/>
      </object_component>
      <object_component id="oc-b8">
         <name>.text.SYSCFG_DL_SYSCTL_init</name>
         <load_address>0xa6c</load_address>
         <readonly>true</readonly>
         <executable>true</executable>
         <run_address>0xa6c</run_address>
         <size>0x3c</size>
         <alignment>0x4</alignment>
         <input_file_ref idref="fl-2"/>
      </object_component>
      <object_component id="oc-9d">
         <name>.text:__TI_auto_init_nobinit_nopinit</name>
         <load_address>0xaa8</load_address>
         <readonly>true</readonly>
         <executable>true</executable>
         <run_address>0xaa8</run_address>
         <size>0x3c</size>
         <alignment>0x4</alignment>
         <input_file_ref idref="fl-2a"/>
      </object_component>
      <object_component id="oc-92">
         <name>.text.DL_MCAN_getRxFIFOStatus</name>
         <load_address>0xae4</load_address>
         <readonly>true</readonly>
         <executable>true</executable>
         <run_address>0xae4</run_address>
         <size>0x38</size>
         <alignment>0x4</alignment>
         <input_file_ref idref="fl-12"/>
      </object_component>
      <object_component id="oc-e0">
         <name>.text.DL_MCAN_setExtIDAndMask</name>
         <load_address>0xb1c</load_address>
         <readonly>true</readonly>
         <executable>true</executable>
         <run_address>0xb1c</run_address>
         <size>0x34</size>
         <alignment>0x4</alignment>
         <input_file_ref idref="fl-12"/>
      </object_component>
      <object_component id="oc-b6">
         <name>.text.SYSCFG_DL_initPower</name>
         <load_address>0xb50</load_address>
         <readonly>true</readonly>
         <executable>true</executable>
         <run_address>0xb50</run_address>
         <size>0x34</size>
         <alignment>0x4</alignment>
         <input_file_ref idref="fl-2"/>
      </object_component>
      <object_component id="oc-b7">
         <name>.text.SYSCFG_DL_GPIO_init</name>
         <load_address>0xb84</load_address>
         <readonly>true</readonly>
         <executable>true</executable>
         <run_address>0xb84</run_address>
         <size>0x2c</size>
         <alignment>0x4</alignment>
         <input_file_ref idref="fl-2"/>
      </object_component>
      <object_component id="oc-54">
         <name>.text:_c_int00_noargs</name>
         <load_address>0xbb0</load_address>
         <readonly>true</readonly>
         <executable>true</executable>
         <run_address>0xbb0</run_address>
         <size>0x28</size>
         <alignment>0x4</alignment>
         <input_file_ref idref="fl-25"/>
      </object_component>
      <object_component id="oc-d8">
         <name>.text.DL_MCAN_setClockConfig</name>
         <load_address>0xbd8</load_address>
         <readonly>true</readonly>
         <executable>true</executable>
         <run_address>0xbd8</run_address>
         <size>0x24</size>
         <alignment>0x4</alignment>
         <input_file_ref idref="fl-12"/>
      </object_component>
      <object_component id="oc-bb">
         <name>.text.SYSCFG_DL_SYSCTL_CLK_init</name>
         <load_address>0xbfc</load_address>
         <readonly>true</readonly>
         <executable>true</executable>
         <run_address>0xbfc</run_address>
         <size>0x24</size>
         <alignment>0x4</alignment>
         <input_file_ref idref="fl-2"/>
      </object_component>
      <object_component id="oc-e1">
         <name>.text.DL_MCAN_enableIntr</name>
         <load_address>0xc20</load_address>
         <readonly>true</readonly>
         <executable>true</executable>
         <run_address>0xc20</run_address>
         <size>0x1c</size>
         <alignment>0x4</alignment>
         <input_file_ref idref="fl-12"/>
      </object_component>
      <object_component id="oc-e3">
         <name>.text.DL_MCAN_enableIntrLine</name>
         <load_address>0xc3c</load_address>
         <readonly>true</readonly>
         <executable>true</executable>
         <run_address>0xc3c</run_address>
         <size>0x1c</size>
         <alignment>0x4</alignment>
         <input_file_ref idref="fl-12"/>
      </object_component>
      <object_component id="oc-e2">
         <name>.text.DL_MCAN_selectIntrLine</name>
         <load_address>0xc58</load_address>
         <readonly>true</readonly>
         <executable>true</executable>
         <run_address>0xc58</run_address>
         <size>0x1c</size>
         <alignment>0x4</alignment>
         <input_file_ref idref="fl-12"/>
      </object_component>
      <object_component id="oc-db">
         <name>.text.DL_MCAN_setOpMode</name>
         <load_address>0xc74</load_address>
         <readonly>true</readonly>
         <executable>true</executable>
         <run_address>0xc74</run_address>
         <size>0x18</size>
         <alignment>0x4</alignment>
         <input_file_ref idref="fl-12"/>
      </object_component>
      <object_component id="oc-8c">
         <name>.text.SYSCFG_DL_init</name>
         <load_address>0xc8c</load_address>
         <readonly>true</readonly>
         <executable>true</executable>
         <run_address>0xc8c</run_address>
         <size>0x18</size>
         <alignment>0x2</alignment>
         <input_file_ref idref="fl-2"/>
      </object_component>
      <object_component id="oc-4b">
         <name>.text:decompress:ZI:__TI_zero_init_nomemset</name>
         <load_address>0xca4</load_address>
         <readonly>true</readonly>
         <executable>true</executable>
         <run_address>0xca4</run_address>
         <size>0x16</size>
         <alignment>0x2</alignment>
         <input_file_ref idref="fl-22"/>
      </object_component>
      <object_component id="oc-33">
         <name>.text.Default_Handler</name>
         <load_address>0xcba</load_address>
         <readonly>true</readonly>
         <executable>true</executable>
         <run_address>0xcba</run_address>
         <size>0x2</size>
         <alignment>0x2</alignment>
         <input_file_ref idref="fl-3"/>
      </object_component>
      <object_component id="oc-61">
         <name>.text.DL_MCAN_clearIntrStatus</name>
         <load_address>0xcbc</load_address>
         <readonly>true</readonly>
         <executable>true</executable>
         <run_address>0xcbc</run_address>
         <size>0x14</size>
         <alignment>0x4</alignment>
         <input_file_ref idref="fl-12"/>
      </object_component>
      <object_component id="oc-91">
         <name>.text.DL_MCAN_getOpMode</name>
         <load_address>0xcd0</load_address>
         <readonly>true</readonly>
         <executable>true</executable>
         <run_address>0xcd0</run_address>
         <size>0x10</size>
         <alignment>0x4</alignment>
         <input_file_ref idref="fl-12"/>
      </object_component>
      <object_component id="oc-da">
         <name>.text.DL_MCAN_isMemInitDone</name>
         <load_address>0xce0</load_address>
         <readonly>true</readonly>
         <executable>true</executable>
         <run_address>0xce0</run_address>
         <size>0x10</size>
         <alignment>0x4</alignment>
         <input_file_ref idref="fl-12"/>
      </object_component>
      <object_component id="oc-5b">
         <name>.text.DL_MCAN_getIntrStatus</name>
         <load_address>0xcf0</load_address>
         <readonly>true</readonly>
         <executable>true</executable>
         <run_address>0xcf0</run_address>
         <size>0xc</size>
         <alignment>0x4</alignment>
         <input_file_ref idref="fl-12"/>
      </object_component>
      <object_component id="oc-cd">
         <name>.text.DL_Common_delayCycles</name>
         <load_address>0xcfc</load_address>
         <readonly>true</readonly>
         <executable>true</executable>
         <run_address>0xcfc</run_address>
         <size>0xa</size>
         <alignment>0x2</alignment>
         <input_file_ref idref="fl-11"/>
      </object_component>
      <object_component id="oc-2f">
         <name>.text.Reset_Handler</name>
         <load_address>0xd06</load_address>
         <readonly>true</readonly>
         <executable>true</executable>
         <run_address>0xd06</run_address>
         <size>0x4</size>
         <alignment>0x2</alignment>
         <input_file_ref idref="fl-3"/>
      </object_component>
      <object_component id="oc-71">
         <name>.text._system_pre_init</name>
         <load_address>0xd0a</load_address>
         <readonly>true</readonly>
         <executable>true</executable>
         <run_address>0xd0a</run_address>
         <size>0x4</size>
         <alignment>0x2</alignment>
         <input_file_ref idref="fl-2b"/>
      </object_component>
      <object_component id="oc-96">
         <name>.text:abort</name>
         <load_address>0xd0e</load_address>
         <readonly>true</readonly>
         <executable>true</executable>
         <run_address>0xd0e</run_address>
         <size>0x4</size>
         <alignment>0x2</alignment>
         <input_file_ref idref="fl-27"/>
      </object_component>
      <object_component id="oc-137">
         <name>.cinit..bss.load</name>
         <load_address>0xe88</load_address>
         <readonly>true</readonly>
         <run_address>0xe88</run_address>
         <size>0x8</size>
         <alignment>0x4</alignment>
      </object_component>
      <object_component id="oc-135">
         <name>__TI_handler_table</name>
         <load_address>0xe90</load_address>
         <readonly>true</readonly>
         <run_address>0xe90</run_address>
         <size>0x4</size>
         <alignment>0x4</alignment>
      </object_component>
      <object_component id="oc-136">
         <name>__TI_cinit_table</name>
         <load_address>0xe94</load_address>
         <readonly>true</readonly>
         <run_address>0xe94</run_address>
         <size>0x8</size>
         <alignment>0x4</alignment>
      </object_component>
      <object_component id="oc-e8">
         <name>.rodata.gMCAN0MsgRAMConfigParams</name>
         <load_address>0xd18</load_address>
         <readonly>true</readonly>
         <run_address>0xd18</run_address>
         <size>0x60</size>
         <alignment>0x4</alignment>
         <input_file_ref idref="fl-2"/>
      </object_component>
      <object_component id="oc-bf">
         <name>.rodata..L__const.DL_MCAN_getDataSize.dataSize</name>
         <load_address>0xd78</load_address>
         <readonly>true</readonly>
         <run_address>0xd78</run_address>
         <size>0x40</size>
         <alignment>0x4</alignment>
         <input_file_ref idref="fl-12"/>
      </object_component>
      <object_component id="oc-e5">
         <name>.rodata.gMCAN0InitParams</name>
         <load_address>0xdb8</load_address>
         <readonly>true</readonly>
         <run_address>0xdb8</run_address>
         <size>0x34</size>
         <alignment>0x4</alignment>
         <input_file_ref idref="fl-2"/>
      </object_component>
      <object_component id="oc-e6">
         <name>.rodata.gMCAN0ConfigParams</name>
         <load_address>0xdec</load_address>
         <readonly>true</readonly>
         <run_address>0xdec</run_address>
         <size>0x2c</size>
         <alignment>0x4</alignment>
         <input_file_ref idref="fl-2"/>
      </object_component>
      <object_component id="oc-d7">
         <name>.rodata.gSYSPLLConfig</name>
         <load_address>0xe18</load_address>
         <readonly>true</readonly>
         <run_address>0xe18</run_address>
         <size>0x28</size>
         <alignment>0x4</alignment>
         <input_file_ref idref="fl-2"/>
      </object_component>
      <object_component id="oc-be">
         <name>.rodata.cst32</name>
         <load_address>0xe40</load_address>
         <readonly>true</readonly>
         <run_address>0xe40</run_address>
         <size>0x20</size>
         <alignment>0x4</alignment>
         <input_file_ref idref="fl-12"/>
      </object_component>
      <object_component id="oc-e7">
         <name>.rodata.gMCAN0BitTimes</name>
         <load_address>0xe60</load_address>
         <readonly>true</readonly>
         <run_address>0xe60</run_address>
         <size>0x20</size>
         <alignment>0x4</alignment>
         <input_file_ref idref="fl-2"/>
      </object_component>
      <object_component id="oc-e4">
         <name>.rodata.gMCAN0ClockConf</name>
         <load_address>0xe80</load_address>
         <readonly>true</readonly>
         <run_address>0xe80</run_address>
         <size>0x4</size>
         <alignment>0x2</alignment>
         <input_file_ref idref="fl-2"/>
      </object_component>
      <object_component id="oc-ff">
         <name>.binit</name>
         <load_address>0x0</load_address>
         <readonly>true</readonly>
         <run_address>0x0</run_address>
         <size>0x0</size>
         <alignment>0x4</alignment>
      </object_component>
      <object_component id="oc-63">
         <name>.common:gServiceInt</name>
         <uninitialized>true</uninitialized>
         <readwrite>true</readwrite>
         <run_address>0x20200014</run_address>
         <size>0x1</size>
         <alignment>0x1</alignment>
      </object_component>
      <object_component id="oc-62">
         <name>.common:gInterruptLine1Status</name>
         <uninitialized>true</uninitialized>
         <readwrite>true</readwrite>
         <run_address>0x20200010</run_address>
         <size>0x4</size>
         <alignment>0x4</alignment>
      </object_component>
      <object_component id="oc-95">
         <name>.common:success</name>
         <uninitialized>true</uninitialized>
         <readwrite>true</readwrite>
         <run_address>0x20200008</run_address>
         <size>0x8</size>
         <alignment>0x8</alignment>
      </object_component>
      <object_component id="oc-64">
         <name>.common:irq</name>
         <uninitialized>true</uninitialized>
         <readwrite>true</readwrite>
         <run_address>0x20200000</run_address>
         <size>0x8</size>
         <alignment>0x8</alignment>
      </object_component>
      <object_component id="oc-1a">
         <name>.stack</name>
         <uninitialized>true</uninitialized>
         <readwrite>true</readwrite>
         <run_address>0x20207e00</run_address>
         <size>0x4</size>
         <alignment>0x4</alignment>
         <input_file_ref idref="fl-25"/>
      </object_component>
      <object_component id="oc-139">
         <name>.stack</name>
         <uninitialized>true</uninitialized>
         <readwrite>true</readwrite>
         <run_address>0x20207e00</run_address>
         <size>0x0</size>
         <alignment>0x8</alignment>
      </object_component>
      <object_component id="oc-67">
         <name>.debug_loc</name>
         <load_address>0x0</load_address>
         <run_address>0x0</run_address>
         <size>0x57</size>
         <alignment>0x1</alignment>
         <input_file_ref idref="fl-1"/>
      </object_component>
      <object_component id="oc-b9">
         <name>.debug_loc</name>
         <load_address>0x57</load_address>
         <run_address>0x57</run_address>
         <size>0x1b</size>
         <alignment>0x1</alignment>
         <input_file_ref idref="fl-2"/>
      </object_component>
      <object_component id="oc-5e">
         <name>.debug_loc</name>
         <load_address>0x72</load_address>
         <run_address>0x72</run_address>
         <size>0x354d</size>
         <alignment>0x1</alignment>
         <input_file_ref idref="fl-12"/>
      </object_component>
      <object_component id="oc-d3">
         <name>.debug_loc</name>
         <load_address>0x35bf</load_address>
         <run_address>0x35bf</run_address>
         <size>0x414</size>
         <alignment>0x1</alignment>
         <input_file_ref idref="fl-13"/>
      </object_component>
      <object_component id="oc-4e">
         <name>.debug_loc</name>
         <load_address>0x39d3</load_address>
         <run_address>0x39d3</run_address>
         <size>0x16c</size>
         <alignment>0x1</alignment>
         <input_file_ref idref="fl-22"/>
      </object_component>
      <object_component id="oc-3f">
         <name>.debug_loc</name>
         <load_address>0x3b3f</load_address>
         <run_address>0x3b3f</run_address>
         <size>0xd8</size>
         <alignment>0x1</alignment>
         <input_file_ref idref="fl-25"/>
      </object_component>
      <object_component id="oc-9c">
         <name>.debug_loc</name>
         <load_address>0x3c17</load_address>
         <run_address>0x3c17</run_address>
         <size>0x26</size>
         <alignment>0x1</alignment>
         <input_file_ref idref="fl-27"/>
      </object_component>
      <object_component id="oc-9e">
         <name>.debug_loc</name>
         <load_address>0x3c3d</load_address>
         <run_address>0x3c3d</run_address>
         <size>0x480</size>
         <alignment>0x1</alignment>
         <input_file_ref idref="fl-2a"/>
      </object_component>
      <object_component id="oc-65">
         <name>.debug_abbrev</name>
         <load_address>0x0</load_address>
         <run_address>0x0</run_address>
         <size>0x204</size>
         <alignment>0x1</alignment>
         <input_file_ref idref="fl-1"/>
      </object_component>
      <object_component id="oc-bc">
         <name>.debug_abbrev</name>
         <load_address>0x204</load_address>
         <run_address>0x204</run_address>
         <size>0x212</size>
         <alignment>0x1</alignment>
         <input_file_ref idref="fl-2"/>
      </object_component>
      <object_component id="oc-39">
         <name>.debug_abbrev</name>
         <load_address>0x416</load_address>
         <run_address>0x416</run_address>
         <size>0x6d</size>
         <alignment>0x1</alignment>
         <input_file_ref idref="fl-3"/>
      </object_component>
      <object_component id="oc-f2">
         <name>.debug_abbrev</name>
         <load_address>0x483</load_address>
         <run_address>0x483</run_address>
         <size>0x53</size>
         <alignment>0x1</alignment>
         <input_file_ref idref="fl-11"/>
      </object_component>
      <object_component id="oc-80">
         <name>.debug_abbrev</name>
         <load_address>0x4d6</load_address>
         <run_address>0x4d6</run_address>
         <size>0x221</size>
         <alignment>0x1</alignment>
         <input_file_ref idref="fl-12"/>
      </object_component>
      <object_component id="oc-f4">
         <name>.debug_abbrev</name>
         <load_address>0x6f7</load_address>
         <run_address>0x6f7</run_address>
         <size>0x259</size>
         <alignment>0x1</alignment>
         <input_file_ref idref="fl-13"/>
      </object_component>
      <object_component id="oc-6a">
         <name>.debug_abbrev</name>
         <load_address>0x950</load_address>
         <run_address>0x950</run_address>
         <size>0xc2</size>
         <alignment>0x1</alignment>
         <input_file_ref idref="fl-22"/>
      </object_component>
      <object_component id="oc-3b">
         <name>.debug_abbrev</name>
         <load_address>0xa12</load_address>
         <run_address>0xa12</run_address>
         <size>0xaf</size>
         <alignment>0x1</alignment>
         <input_file_ref idref="fl-25"/>
      </object_component>
      <object_component id="oc-c0">
         <name>.debug_abbrev</name>
         <load_address>0xac1</load_address>
         <run_address>0xac1</run_address>
         <size>0xb3</size>
         <alignment>0x1</alignment>
         <input_file_ref idref="fl-27"/>
      </object_component>
      <object_component id="oc-c6">
         <name>.debug_abbrev</name>
         <load_address>0xb74</load_address>
         <run_address>0xb74</run_address>
         <size>0x186</size>
         <alignment>0x1</alignment>
         <input_file_ref idref="fl-2a"/>
      </object_component>
      <object_component id="oc-8a">
         <name>.debug_abbrev</name>
         <load_address>0xcfa</load_address>
         <run_address>0xcfa</run_address>
         <size>0x39</size>
         <alignment>0x1</alignment>
         <input_file_ref idref="fl-2b"/>
      </object_component>
      <object_component id="oc-13b">
         <name>.debug_abbrev</name>
         <load_address>0xd33</load_address>
         <run_address>0xd33</run_address>
         <size>0xf</size>
         <alignment>0x0</alignment>
      </object_component>
      <object_component id="oc-35">
         <name>.debug_info</name>
         <load_address>0x0</load_address>
         <run_address>0x0</run_address>
         <size>0x14a7</size>
         <alignment>0x1</alignment>
         <input_file_ref idref="fl-1"/>
      </object_component>
      <object_component id="oc-8e">
         <name>.debug_info</name>
         <load_address>0x14a7</load_address>
         <run_address>0x14a7</run_address>
         <size>0x2ff9</size>
         <alignment>0x1</alignment>
         <input_file_ref idref="fl-2"/>
      </object_component>
      <object_component id="oc-19">
         <name>.debug_info</name>
         <load_address>0x44a0</load_address>
         <run_address>0x44a0</run_address>
         <size>0x80</size>
         <alignment>0x1</alignment>
         <input_file_ref idref="fl-3"/>
      </object_component>
      <object_component id="oc-cf">
         <name>.debug_info</name>
         <load_address>0x4520</load_address>
         <run_address>0x4520</run_address>
         <size>0x66</size>
         <alignment>0x1</alignment>
         <input_file_ref idref="fl-11"/>
      </object_component>
      <object_component id="oc-5f">
         <name>.debug_info</name>
         <load_address>0x4586</load_address>
         <run_address>0x4586</run_address>
         <size>0x64f0</size>
         <alignment>0x1</alignment>
         <input_file_ref idref="fl-12"/>
      </object_component>
      <object_component id="oc-d2">
         <name>.debug_info</name>
         <load_address>0xaa76</load_address>
         <run_address>0xaa76</run_address>
         <size>0x1f76</size>
         <alignment>0x1</alignment>
         <input_file_ref idref="fl-13"/>
      </object_component>
      <object_component id="oc-4c">
         <name>.debug_info</name>
         <load_address>0xc9ec</load_address>
         <run_address>0xc9ec</run_address>
         <size>0x192</size>
         <alignment>0x1</alignment>
         <input_file_ref idref="fl-22"/>
      </object_component>
      <object_component id="oc-1b">
         <name>.debug_info</name>
         <load_address>0xcb7e</load_address>
         <run_address>0xcb7e</run_address>
         <size>0x423</size>
         <alignment>0x1</alignment>
         <input_file_ref idref="fl-25"/>
      </object_component>
      <object_component id="oc-99">
         <name>.debug_info</name>
         <load_address>0xcfa1</load_address>
         <run_address>0xcfa1</run_address>
         <size>0xed</size>
         <alignment>0x1</alignment>
         <input_file_ref idref="fl-27"/>
      </object_component>
      <object_component id="oc-9f">
         <name>.debug_info</name>
         <load_address>0xd08e</load_address>
         <run_address>0xd08e</run_address>
         <size>0x74a</size>
         <alignment>0x1</alignment>
         <input_file_ref idref="fl-2a"/>
      </object_component>
      <object_component id="oc-73">
         <name>.debug_info</name>
         <load_address>0xd7d8</load_address>
         <run_address>0xd7d8</run_address>
         <size>0x46</size>
         <alignment>0x1</alignment>
         <input_file_ref idref="fl-2b"/>
      </object_component>
      <object_component id="oc-13a">
         <name>.debug_info</name>
         <load_address>0xd81e</load_address>
         <run_address>0xd81e</run_address>
         <size>0xc2</size>
         <alignment>0x0</alignment>
      </object_component>
      <object_component id="oc-36">
         <name>.debug_ranges</name>
         <load_address>0x0</load_address>
         <run_address>0x0</run_address>
         <size>0x30</size>
         <alignment>0x1</alignment>
         <input_file_ref idref="fl-1"/>
      </object_component>
      <object_component id="oc-90">
         <name>.debug_ranges</name>
         <load_address>0x30</load_address>
         <run_address>0x30</run_address>
         <size>0x58</size>
         <alignment>0x1</alignment>
         <input_file_ref idref="fl-2"/>
      </object_component>
      <object_component id="oc-32">
         <name>.debug_ranges</name>
         <load_address>0x88</load_address>
         <run_address>0x88</run_address>
         <size>0x18</size>
         <alignment>0x1</alignment>
         <input_file_ref idref="fl-3"/>
      </object_component>
      <object_component id="oc-60">
         <name>.debug_ranges</name>
         <load_address>0xa0</load_address>
         <run_address>0xa0</run_address>
         <size>0x418</size>
         <alignment>0x1</alignment>
         <input_file_ref idref="fl-12"/>
      </object_component>
      <object_component id="oc-d6">
         <name>.debug_ranges</name>
         <load_address>0x4b8</load_address>
         <run_address>0x4b8</run_address>
         <size>0x1a8</size>
         <alignment>0x1</alignment>
         <input_file_ref idref="fl-13"/>
      </object_component>
      <object_component id="oc-4f">
         <name>.debug_ranges</name>
         <load_address>0x660</load_address>
         <run_address>0x660</run_address>
         <size>0x18</size>
         <alignment>0x1</alignment>
         <input_file_ref idref="fl-22"/>
      </object_component>
      <object_component id="oc-3e">
         <name>.debug_ranges</name>
         <load_address>0x678</load_address>
         <run_address>0x678</run_address>
         <size>0x48</size>
         <alignment>0x1</alignment>
         <input_file_ref idref="fl-25"/>
      </object_component>
      <object_component id="oc-97">
         <name>.debug_ranges</name>
         <load_address>0x6c0</load_address>
         <run_address>0x6c0</run_address>
         <size>0x18</size>
         <alignment>0x1</alignment>
         <input_file_ref idref="fl-27"/>
      </object_component>
      <object_component id="oc-a0">
         <name>.debug_ranges</name>
         <load_address>0x6d8</load_address>
         <run_address>0x6d8</run_address>
         <size>0xa8</size>
         <alignment>0x1</alignment>
         <input_file_ref idref="fl-2a"/>
      </object_component>
      <object_component id="oc-66">
         <name>.debug_str</name>
         <load_address>0x0</load_address>
         <run_address>0x0</run_address>
         <size>0xfe0</size>
         <alignment>0x1</alignment>
         <input_file_ref idref="fl-1"/>
      </object_component>
      <object_component id="oc-bd">
         <name>.debug_str</name>
         <load_address>0xfe0</load_address>
         <run_address>0xfe0</run_address>
         <size>0x2103</size>
         <alignment>0x1</alignment>
         <input_file_ref idref="fl-2"/>
      </object_component>
      <object_component id="oc-3a">
         <name>.debug_str</name>
         <load_address>0x30e3</load_address>
         <run_address>0x30e3</run_address>
         <size>0x179</size>
         <alignment>0x1</alignment>
         <input_file_ref idref="fl-3"/>
      </object_component>
      <object_component id="oc-f3">
         <name>.debug_str</name>
         <load_address>0x325c</load_address>
         <run_address>0x325c</run_address>
         <size>0x16f</size>
         <alignment>0x1</alignment>
         <input_file_ref idref="fl-11"/>
      </object_component>
      <object_component id="oc-81">
         <name>.debug_str</name>
         <load_address>0x33cb</load_address>
         <run_address>0x33cb</run_address>
         <size>0x24c3</size>
         <alignment>0x1</alignment>
         <input_file_ref idref="fl-12"/>
      </object_component>
      <object_component id="oc-f5">
         <name>.debug_str</name>
         <load_address>0x588e</load_address>
         <run_address>0x588e</run_address>
         <size>0x16bc</size>
         <alignment>0x1</alignment>
         <input_file_ref idref="fl-13"/>
      </object_component>
      <object_component id="oc-6b">
         <name>.debug_str</name>
         <load_address>0x6f4a</load_address>
         <run_address>0x6f4a</run_address>
         <size>0x19b</size>
         <alignment>0x1</alignment>
         <input_file_ref idref="fl-22"/>
      </object_component>
      <object_component id="oc-3c">
         <name>.debug_str</name>
         <load_address>0x70e5</load_address>
         <run_address>0x70e5</run_address>
         <size>0x225</size>
         <alignment>0x1</alignment>
         <input_file_ref idref="fl-25"/>
      </object_component>
      <object_component id="oc-c1">
         <name>.debug_str</name>
         <load_address>0x730a</load_address>
         <run_address>0x730a</run_address>
         <size>0x13f</size>
         <alignment>0x1</alignment>
         <input_file_ref idref="fl-27"/>
      </object_component>
      <object_component id="oc-c7">
         <name>.debug_str</name>
         <load_address>0x7449</load_address>
         <run_address>0x7449</run_address>
         <size>0x32f</size>
         <alignment>0x1</alignment>
         <input_file_ref idref="fl-2a"/>
      </object_component>
      <object_component id="oc-8b">
         <name>.debug_str</name>
         <load_address>0x7778</load_address>
         <run_address>0x7778</run_address>
         <size>0xf5</size>
         <alignment>0x1</alignment>
         <input_file_ref idref="fl-2b"/>
      </object_component>
      <object_component id="oc-37">
         <name>.debug_frame</name>
         <load_address>0x0</load_address>
         <run_address>0x0</run_address>
         <size>0x3c</size>
         <alignment>0x4</alignment>
         <input_file_ref idref="fl-1"/>
      </object_component>
      <object_component id="oc-8f">
         <name>.debug_frame</name>
         <load_address>0x3c</load_address>
         <run_address>0x3c</run_address>
         <size>0x98</size>
         <alignment>0x4</alignment>
         <input_file_ref idref="fl-2"/>
      </object_component>
      <object_component id="oc-31">
         <name>.debug_frame</name>
         <load_address>0xd4</load_address>
         <run_address>0xd4</run_address>
         <size>0x30</size>
         <alignment>0x4</alignment>
         <input_file_ref idref="fl-3"/>
      </object_component>
      <object_component id="oc-ce">
         <name>.debug_frame</name>
         <load_address>0x104</load_address>
         <run_address>0x104</run_address>
         <size>0x20</size>
         <alignment>0x4</alignment>
         <input_file_ref idref="fl-11"/>
      </object_component>
      <object_component id="oc-5c">
         <name>.debug_frame</name>
         <load_address>0x124</load_address>
         <run_address>0x124</run_address>
         <size>0x6b0</size>
         <alignment>0x4</alignment>
         <input_file_ref idref="fl-12"/>
      </object_component>
      <object_component id="oc-d5">
         <name>.debug_frame</name>
         <load_address>0x7d4</load_address>
         <run_address>0x7d4</run_address>
         <size>0x12c</size>
         <alignment>0x4</alignment>
         <input_file_ref idref="fl-13"/>
      </object_component>
      <object_component id="oc-4d">
         <name>.debug_frame</name>
         <load_address>0x900</load_address>
         <run_address>0x900</run_address>
         <size>0x38</size>
         <alignment>0x4</alignment>
         <input_file_ref idref="fl-22"/>
      </object_component>
      <object_component id="oc-53">
         <name>.debug_frame</name>
         <load_address>0x938</load_address>
         <run_address>0x938</run_address>
         <size>0x90</size>
         <alignment>0x4</alignment>
         <input_file_ref idref="fl-25"/>
      </object_component>
      <object_component id="oc-9a">
         <name>.debug_frame</name>
         <load_address>0x9c8</load_address>
         <run_address>0x9c8</run_address>
         <size>0x30</size>
         <alignment>0x4</alignment>
         <input_file_ref idref="fl-27"/>
      </object_component>
      <object_component id="oc-a1">
         <name>.debug_frame</name>
         <load_address>0x9f8</load_address>
         <run_address>0x9f8</run_address>
         <size>0x100</size>
         <alignment>0x4</alignment>
         <input_file_ref idref="fl-2a"/>
      </object_component>
      <object_component id="oc-72">
         <name>.debug_frame</name>
         <load_address>0xaf8</load_address>
         <run_address>0xaf8</run_address>
         <size>0x20</size>
         <alignment>0x4</alignment>
         <input_file_ref idref="fl-2b"/>
      </object_component>
      <object_component id="oc-38">
         <name>.debug_line</name>
         <load_address>0x0</load_address>
         <run_address>0x0</run_address>
         <size>0x394</size>
         <alignment>0x1</alignment>
         <input_file_ref idref="fl-1"/>
      </object_component>
      <object_component id="oc-8d">
         <name>.debug_line</name>
         <load_address>0x394</load_address>
         <run_address>0x394</run_address>
         <size>0x4b4</size>
         <alignment>0x1</alignment>
         <input_file_ref idref="fl-2"/>
      </object_component>
      <object_component id="oc-30">
         <name>.debug_line</name>
         <load_address>0x848</load_address>
         <run_address>0x848</run_address>
         <size>0xba</size>
         <alignment>0x1</alignment>
         <input_file_ref idref="fl-3"/>
      </object_component>
      <object_component id="oc-d0">
         <name>.debug_line</name>
         <load_address>0x902</load_address>
         <run_address>0x902</run_address>
         <size>0xe5</size>
         <alignment>0x1</alignment>
         <input_file_ref idref="fl-11"/>
      </object_component>
      <object_component id="oc-5d">
         <name>.debug_line</name>
         <load_address>0x9e7</load_address>
         <run_address>0x9e7</run_address>
         <size>0x236d</size>
         <alignment>0x1</alignment>
         <input_file_ref idref="fl-12"/>
      </object_component>
      <object_component id="oc-d4">
         <name>.debug_line</name>
         <load_address>0x2d54</load_address>
         <run_address>0x2d54</run_address>
         <size>0x8e4</size>
         <alignment>0x1</alignment>
         <input_file_ref idref="fl-13"/>
      </object_component>
      <object_component id="oc-50">
         <name>.debug_line</name>
         <load_address>0x3638</load_address>
         <run_address>0x3638</run_address>
         <size>0xf8</size>
         <alignment>0x1</alignment>
         <input_file_ref idref="fl-22"/>
      </object_component>
      <object_component id="oc-3d">
         <name>.debug_line</name>
         <load_address>0x3730</load_address>
         <run_address>0x3730</run_address>
         <size>0x1fe</size>
         <alignment>0x1</alignment>
         <input_file_ref idref="fl-25"/>
      </object_component>
      <object_component id="oc-98">
         <name>.debug_line</name>
         <load_address>0x392e</load_address>
         <run_address>0x392e</run_address>
         <size>0x6b</size>
         <alignment>0x1</alignment>
         <input_file_ref idref="fl-27"/>
      </object_component>
      <object_component id="oc-a2">
         <name>.debug_line</name>
         <load_address>0x3999</load_address>
         <run_address>0x3999</run_address>
         <size>0x4fb</size>
         <alignment>0x1</alignment>
         <input_file_ref idref="fl-2a"/>
      </object_component>
      <object_component id="oc-74">
         <name>.debug_line</name>
         <load_address>0x3e94</load_address>
         <run_address>0x3e94</run_address>
         <size>0x3e</size>
         <alignment>0x1</alignment>
         <input_file_ref idref="fl-2b"/>
      </object_component>
   </object_component_list>
   <logical_group_list>
      <logical_group id="lg-2" display="no" color="cyan">
         <name>.intvecs</name>
         <load_address>0x0</load_address>
         <run_address>0x0</run_address>
         <size>0xc0</size>
         <contents>
            <object_component_ref idref="oc-18"/>
         </contents>
      </logical_group>
      <logical_group id="lg-3" display="no" color="cyan">
         <name>.text</name>
         <load_address>0xc0</load_address>
         <run_address>0xc0</run_address>
         <size>0xc58</size>
         <contents>
            <object_component_ref idref="oc-df"/>
            <object_component_ref idref="oc-93"/>
            <object_component_ref idref="oc-75"/>
            <object_component_ref idref="oc-ba"/>
            <object_component_ref idref="oc-dd"/>
            <object_component_ref idref="oc-dc"/>
            <object_component_ref idref="oc-d1"/>
            <object_component_ref idref="oc-de"/>
            <object_component_ref idref="oc-34"/>
            <object_component_ref idref="oc-d9"/>
            <object_component_ref idref="oc-94"/>
            <object_component_ref idref="oc-b8"/>
            <object_component_ref idref="oc-9d"/>
            <object_component_ref idref="oc-92"/>
            <object_component_ref idref="oc-e0"/>
            <object_component_ref idref="oc-b6"/>
            <object_component_ref idref="oc-b7"/>
            <object_component_ref idref="oc-54"/>
            <object_component_ref idref="oc-d8"/>
            <object_component_ref idref="oc-bb"/>
            <object_component_ref idref="oc-e1"/>
            <object_component_ref idref="oc-e3"/>
            <object_component_ref idref="oc-e2"/>
            <object_component_ref idref="oc-db"/>
            <object_component_ref idref="oc-8c"/>
            <object_component_ref idref="oc-4b"/>
            <object_component_ref idref="oc-33"/>
            <object_component_ref idref="oc-61"/>
            <object_component_ref idref="oc-91"/>
            <object_component_ref idref="oc-da"/>
            <object_component_ref idref="oc-5b"/>
            <object_component_ref idref="oc-cd"/>
            <object_component_ref idref="oc-2f"/>
            <object_component_ref idref="oc-71"/>
            <object_component_ref idref="oc-96"/>
         </contents>
      </logical_group>
      <logical_group id="lg-4" display="no" color="cyan">
         <name>.const</name>
         <run_address>0x0</run_address>
         <size>0x0</size>
         <contents>
         </contents>
      </logical_group>
      <logical_group id="lg-5" display="no" color="cyan">
         <name>.cinit</name>
         <load_address>0xe88</load_address>
         <run_address>0xe88</run_address>
         <size>0x18</size>
         <contents>
            <object_component_ref idref="oc-137"/>
            <object_component_ref idref="oc-135"/>
            <object_component_ref idref="oc-136"/>
         </contents>
      </logical_group>
      <logical_group id="lg-6" display="no" color="cyan">
         <name>.pinit</name>
         <run_address>0x0</run_address>
         <size>0x0</size>
         <contents>
         </contents>
      </logical_group>
      <logical_group id="lg-7" display="no" color="cyan">
         <name>.rodata</name>
         <load_address>0xd18</load_address>
         <run_address>0xd18</run_address>
         <size>0x170</size>
         <contents>
            <object_component_ref idref="oc-e8"/>
            <object_component_ref idref="oc-bf"/>
            <object_component_ref idref="oc-e5"/>
            <object_component_ref idref="oc-e6"/>
            <object_component_ref idref="oc-d7"/>
            <object_component_ref idref="oc-be"/>
            <object_component_ref idref="oc-e7"/>
            <object_component_ref idref="oc-e4"/>
         </contents>
      </logical_group>
      <logical_group id="lg-8" display="no" color="cyan">
         <name>.ARM.exidx</name>
         <run_address>0x0</run_address>
         <size>0x0</size>
         <contents>
         </contents>
      </logical_group>
      <logical_group id="lg-9" display="no" color="cyan">
         <name>.init_array</name>
         <run_address>0x0</run_address>
         <size>0x0</size>
         <contents>
         </contents>
      </logical_group>
      <logical_group id="lg-a" display="no" color="cyan">
         <name>.binit</name>
         <load_address>0x0</load_address>
         <run_address>0x0</run_address>
         <size>0x0</size>
         <contents>
            <object_component_ref idref="oc-ff"/>
         </contents>
      </logical_group>
      <logical_group id="lg-b" display="no" color="cyan">
         <name>.TI.ramfunc</name>
         <run_address>0x0</run_address>
         <size>0x0</size>
         <contents>
         </contents>
      </logical_group>
      <logical_group id="lg-c" display="no" color="cyan">
         <name>.vtable</name>
         <run_address>0x0</run_address>
         <size>0x0</size>
         <contents>
         </contents>
      </logical_group>
      <logical_group id="lg-d" display="no" color="cyan">
         <name>.args</name>
         <run_address>0x0</run_address>
         <size>0x0</size>
         <contents>
         </contents>
      </logical_group>
      <logical_group id="lg-e" display="no" color="cyan">
         <name>.data</name>
         <run_address>0x0</run_address>
         <size>0x0</size>
         <contents>
         </contents>
      </logical_group>
      <logical_group id="lg-f" display="no" color="cyan">
         <name>.bss</name>
         <run_address>0x20200000</run_address>
         <size>0x15</size>
         <contents>
            <object_component_ref idref="oc-63"/>
            <object_component_ref idref="oc-62"/>
            <object_component_ref idref="oc-95"/>
            <object_component_ref idref="oc-64"/>
         </contents>
      </logical_group>
      <logical_group id="lg-10" display="no" color="cyan">
         <name>.sysmem</name>
         <run_address>0x0</run_address>
         <size>0x0</size>
         <contents>
         </contents>
      </logical_group>
      <logical_group id="lg-11" display="no" color="cyan">
         <name>.stack</name>
         <run_address>0x20207e00</run_address>
         <size>0x200</size>
         <contents>
            <object_component_ref idref="oc-1a"/>
            <object_component_ref idref="oc-139"/>
         </contents>
      </logical_group>
      <logical_group id="lg-12" display="no" color="cyan">
         <name>.BCRConfig</name>
         <run_address>0x0</run_address>
         <size>0x0</size>
         <contents>
         </contents>
      </logical_group>
      <logical_group id="lg-13" display="no" color="cyan">
         <name>.BSLConfig</name>
         <run_address>0x0</run_address>
         <size>0x0</size>
         <contents>
         </contents>
      </logical_group>
      <logical_group id="lg-f6" display="no" color="cyan">
         <name>.TI.noinit</name>
         <run_address>0x0</run_address>
         <size>0x0</size>
         <contents>
         </contents>
      </logical_group>
      <logical_group id="lg-f7" display="no" color="cyan">
         <name>.TI.persistent</name>
         <run_address>0x0</run_address>
         <size>0x0</size>
         <contents>
         </contents>
      </logical_group>
      <logical_group id="lg-f8" display="no" color="cyan">
         <name>.TI.local</name>
         <run_address>0x0</run_address>
         <size>0x0</size>
         <contents>
         </contents>
      </logical_group>
      <logical_group id="lg-f9" display="no" color="cyan">
         <name>.TI.onchip</name>
         <run_address>0x0</run_address>
         <size>0x0</size>
         <contents>
         </contents>
      </logical_group>
      <logical_group id="lg-fa" display="no" color="cyan">
         <name>.TI.offchip</name>
         <run_address>0x0</run_address>
         <size>0x0</size>
         <contents>
         </contents>
      </logical_group>
      <logical_group id="lg-fb" display="no" color="cyan">
         <name>__llvm_prf_cnts</name>
         <run_address>0x20200000</run_address>
         <size>0x0</size>
         <contents>
         </contents>
      </logical_group>
      <logical_group id="lg-fd" display="no" color="cyan">
         <name>__llvm_prf_bits</name>
         <run_address>0x20200000</run_address>
         <size>0x0</size>
         <contents>
         </contents>
      </logical_group>
      <logical_group id="lg-119" display="never" color="cyan">
         <name>.debug_loc</name>
         <load_address>0x0</load_address>
         <run_address>0x0</run_address>
         <size>0x40bd</size>
         <contents>
            <object_component_ref idref="oc-67"/>
            <object_component_ref idref="oc-b9"/>
            <object_component_ref idref="oc-5e"/>
            <object_component_ref idref="oc-d3"/>
            <object_component_ref idref="oc-4e"/>
            <object_component_ref idref="oc-3f"/>
            <object_component_ref idref="oc-9c"/>
            <object_component_ref idref="oc-9e"/>
         </contents>
      </logical_group>
      <logical_group id="lg-11b" display="never" color="cyan">
         <name>.debug_abbrev</name>
         <load_address>0x0</load_address>
         <run_address>0x0</run_address>
         <size>0xd42</size>
         <contents>
            <object_component_ref idref="oc-65"/>
            <object_component_ref idref="oc-bc"/>
            <object_component_ref idref="oc-39"/>
            <object_component_ref idref="oc-f2"/>
            <object_component_ref idref="oc-80"/>
            <object_component_ref idref="oc-f4"/>
            <object_component_ref idref="oc-6a"/>
            <object_component_ref idref="oc-3b"/>
            <object_component_ref idref="oc-c0"/>
            <object_component_ref idref="oc-c6"/>
            <object_component_ref idref="oc-8a"/>
            <object_component_ref idref="oc-13b"/>
         </contents>
      </logical_group>
      <logical_group id="lg-11d" display="never" color="cyan">
         <name>.debug_info</name>
         <load_address>0x0</load_address>
         <run_address>0x0</run_address>
         <size>0xd8e0</size>
         <contents>
            <object_component_ref idref="oc-35"/>
            <object_component_ref idref="oc-8e"/>
            <object_component_ref idref="oc-19"/>
            <object_component_ref idref="oc-cf"/>
            <object_component_ref idref="oc-5f"/>
            <object_component_ref idref="oc-d2"/>
            <object_component_ref idref="oc-4c"/>
            <object_component_ref idref="oc-1b"/>
            <object_component_ref idref="oc-99"/>
            <object_component_ref idref="oc-9f"/>
            <object_component_ref idref="oc-73"/>
            <object_component_ref idref="oc-13a"/>
         </contents>
      </logical_group>
      <logical_group id="lg-11f" display="never" color="cyan">
         <name>.debug_ranges</name>
         <load_address>0x0</load_address>
         <run_address>0x0</run_address>
         <size>0x780</size>
         <contents>
            <object_component_ref idref="oc-36"/>
            <object_component_ref idref="oc-90"/>
            <object_component_ref idref="oc-32"/>
            <object_component_ref idref="oc-60"/>
            <object_component_ref idref="oc-d6"/>
            <object_component_ref idref="oc-4f"/>
            <object_component_ref idref="oc-3e"/>
            <object_component_ref idref="oc-97"/>
            <object_component_ref idref="oc-a0"/>
         </contents>
      </logical_group>
      <logical_group id="lg-121" display="never" color="cyan">
         <name>.debug_str</name>
         <load_address>0x0</load_address>
         <run_address>0x0</run_address>
         <size>0x786d</size>
         <contents>
            <object_component_ref idref="oc-66"/>
            <object_component_ref idref="oc-bd"/>
            <object_component_ref idref="oc-3a"/>
            <object_component_ref idref="oc-f3"/>
            <object_component_ref idref="oc-81"/>
            <object_component_ref idref="oc-f5"/>
            <object_component_ref idref="oc-6b"/>
            <object_component_ref idref="oc-3c"/>
            <object_component_ref idref="oc-c1"/>
            <object_component_ref idref="oc-c7"/>
            <object_component_ref idref="oc-8b"/>
         </contents>
      </logical_group>
      <logical_group id="lg-123" display="never" color="cyan">
         <name>.debug_frame</name>
         <load_address>0x0</load_address>
         <run_address>0x0</run_address>
         <size>0xb18</size>
         <contents>
            <object_component_ref idref="oc-37"/>
            <object_component_ref idref="oc-8f"/>
            <object_component_ref idref="oc-31"/>
            <object_component_ref idref="oc-ce"/>
            <object_component_ref idref="oc-5c"/>
            <object_component_ref idref="oc-d5"/>
            <object_component_ref idref="oc-4d"/>
            <object_component_ref idref="oc-53"/>
            <object_component_ref idref="oc-9a"/>
            <object_component_ref idref="oc-a1"/>
            <object_component_ref idref="oc-72"/>
         </contents>
      </logical_group>
      <logical_group id="lg-125" display="never" color="cyan">
         <name>.debug_line</name>
         <load_address>0x0</load_address>
         <run_address>0x0</run_address>
         <size>0x3ed2</size>
         <contents>
            <object_component_ref idref="oc-38"/>
            <object_component_ref idref="oc-8d"/>
            <object_component_ref idref="oc-30"/>
            <object_component_ref idref="oc-d0"/>
            <object_component_ref idref="oc-5d"/>
            <object_component_ref idref="oc-d4"/>
            <object_component_ref idref="oc-50"/>
            <object_component_ref idref="oc-3d"/>
            <object_component_ref idref="oc-98"/>
            <object_component_ref idref="oc-a2"/>
            <object_component_ref idref="oc-74"/>
         </contents>
      </logical_group>
      <logical_group id="lg-138" display="no" color="cyan">
         <name>Veneer$$CMSE</name>
         <run_address>0x0</run_address>
         <size>0x0</size>
         <contents>
         </contents>
      </logical_group>
      <load_segment id="lg-13f" display="no" color="cyan">
         <name>SEGMENT_0</name>
         <load_address>0x0</load_address>
         <run_address>0x0</run_address>
         <size>0xea0</size>
         <flags>0x5</flags>
         <contents>
            <logical_group_ref idref="lg-2"/>
            <logical_group_ref idref="lg-3"/>
            <logical_group_ref idref="lg-7"/>
            <logical_group_ref idref="lg-5"/>
         </contents>
      </load_segment>
      <load_segment id="lg-140" display="no" color="cyan">
         <name>SEGMENT_1</name>
         <run_address>0x20200000</run_address>
         <size>0x15</size>
         <flags>0x6</flags>
         <contents>
            <logical_group_ref idref="lg-f"/>
         </contents>
      </load_segment>
      <load_segment id="lg-141" display="no" color="cyan">
         <name>SEGMENT_2</name>
         <run_address>0x20207e00</run_address>
         <size>0x200</size>
         <flags>0x6</flags>
         <contents>
            <logical_group_ref idref="lg-11"/>
         </contents>
      </load_segment>
   </logical_group_list>
   <placement_map>
      <memory_area display="yes" color="green">
         <name>FLASH</name>
         <page_id>0x0</page_id>
         <origin>0x0</origin>
         <length>0x20000</length>
         <used_space>0xea0</used_space>
         <unused_space>0x1f160</unused_space>
         <attributes>RX</attributes>
         <usage_details>
            <allocated_space>
               <start_address>0x0</start_address>
               <size>0x0</size>
               <logical_group_ref idref="lg-a"/>
            </allocated_space>
            <allocated_space>
               <start_address>0x0</start_address>
               <size>0xc0</size>
               <logical_group_ref idref="lg-2"/>
            </allocated_space>
            <allocated_space>
               <start_address>0xc0</start_address>
               <size>0xc58</size>
               <logical_group_ref idref="lg-3"/>
            </allocated_space>
            <allocated_space>
               <start_address>0xd18</start_address>
               <size>0x170</size>
               <logical_group_ref idref="lg-7"/>
            </allocated_space>
            <allocated_space>
               <start_address>0xe88</start_address>
               <size>0x18</size>
               <logical_group_ref idref="lg-5"/>
            </allocated_space>
            <available_space>
               <start_address>0xea0</start_address>
               <size>0x1f160</size>
            </available_space>
         </usage_details>
      </memory_area>
      <memory_area display="yes" color="green">
         <name>SRAM</name>
         <page_id>0x0</page_id>
         <origin>0x20200000</origin>
         <length>0x8000</length>
         <used_space>0x215</used_space>
         <unused_space>0x7deb</unused_space>
         <attributes>RWX</attributes>
         <usage_details>
            <allocated_space>
               <start_address>0x20200000</start_address>
               <size>0x0</size>
               <logical_group_ref idref="lg-fb"/>
            </allocated_space>
            <allocated_space>
               <start_address>0x20200000</start_address>
               <size>0x0</size>
               <logical_group_ref idref="lg-fd"/>
            </allocated_space>
            <allocated_space>
               <start_address>0x20200000</start_address>
               <size>0x15</size>
               <logical_group_ref idref="lg-f"/>
            </allocated_space>
            <available_space>
               <start_address>0x20200015</start_address>
               <size>0x7deb</size>
            </available_space>
            <allocated_space>
               <start_address>0x20207e00</start_address>
               <size>0x200</size>
               <logical_group_ref idref="lg-11"/>
            </allocated_space>
         </usage_details>
      </memory_area>
      <memory_area display="yes" color="green">
         <name>BCR_CONFIG</name>
         <page_id>0x0</page_id>
         <origin>0x41c00000</origin>
         <length>0x80</length>
         <used_space>0x0</used_space>
         <unused_space>0x80</unused_space>
         <attributes>R</attributes>
         <usage_details>
         </usage_details>
      </memory_area>
      <memory_area display="yes" color="green">
         <name>BSL_CONFIG</name>
         <page_id>0x0</page_id>
         <origin>0x41c00100</origin>
         <length>0x80</length>
         <used_space>0x0</used_space>
         <unused_space>0x80</unused_space>
         <attributes>R</attributes>
         <usage_details>
         </usage_details>
      </memory_area>
   </placement_map>
   <cptbl_list>
      <cptbl>
         <name>__TI_cinit_table</name>
         <cprec>
            <name>.bss</name>
            <load_address>0xe88</load_address>
            <load_size>0x8</load_size>
            <run_address>0x20200000</run_address>
            <run_size>0x15</run_size>
            <compression>zero_init</compression>
         </cprec>
      </cptbl>
   </cptbl_list>
   <handler_table>
      <handler_table_name>__TI_handler_table</handler_table_name>
      <handler>
         <index>0x0</index>
         <name>__TI_zero_init</name>
      </handler>
   </handler_table>
   <symbol_table>
      <symbol id="sm-1">
         <name>__start___llvm_prf_cnts</name>
         <value>0x20200000</value>
      </symbol>
      <symbol id="sm-2">
         <name>__stop___llvm_prf_cnts</name>
         <value>0x20200000</value>
      </symbol>
      <symbol id="sm-3">
         <name>__start___llvm_prf_bits</name>
         <value>0x20200000</value>
      </symbol>
      <symbol id="sm-4">
         <name>__stop___llvm_prf_bits</name>
         <value>0x20200000</value>
      </symbol>
      <symbol id="sm-5">
         <name>__TI_CINIT_Base</name>
         <value>0xe94</value>
      </symbol>
      <symbol id="sm-6">
         <name>__TI_CINIT_Limit</name>
         <value>0xe9c</value>
      </symbol>
      <symbol id="sm-7">
         <name>__TI_CINIT_Warm</name>
         <value>0xe9c</value>
      </symbol>
      <symbol id="sm-8">
         <name>__TI_Handler_Table_Base</name>
         <value>0xe90</value>
      </symbol>
      <symbol id="sm-9">
         <name>__TI_Handler_Table_Limit</name>
         <value>0xe94</value>
      </symbol>
      <symbol id="sm-a">
         <name>binit</name>
         <value>0xffffffff</value>
      </symbol>
      <symbol id="sm-b">
         <name>__binit__</name>
         <value>0xffffffff</value>
      </symbol>
      <symbol id="sm-c">
         <name>__STACK_SIZE</name>
         <value>0x200</value>
      </symbol>
      <symbol id="sm-d">
         <name>__STACK_END</name>
         <value>0x20208000</value>
      </symbol>
      <symbol id="sm-e">
         <name>__TI_pprof_out_hndl</name>
         <value>0xffffffff</value>
      </symbol>
      <symbol id="sm-f">
         <name>__TI_prof_data_start</name>
         <value>0xffffffff</value>
      </symbol>
      <symbol id="sm-10">
         <name>__TI_prof_data_size</name>
         <value>0xffffffff</value>
      </symbol>
      <symbol id="sm-3f">
         <name>main</name>
         <value>0x3f5</value>
         <object_component_ref idref="oc-75"/>
      </symbol>
      <symbol id="sm-40">
         <name>gServiceInt</name>
         <value>0x20200014</value>
      </symbol>
      <symbol id="sm-41">
         <name>gInterruptLine1Status</name>
         <value>0x20200010</value>
      </symbol>
      <symbol id="sm-42">
         <name>success</name>
         <value>0x20200008</value>
      </symbol>
      <symbol id="sm-43">
         <name>CANFD0_IRQHandler</name>
         <value>0x999</value>
         <object_component_ref idref="oc-34"/>
      </symbol>
      <symbol id="sm-44">
         <name>irq</name>
         <value>0x20200000</value>
      </symbol>
      <symbol id="sm-69">
         <name>SYSCFG_DL_init</name>
         <value>0xc8d</value>
         <object_component_ref idref="oc-8c"/>
      </symbol>
      <symbol id="sm-6a">
         <name>SYSCFG_DL_initPower</name>
         <value>0xb51</value>
         <object_component_ref idref="oc-b6"/>
      </symbol>
      <symbol id="sm-6b">
         <name>SYSCFG_DL_GPIO_init</name>
         <value>0xb85</value>
         <object_component_ref idref="oc-b7"/>
      </symbol>
      <symbol id="sm-6c">
         <name>SYSCFG_DL_SYSCTL_init</name>
         <value>0xa6d</value>
         <object_component_ref idref="oc-b8"/>
      </symbol>
      <symbol id="sm-6d">
         <name>SYSCFG_DL_MCAN0_init</name>
         <value>0x519</value>
         <object_component_ref idref="oc-ba"/>
      </symbol>
      <symbol id="sm-6e">
         <name>SYSCFG_DL_SYSCTL_CLK_init</name>
         <value>0xbfd</value>
         <object_component_ref idref="oc-bb"/>
      </symbol>
      <symbol id="sm-79">
         <name>Default_Handler</name>
         <value>0xcbb</value>
         <object_component_ref idref="oc-33"/>
      </symbol>
      <symbol id="sm-7a">
         <name>Reset_Handler</name>
         <value>0xd07</value>
         <object_component_ref idref="oc-2f"/>
      </symbol>
      <symbol id="sm-7b">
         <name>interruptVectors</name>
         <value>0x0</value>
         <object_component_ref idref="oc-18"/>
      </symbol>
      <symbol id="sm-7c">
         <name>NMI_Handler</name>
         <value>0xcbb</value>
         <object_component_ref idref="oc-33"/>
      </symbol>
      <symbol id="sm-7d">
         <name>HardFault_Handler</name>
         <value>0xcbb</value>
         <object_component_ref idref="oc-33"/>
      </symbol>
      <symbol id="sm-7e">
         <name>SVC_Handler</name>
         <value>0xcbb</value>
         <object_component_ref idref="oc-33"/>
      </symbol>
      <symbol id="sm-7f">
         <name>PendSV_Handler</name>
         <value>0xcbb</value>
         <object_component_ref idref="oc-33"/>
      </symbol>
      <symbol id="sm-80">
         <name>SysTick_Handler</name>
         <value>0xcbb</value>
         <object_component_ref idref="oc-33"/>
      </symbol>
      <symbol id="sm-81">
         <name>GROUP0_IRQHandler</name>
         <value>0xcbb</value>
         <object_component_ref idref="oc-33"/>
      </symbol>
      <symbol id="sm-82">
         <name>GROUP1_IRQHandler</name>
         <value>0xcbb</value>
         <object_component_ref idref="oc-33"/>
      </symbol>
      <symbol id="sm-83">
         <name>TIMG8_IRQHandler</name>
         <value>0xcbb</value>
         <object_component_ref idref="oc-33"/>
      </symbol>
      <symbol id="sm-84">
         <name>UART3_IRQHandler</name>
         <value>0xcbb</value>
         <object_component_ref idref="oc-33"/>
      </symbol>
      <symbol id="sm-85">
         <name>ADC0_IRQHandler</name>
         <value>0xcbb</value>
         <object_component_ref idref="oc-33"/>
      </symbol>
      <symbol id="sm-86">
         <name>ADC1_IRQHandler</name>
         <value>0xcbb</value>
         <object_component_ref idref="oc-33"/>
      </symbol>
      <symbol id="sm-87">
         <name>DAC0_IRQHandler</name>
         <value>0xcbb</value>
         <object_component_ref idref="oc-33"/>
      </symbol>
      <symbol id="sm-88">
         <name>SPI0_IRQHandler</name>
         <value>0xcbb</value>
         <object_component_ref idref="oc-33"/>
      </symbol>
      <symbol id="sm-89">
         <name>SPI1_IRQHandler</name>
         <value>0xcbb</value>
         <object_component_ref idref="oc-33"/>
      </symbol>
      <symbol id="sm-8a">
         <name>UART1_IRQHandler</name>
         <value>0xcbb</value>
         <object_component_ref idref="oc-33"/>
      </symbol>
      <symbol id="sm-8b">
         <name>UART2_IRQHandler</name>
         <value>0xcbb</value>
         <object_component_ref idref="oc-33"/>
      </symbol>
      <symbol id="sm-8c">
         <name>UART0_IRQHandler</name>
         <value>0xcbb</value>
         <object_component_ref idref="oc-33"/>
      </symbol>
      <symbol id="sm-8d">
         <name>TIMG0_IRQHandler</name>
         <value>0xcbb</value>
         <object_component_ref idref="oc-33"/>
      </symbol>
      <symbol id="sm-8e">
         <name>TIMG6_IRQHandler</name>
         <value>0xcbb</value>
         <object_component_ref idref="oc-33"/>
      </symbol>
      <symbol id="sm-8f">
         <name>TIMA0_IRQHandler</name>
         <value>0xcbb</value>
         <object_component_ref idref="oc-33"/>
      </symbol>
      <symbol id="sm-90">
         <name>TIMA1_IRQHandler</name>
         <value>0xcbb</value>
         <object_component_ref idref="oc-33"/>
      </symbol>
      <symbol id="sm-91">
         <name>TIMG7_IRQHandler</name>
         <value>0xcbb</value>
         <object_component_ref idref="oc-33"/>
      </symbol>
      <symbol id="sm-92">
         <name>TIMG12_IRQHandler</name>
         <value>0xcbb</value>
         <object_component_ref idref="oc-33"/>
      </symbol>
      <symbol id="sm-93">
         <name>I2C0_IRQHandler</name>
         <value>0xcbb</value>
         <object_component_ref idref="oc-33"/>
      </symbol>
      <symbol id="sm-94">
         <name>I2C1_IRQHandler</name>
         <value>0xcbb</value>
         <object_component_ref idref="oc-33"/>
      </symbol>
      <symbol id="sm-95">
         <name>AES_IRQHandler</name>
         <value>0xcbb</value>
         <object_component_ref idref="oc-33"/>
      </symbol>
      <symbol id="sm-96">
         <name>RTC_IRQHandler</name>
         <value>0xcbb</value>
         <object_component_ref idref="oc-33"/>
      </symbol>
      <symbol id="sm-97">
         <name>DMA_IRQHandler</name>
         <value>0xcbb</value>
         <object_component_ref idref="oc-33"/>
      </symbol>
      <symbol id="sm-98">
         <name>__TI_ATRegion0_src_addr</name>
         <value>0x0</value>
      </symbol>
      <symbol id="sm-99">
         <name>__TI_ATRegion0_trg_addr</name>
         <value>0x0</value>
      </symbol>
      <symbol id="sm-9a">
         <name>__TI_ATRegion0_region_sz</name>
         <value>0x0</value>
      </symbol>
      <symbol id="sm-9b">
         <name>__TI_ATRegion1_src_addr</name>
         <value>0x0</value>
      </symbol>
      <symbol id="sm-9c">
         <name>__TI_ATRegion1_trg_addr</name>
         <value>0x0</value>
      </symbol>
      <symbol id="sm-9d">
         <name>__TI_ATRegion1_region_sz</name>
         <value>0x0</value>
      </symbol>
      <symbol id="sm-9e">
         <name>__TI_ATRegion2_src_addr</name>
         <value>0x0</value>
      </symbol>
      <symbol id="sm-9f">
         <name>__TI_ATRegion2_trg_addr</name>
         <value>0x0</value>
      </symbol>
      <symbol id="sm-a0">
         <name>__TI_ATRegion2_region_sz</name>
         <value>0x0</value>
      </symbol>
      <symbol id="sm-a9">
         <name>DL_Common_delayCycles</name>
         <value>0xcfd</value>
         <object_component_ref idref="oc-cd"/>
      </symbol>
      <symbol id="sm-e8">
         <name>DL_MCAN_setClockConfig</name>
         <value>0xbd9</value>
         <object_component_ref idref="oc-d8"/>
      </symbol>
      <symbol id="sm-e9">
         <name>DL_MCAN_isMemInitDone</name>
         <value>0xce1</value>
         <object_component_ref idref="oc-da"/>
      </symbol>
      <symbol id="sm-ea">
         <name>DL_MCAN_setOpMode</name>
         <value>0xc75</value>
         <object_component_ref idref="oc-db"/>
      </symbol>
      <symbol id="sm-eb">
         <name>DL_MCAN_getOpMode</name>
         <value>0xcd1</value>
         <object_component_ref idref="oc-91"/>
      </symbol>
      <symbol id="sm-ec">
         <name>DL_MCAN_init</name>
         <value>0x709</value>
         <object_component_ref idref="oc-dc"/>
      </symbol>
      <symbol id="sm-ed">
         <name>DL_MCAN_config</name>
         <value>0x625</value>
         <object_component_ref idref="oc-dd"/>
      </symbol>
      <symbol id="sm-ee">
         <name>DL_MCAN_setBitTime</name>
         <value>0x8c1</value>
         <object_component_ref idref="oc-de"/>
      </symbol>
      <symbol id="sm-ef">
         <name>DL_MCAN_msgRAMConfig</name>
         <value>0xc1</value>
         <object_component_ref idref="oc-df"/>
      </symbol>
      <symbol id="sm-f0">
         <name>DL_MCAN_setExtIDAndMask</name>
         <value>0xb1d</value>
         <object_component_ref idref="oc-e0"/>
      </symbol>
      <symbol id="sm-f1">
         <name>DL_MCAN_readMsgRam</name>
         <value>0x2c5</value>
         <object_component_ref idref="oc-93"/>
      </symbol>
      <symbol id="sm-f2">
         <name>DL_MCAN_enableIntr</name>
         <value>0xc21</value>
         <object_component_ref idref="oc-e1"/>
      </symbol>
      <symbol id="sm-f3">
         <name>DL_MCAN_selectIntrLine</name>
         <value>0xc59</value>
         <object_component_ref idref="oc-e2"/>
      </symbol>
      <symbol id="sm-f4">
         <name>DL_MCAN_enableIntrLine</name>
         <value>0xc3d</value>
         <object_component_ref idref="oc-e3"/>
      </symbol>
      <symbol id="sm-f5">
         <name>DL_MCAN_getIntrStatus</name>
         <value>0xcf1</value>
         <object_component_ref idref="oc-5b"/>
      </symbol>
      <symbol id="sm-f6">
         <name>DL_MCAN_clearIntrStatus</name>
         <value>0xcbd</value>
         <object_component_ref idref="oc-61"/>
      </symbol>
      <symbol id="sm-f7">
         <name>DL_MCAN_getRxFIFOStatus</name>
         <value>0xae5</value>
         <object_component_ref idref="oc-92"/>
      </symbol>
      <symbol id="sm-f8">
         <name>DL_MCAN_writeRxFIFOAck</name>
         <value>0xa2d</value>
         <object_component_ref idref="oc-94"/>
      </symbol>
      <symbol id="sm-f9">
         <name>DL_MCAN_getRevisionId</name>
         <value>0x9e9</value>
         <object_component_ref idref="oc-d9"/>
      </symbol>
      <symbol id="sm-104">
         <name>DL_SYSCTL_configSYSPLL</name>
         <value>0x7e5</value>
         <object_component_ref idref="oc-d1"/>
      </symbol>
      <symbol id="sm-10e">
         <name>__TI_zero_init_nomemset</name>
         <value>0xca5</value>
         <object_component_ref idref="oc-4b"/>
      </symbol>
      <symbol id="sm-11b">
         <name>_c_int00_noargs</name>
         <value>0xbb1</value>
         <object_component_ref idref="oc-54"/>
      </symbol>
      <symbol id="sm-11c">
         <name>__stack</name>
         <value>0x20207e00</value>
         <object_component_ref idref="oc-1a"/>
      </symbol>
      <symbol id="sm-127">
         <name>abort</name>
         <value>0xd0f</value>
         <object_component_ref idref="oc-96"/>
      </symbol>
      <symbol id="sm-128">
         <name>C$$EXIT</name>
         <value>0xd0e</value>
         <object_component_ref idref="oc-96"/>
      </symbol>
      <symbol id="sm-135">
         <name>__TI_auto_init_nobinit_nopinit</name>
         <value>0xaa9</value>
         <object_component_ref idref="oc-9d"/>
      </symbol>
      <symbol id="sm-13d">
         <name>_system_pre_init</name>
         <value>0xd0b</value>
         <object_component_ref idref="oc-71"/>
      </symbol>
      <symbol id="sm-13f">
         <name>__TI_static_base__</name>
         <value>0x0</value>
      </symbol>
      <symbol id="sm-141">
         <name>__mpu_init</name>
         <value>0x0</value>
      </symbol>
      <symbol id="sm-142">
         <name>_system_post_cinit</name>
         <value>0x0</value>
      </symbol>
   </symbol_table>
   <title>Link successful</title>
</link_info>
