Address,Name,Size,Type,Value,Bytes,Gain,Offset,Maximum,Minimum
Show,Black,White,1000,CLA Control Status,uint16_t,Bin,0b00000000_00110111,2,,,,
Show,White,Red,1001,CLA Error Status,uint16_t,Bin,0b00000000_00000000,2,,,,
Show,Black,White,1002,Enable PWM,uint16_t,Hex,0x0000,2,,,,
Show,Black,White,1003,Control Mode,uint16_t,Bin,0b00000000_00000000,2,,,,
Show,Black,White,1004,Voltage Reference,q15,Dec,0,2,6.7,0,6.0,0.0
Show,Black,White,1005,Constant Current Reference,q15,Dec,6.99993,2,7.517,0,7.0,-7.0
Show,Black,White,1006,Over Current Protection,q15,Dec,0,2,7.517,0,,
Show,Black,White,1007,Over Voltage Protection,q15,Dec,0,2,6.7,0,,
Show,Blue,White,1008,Measure Voltage Output,q15,Dec,0,2,6.7,0,,
Show,Blue,White,1009,Measure Voltage Input,q15,Dec,0,2,13.3,0,,
Show,Blue,White,1010,Measure Current Output,q15,Dec,0.00367,2,7.517,0,,
Show,Blue,White,1011,Measure Inductor Current,q15,Dec,0.00229,2,7.517,0,,
Show,Blue,White,1012,Measure E-Load Current,q15,Dec,0,2,7.517,0,,
Show,Blue,White,1013,Measure Temperature,q15,Dec,0,2,120,0,,
Hide,Black,White,1014,,,,0xFFFF,2,,,,
Hide,Black,White,1015,,,,0xFFFF,2,,,,
Hide,Black,White,1016,,,,0xFFFF,2,,,,
Hide,Black,White,1017,,,,0xFFFF,2,,,,
Hide,Black,White,1018,,,,0xFFFF,2,,,,
Hide,Black,White,1019,,,,0xFFFF,2,,,,
Show,Black,White,1020,Voltage Loop KP,float32_t,Dec,1,4,,,,
Show,Black,White,1022,Voltage Loop KI,float32_t,Dec,0.04,4,,,,
Show,Black,White,1024,Voltage Loop Maximum,float32_t,Dec,1,4,,,,
Show,Black,White,1026,Voltage Loop Minimum,float32_t,Dec,-1,4,,,,
Show,Black,White,1028,Current Loop KP,float32_t,Dec,1,4,,,,
Show,Black,White,1030,Current Loop KI,float32_t,Dec,0.6,4,,,,
Show,Black,White,1032,Current Loop Maximum,float32_t,Dec,1,4,,,,
Show,Black,White,1034,Current Loop Minimum,float32_t,Dec,-1,4,,,,
Show,Black,White,1036,,uint8_t,ASCII,12345678,16,,,,
Hide,Black,White,1044,,,,0xFFFF,2,,,,
Hide,Black,White,1045,,,,0xFFFF,2,,,,
Hide,Black,White,1046,,,,0xFFFF,2,,,,
Hide,Black,White,1047,,,,0xFFFF,2,,,,
