<?xml version="1.0" encoding="ISO-8859-1" ?>
<link_info>
   <banner>TI ARM Clang Linker PC v3.2.2.LTS</banner>
   <copyright>Copyright (c) 1996-2018 Texas Instruments Incorporated</copyright>
   <link_time>0x67468bc6</link_time>
   <link_errors>0x0</link_errors>
   <output_file>C:\Users\roger_lin\Desktop\g3507\CAN_ADC\Debug\CAN_ADC.out</output_file>
   <entry_point>
      <name>_c_int00_noargs</name>
      <address>0x459</address>
   </entry_point>
   <input_file_list>
      <input_file id="fl-1">
         <path>C:\Users\roger_lin\Desktop\g3507\CAN_ADC\Debug\.\</path>
         <kind>object</kind>
         <file>ti_msp_dl_config.o</file>
         <name>ti_msp_dl_config.o</name>
      </input_file>
      <input_file id="fl-2">
         <path>C:\Users\roger_lin\Desktop\g3507\CAN_ADC\Debug\.\</path>
         <kind>object</kind>
         <file>startup_mspm0g350x_ticlang.o</file>
         <name>startup_mspm0g350x_ticlang.o</name>
      </input_file>
      <input_file id="fl-3">
         <path>C:\Users\roger_lin\Desktop\g3507\CAN_ADC\Debug\.\</path>
         <kind>object</kind>
         <file>main.o</file>
         <name>main.o</name>
      </input_file>
      <input_file id="fl-10">
         <path>C:\Users\roger_lin\Desktop\g3507\CAN_ADC\Debug\</path>
         <kind>object</kind>
         <file>&lt;internal&gt;</file>
         <name>&lt;internal&gt;</name>
      </input_file>
      <input_file id="fl-11">
         <path>C:\ti\mspm0_sdk_2_02_00_05\source\ti\driverlib\lib\ticlang\m0p\mspm0g1x0x_g3x0x\</path>
         <kind>archive</kind>
         <file>driverlib.a</file>
         <name>dl_adc12.o</name>
      </input_file>
      <input_file id="fl-12">
         <path>C:\ti\mspm0_sdk_2_02_00_05\source\ti\driverlib\lib\ticlang\m0p\mspm0g1x0x_g3x0x\</path>
         <kind>archive</kind>
         <file>driverlib.a</file>
         <name>dl_common.o</name>
      </input_file>
      <input_file id="fl-13">
         <path>C:\ti\mspm0_sdk_2_02_00_05\source\ti\driverlib\lib\ticlang\m0p\mspm0g1x0x_g3x0x\</path>
         <kind>archive</kind>
         <file>driverlib.a</file>
         <name>dl_timer.o</name>
      </input_file>
      <input_file id="fl-22">
         <path>C:\ti\ccs1280\ccs\tools\compiler\ti-cgt-armllvm_3.2.2.LTS\lib\armv6m-ti-none-eabi\c\</path>
         <kind>archive</kind>
         <file>libc.a</file>
         <name>boot_cortex_m.c.obj</name>
      </input_file>
      <input_file id="fl-23">
         <path>C:\ti\ccs1280\ccs\tools\compiler\ti-cgt-armllvm_3.2.2.LTS\lib\armv6m-ti-none-eabi\c\</path>
         <kind>archive</kind>
         <file>libc.a</file>
         <name>mathacl_init.c.obj</name>
      </input_file>
      <input_file id="fl-24">
         <path>C:\ti\ccs1280\ccs\tools\compiler\ti-cgt-armllvm_3.2.2.LTS\lib\armv6m-ti-none-eabi\c\</path>
         <kind>archive</kind>
         <file>libc.a</file>
         <name>autoinit.c.obj</name>
      </input_file>
      <input_file id="fl-25">
         <path>C:\ti\ccs1280\ccs\tools\compiler\ti-cgt-armllvm_3.2.2.LTS\lib\armv6m-ti-none-eabi\c\</path>
         <kind>archive</kind>
         <file>libc.a</file>
         <name>pre_init.c.obj</name>
      </input_file>
      <input_file id="fl-26">
         <path>C:\ti\ccs1280\ccs\tools\compiler\ti-cgt-armllvm_3.2.2.LTS\lib\armv6m-ti-none-eabi\c\</path>
         <kind>archive</kind>
         <file>libc.a</file>
         <name>cpy_tbl.c.obj</name>
      </input_file>
      <input_file id="fl-27">
         <path>C:\ti\ccs1280\ccs\tools\compiler\ti-cgt-armllvm_3.2.2.LTS\lib\armv6m-ti-none-eabi\c\</path>
         <kind>archive</kind>
         <file>libc.a</file>
         <name>copy_zero_init.c.obj</name>
      </input_file>
      <input_file id="fl-28">
         <path>C:\ti\ccs1280\ccs\tools\compiler\ti-cgt-armllvm_3.2.2.LTS\lib\armv6m-ti-none-eabi\c\</path>
         <kind>archive</kind>
         <file>libc.a</file>
         <name>copy_decompress_none.c.obj</name>
      </input_file>
      <input_file id="fl-29">
         <path>C:\ti\ccs1280\ccs\tools\compiler\ti-cgt-armllvm_3.2.2.LTS\lib\armv6m-ti-none-eabi\c\</path>
         <kind>archive</kind>
         <file>libc.a</file>
         <name>copy_decompress_lzss.c.obj</name>
      </input_file>
      <input_file id="fl-2a">
         <path>C:\ti\ccs1280\ccs\tools\compiler\ti-cgt-armllvm_3.2.2.LTS\lib\armv6m-ti-none-eabi\c\</path>
         <kind>archive</kind>
         <file>libc.a</file>
         <name>exit.c.obj</name>
      </input_file>
      <input_file id="fl-2b">
         <path>C:\ti\ccs1280\ccs\tools\compiler\ti-cgt-armllvm_3.2.2.LTS\lib\armv6m-ti-none-eabi\c\</path>
         <kind>archive</kind>
         <file>libc.a</file>
         <name>_lock.c.obj</name>
      </input_file>
      <input_file id="fl-2c">
         <path>C:\ti\ccs1280\ccs\tools\compiler\ti-cgt-armllvm_3.2.2.LTS\lib\armv6m-ti-none-eabi\c\</path>
         <kind>archive</kind>
         <file>libc.a</file>
         <name>args_main.c.obj</name>
      </input_file>
      <input_file id="fl-92">
         <path>C:\ti\ccs1280\ccs\tools\compiler\ti-cgt-armllvm_3.2.2.LTS\lib\clang\15.0.7\lib\armv6m-ti-none-eabi\</path>
         <kind>archive</kind>
         <file>libclang_rt.builtins.a</file>
         <name>mulsf3.S.obj</name>
      </input_file>
      <input_file id="fl-93">
         <path>C:\ti\ccs1280\ccs\tools\compiler\ti-cgt-armllvm_3.2.2.LTS\lib\clang\15.0.7\lib\armv6m-ti-none-eabi\</path>
         <kind>archive</kind>
         <file>libclang_rt.builtins.a</file>
         <name>floatunsisf.S.obj</name>
      </input_file>
      <input_file id="fl-94">
         <path>C:\ti\ccs1280\ccs\tools\compiler\ti-cgt-armllvm_3.2.2.LTS\lib\clang\15.0.7\lib\armv6m-ti-none-eabi\</path>
         <kind>archive</kind>
         <file>libclang_rt.builtins.a</file>
         <name>aeabi_memcpy.S.obj</name>
      </input_file>
      <input_file id="fl-95">
         <path>C:\ti\ccs1280\ccs\tools\compiler\ti-cgt-armllvm_3.2.2.LTS\lib\clang\15.0.7\lib\armv6m-ti-none-eabi\</path>
         <kind>archive</kind>
         <file>libclang_rt.builtins.a</file>
         <name>aeabi_memset.S.obj</name>
      </input_file>
      <input_file id="fl-96">
         <path>C:\ti\ccs1280\ccs\tools\compiler\ti-cgt-armllvm_3.2.2.LTS\lib\clang\15.0.7\lib\armv6m-ti-none-eabi\</path>
         <kind>archive</kind>
         <file>libclang_rt.builtins.a</file>
         <name>muldsi3.S.obj</name>
      </input_file>
      <input_file id="fl-97">
         <path>C:\ti\ccs1280\ccs\tools\compiler\ti-cgt-armllvm_3.2.2.LTS\lib\armv6m-ti-none-eabi\c\</path>
         <kind>archive</kind>
         <file>libc.a</file>
         <name>memcpy16.S.obj</name>
      </input_file>
      <input_file id="fl-98">
         <path>C:\ti\ccs1280\ccs\tools\compiler\ti-cgt-armllvm_3.2.2.LTS\lib\armv6m-ti-none-eabi\c\</path>
         <kind>archive</kind>
         <file>libc.a</file>
         <name>memset16.S.obj</name>
      </input_file>
   </input_file_list>
   <object_component_list>
      <object_component id="oc-18">
         <name>.intvecs</name>
         <load_address>0x0</load_address>
         <readonly>true</readonly>
         <run_address>0x0</run_address>
         <size>0xc0</size>
         <alignment>0x4</alignment>
         <input_file_ref idref="fl-2"/>
      </object_component>
      <object_component id="oc-d7">
         <name>.text.DL_Timer_initTimerMode</name>
         <load_address>0xc0</load_address>
         <readonly>true</readonly>
         <executable>true</executable>
         <run_address>0xc0</run_address>
         <size>0xe8</size>
         <alignment>0x4</alignment>
         <input_file_ref idref="fl-13"/>
      </object_component>
      <object_component id="oc-5f">
         <name>.text.__mulsf3</name>
         <load_address>0x1a8</load_address>
         <readonly>true</readonly>
         <executable>true</executable>
         <run_address>0x1a8</run_address>
         <size>0x8c</size>
         <alignment>0x4</alignment>
         <input_file_ref idref="fl-92"/>
      </object_component>
      <object_component id="oc-34">
         <name>.text.TIMG6_IRQHandler</name>
         <load_address>0x234</load_address>
         <readonly>true</readonly>
         <executable>true</executable>
         <run_address>0x234</run_address>
         <size>0x54</size>
         <alignment>0x4</alignment>
         <input_file_ref idref="fl-3"/>
      </object_component>
      <object_component id="oc-bc">
         <name>.text.SYSCFG_DL_ADC12_0_init</name>
         <load_address>0x288</load_address>
         <readonly>true</readonly>
         <executable>true</executable>
         <run_address>0x288</run_address>
         <size>0x48</size>
         <alignment>0x4</alignment>
         <input_file_ref idref="fl-1"/>
      </object_component>
      <object_component id="oc-da">
         <name>.text.DL_ADC12_setClockConfig</name>
         <load_address>0x2d0</load_address>
         <readonly>true</readonly>
         <executable>true</executable>
         <run_address>0x2d0</run_address>
         <size>0x40</size>
         <alignment>0x4</alignment>
         <input_file_ref idref="fl-11"/>
      </object_component>
      <object_component id="oc-b7">
         <name>.text.SYSCFG_DL_initPower</name>
         <load_address>0x310</load_address>
         <readonly>true</readonly>
         <executable>true</executable>
         <run_address>0x310</run_address>
         <size>0x40</size>
         <alignment>0x4</alignment>
         <input_file_ref idref="fl-1"/>
      </object_component>
      <object_component id="oc-9d">
         <name>.text:__TI_auto_init_nobinit_nopinit</name>
         <load_address>0x350</load_address>
         <readonly>true</readonly>
         <executable>true</executable>
         <run_address>0x350</run_address>
         <size>0x3c</size>
         <alignment>0x4</alignment>
         <input_file_ref idref="fl-24"/>
      </object_component>
      <object_component id="oc-82">
         <name>.text.__muldsi3</name>
         <load_address>0x38c</load_address>
         <readonly>true</readonly>
         <executable>true</executable>
         <run_address>0x38c</run_address>
         <size>0x3a</size>
         <alignment>0x4</alignment>
         <input_file_ref idref="fl-96"/>
      </object_component>
      <object_component id="oc-33">
         <name>.text.Default_Handler</name>
         <load_address>0x3c6</load_address>
         <readonly>true</readonly>
         <executable>true</executable>
         <run_address>0x3c6</run_address>
         <size>0x2</size>
         <alignment>0x2</alignment>
         <input_file_ref idref="fl-2"/>
      </object_component>
      <object_component id="oc-bb">
         <name>.text.SYSCFG_DL_TIMER_0_init</name>
         <load_address>0x3c8</load_address>
         <readonly>true</readonly>
         <executable>true</executable>
         <run_address>0x3c8</run_address>
         <size>0x38</size>
         <alignment>0x4</alignment>
         <input_file_ref idref="fl-1"/>
      </object_component>
      <object_component id="oc-b9">
         <name>.text.SYSCFG_DL_SYSCTL_init</name>
         <load_address>0x400</load_address>
         <readonly>true</readonly>
         <executable>true</executable>
         <run_address>0x400</run_address>
         <size>0x30</size>
         <alignment>0x4</alignment>
         <input_file_ref idref="fl-1"/>
      </object_component>
      <object_component id="oc-5b">
         <name>.text.__floatunsisf</name>
         <load_address>0x430</load_address>
         <readonly>true</readonly>
         <executable>true</executable>
         <run_address>0x430</run_address>
         <size>0x28</size>
         <alignment>0x4</alignment>
         <input_file_ref idref="fl-93"/>
      </object_component>
      <object_component id="oc-54">
         <name>.text:_c_int00_noargs</name>
         <load_address>0x458</load_address>
         <readonly>true</readonly>
         <executable>true</executable>
         <run_address>0x458</run_address>
         <size>0x28</size>
         <alignment>0x4</alignment>
         <input_file_ref idref="fl-22"/>
      </object_component>
      <object_component id="oc-91">
         <name>.text.SYSCFG_DL_init</name>
         <load_address>0x480</load_address>
         <readonly>true</readonly>
         <executable>true</executable>
         <run_address>0x480</run_address>
         <size>0x24</size>
         <alignment>0x4</alignment>
         <input_file_ref idref="fl-1"/>
      </object_component>
      <object_component id="oc-76">
         <name>.text.main</name>
         <load_address>0x4a4</load_address>
         <readonly>true</readonly>
         <executable>true</executable>
         <run_address>0x4a4</run_address>
         <size>0x20</size>
         <alignment>0x4</alignment>
         <input_file_ref idref="fl-3"/>
      </object_component>
      <object_component id="oc-d1">
         <name>.text.DL_Timer_setClockConfig</name>
         <load_address>0x4c4</load_address>
         <readonly>true</readonly>
         <executable>true</executable>
         <run_address>0x4c4</run_address>
         <size>0x1c</size>
         <alignment>0x4</alignment>
         <input_file_ref idref="fl-13"/>
      </object_component>
      <object_component id="oc-b8">
         <name>.text.SYSCFG_DL_GPIO_init</name>
         <load_address>0x4e0</load_address>
         <readonly>true</readonly>
         <executable>true</executable>
         <run_address>0x4e0</run_address>
         <size>0x1c</size>
         <alignment>0x4</alignment>
         <input_file_ref idref="fl-1"/>
      </object_component>
      <object_component id="oc-4b">
         <name>.text:decompress:ZI:__TI_zero_init_nomemset</name>
         <load_address>0x4fc</load_address>
         <readonly>true</readonly>
         <executable>true</executable>
         <run_address>0x4fc</run_address>
         <size>0x16</size>
         <alignment>0x2</alignment>
         <input_file_ref idref="fl-27"/>
      </object_component>
      <object_component id="oc-cd">
         <name>.text.DL_Common_delayCycles</name>
         <load_address>0x512</load_address>
         <readonly>true</readonly>
         <executable>true</executable>
         <run_address>0x512</run_address>
         <size>0xa</size>
         <alignment>0x2</alignment>
         <input_file_ref idref="fl-12"/>
      </object_component>
      <object_component id="oc-2f">
         <name>.text.Reset_Handler</name>
         <load_address>0x51c</load_address>
         <readonly>true</readonly>
         <executable>true</executable>
         <run_address>0x51c</run_address>
         <size>0x4</size>
         <alignment>0x2</alignment>
         <input_file_ref idref="fl-2"/>
      </object_component>
      <object_component id="oc-72">
         <name>.text._system_pre_init</name>
         <load_address>0x520</load_address>
         <readonly>true</readonly>
         <executable>true</executable>
         <run_address>0x520</run_address>
         <size>0x4</size>
         <alignment>0x2</alignment>
         <input_file_ref idref="fl-25"/>
      </object_component>
      <object_component id="oc-96">
         <name>.text:abort</name>
         <load_address>0x524</load_address>
         <readonly>true</readonly>
         <executable>true</executable>
         <run_address>0x524</run_address>
         <size>0x4</size>
         <alignment>0x2</alignment>
         <input_file_ref idref="fl-2a"/>
      </object_component>
      <object_component id="oc-132">
         <name>.cinit..bss.load</name>
         <load_address>0x548</load_address>
         <readonly>true</readonly>
         <run_address>0x548</run_address>
         <size>0x8</size>
         <alignment>0x4</alignment>
      </object_component>
      <object_component id="oc-130">
         <name>__TI_handler_table</name>
         <load_address>0x550</load_address>
         <readonly>true</readonly>
         <run_address>0x550</run_address>
         <size>0x4</size>
         <alignment>0x4</alignment>
      </object_component>
      <object_component id="oc-131">
         <name>__TI_cinit_table</name>
         <load_address>0x554</load_address>
         <readonly>true</readonly>
         <run_address>0x554</run_address>
         <size>0x8</size>
         <alignment>0x4</alignment>
      </object_component>
      <object_component id="oc-d9">
         <name>.rodata.gTIMER_0TimerConfig</name>
         <load_address>0x528</load_address>
         <readonly>true</readonly>
         <run_address>0x528</run_address>
         <size>0x14</size>
         <alignment>0x4</alignment>
         <input_file_ref idref="fl-1"/>
      </object_component>
      <object_component id="oc-e0">
         <name>.rodata.gADC12_0ClockConfig</name>
         <load_address>0x53c</load_address>
         <readonly>true</readonly>
         <run_address>0x53c</run_address>
         <size>0x8</size>
         <alignment>0x4</alignment>
         <input_file_ref idref="fl-1"/>
      </object_component>
      <object_component id="oc-d8">
         <name>.rodata.gTIMER_0ClockConfig</name>
         <load_address>0x544</load_address>
         <readonly>true</readonly>
         <run_address>0x544</run_address>
         <size>0x3</size>
         <alignment>0x1</alignment>
         <input_file_ref idref="fl-1"/>
      </object_component>
      <object_component id="oc-fa">
         <name>.binit</name>
         <load_address>0x0</load_address>
         <readonly>true</readonly>
         <run_address>0x0</run_address>
         <size>0x0</size>
         <alignment>0x4</alignment>
      </object_component>
      <object_component id="oc-bd">
         <name>.common:gTIMER_0Backup</name>
         <uninitialized>true</uninitialized>
         <readwrite>true</readwrite>
         <run_address>0x20200000</run_address>
         <size>0xa0</size>
         <alignment>0x4</alignment>
      </object_component>
      <object_component id="oc-65">
         <name>.common:fGain</name>
         <uninitialized>true</uninitialized>
         <readwrite>true</readwrite>
         <run_address>0x202000a4</run_address>
         <size>0x4</size>
         <alignment>0x4</alignment>
      </object_component>
      <object_component id="oc-63">
         <name>.common:scale_factor</name>
         <uninitialized>true</uninitialized>
         <readwrite>true</readwrite>
         <run_address>0x202000a8</run_address>
         <size>0x4</size>
         <alignment>0x4</alignment>
      </object_component>
      <object_component id="oc-64">
         <name>.common:u16ADCvalue</name>
         <uninitialized>true</uninitialized>
         <readwrite>true</readwrite>
         <run_address>0x202000ac</run_address>
         <size>0x2</size>
         <alignment>0x2</alignment>
      </object_component>
      <object_component id="oc-66">
         <name>.common:V</name>
         <uninitialized>true</uninitialized>
         <readwrite>true</readwrite>
         <run_address>0x202000a0</run_address>
         <size>0x4</size>
         <alignment>0x4</alignment>
      </object_component>
      <object_component id="oc-1a">
         <name>.stack</name>
         <uninitialized>true</uninitialized>
         <readwrite>true</readwrite>
         <run_address>0x20207e00</run_address>
         <size>0x4</size>
         <alignment>0x4</alignment>
         <input_file_ref idref="fl-22"/>
      </object_component>
      <object_component id="oc-134">
         <name>.stack</name>
         <uninitialized>true</uninitialized>
         <readwrite>true</readwrite>
         <run_address>0x20207e00</run_address>
         <size>0x0</size>
         <alignment>0x8</alignment>
      </object_component>
      <object_component id="oc-ba">
         <name>.debug_loc</name>
         <load_address>0x0</load_address>
         <run_address>0x0</run_address>
         <size>0x9d</size>
         <alignment>0x1</alignment>
         <input_file_ref idref="fl-1"/>
      </object_component>
      <object_component id="oc-de">
         <name>.debug_loc</name>
         <load_address>0x9d</load_address>
         <run_address>0x9d</run_address>
         <size>0xc7</size>
         <alignment>0x1</alignment>
         <input_file_ref idref="fl-11"/>
      </object_component>
      <object_component id="oc-ec">
         <name>.debug_loc</name>
         <load_address>0x164</load_address>
         <run_address>0x164</run_address>
         <size>0x13</size>
         <alignment>0x1</alignment>
         <input_file_ref idref="fl-12"/>
      </object_component>
      <object_component id="oc-d2">
         <name>.debug_loc</name>
         <load_address>0x177</load_address>
         <run_address>0x177</run_address>
         <size>0x1879</size>
         <alignment>0x1</alignment>
         <input_file_ref idref="fl-13"/>
      </object_component>
      <object_component id="oc-3f">
         <name>.debug_loc</name>
         <load_address>0x19f0</load_address>
         <run_address>0x19f0</run_address>
         <size>0xd8</size>
         <alignment>0x1</alignment>
         <input_file_ref idref="fl-22"/>
      </object_component>
      <object_component id="oc-9e">
         <name>.debug_loc</name>
         <load_address>0x1ac8</load_address>
         <run_address>0x1ac8</run_address>
         <size>0x480</size>
         <alignment>0x1</alignment>
         <input_file_ref idref="fl-24"/>
      </object_component>
      <object_component id="oc-4c">
         <name>.debug_loc</name>
         <load_address>0x1f48</load_address>
         <run_address>0x1f48</run_address>
         <size>0x16c</size>
         <alignment>0x1</alignment>
         <input_file_ref idref="fl-27"/>
      </object_component>
      <object_component id="oc-9c">
         <name>.debug_loc</name>
         <load_address>0x20b4</load_address>
         <run_address>0x20b4</run_address>
         <size>0x26</size>
         <alignment>0x1</alignment>
         <input_file_ref idref="fl-2a"/>
      </object_component>
      <object_component id="oc-be">
         <name>.debug_abbrev</name>
         <load_address>0x0</load_address>
         <run_address>0x0</run_address>
         <size>0x21b</size>
         <alignment>0x1</alignment>
         <input_file_ref idref="fl-1"/>
      </object_component>
      <object_component id="oc-39">
         <name>.debug_abbrev</name>
         <load_address>0x21b</load_address>
         <run_address>0x21b</run_address>
         <size>0x6d</size>
         <alignment>0x1</alignment>
         <input_file_ref idref="fl-2"/>
      </object_component>
      <object_component id="oc-67">
         <name>.debug_abbrev</name>
         <load_address>0x288</load_address>
         <run_address>0x288</run_address>
         <size>0x1fe</size>
         <alignment>0x1</alignment>
         <input_file_ref idref="fl-3"/>
      </object_component>
      <object_component id="oc-ef">
         <name>.debug_abbrev</name>
         <load_address>0x486</load_address>
         <run_address>0x486</run_address>
         <size>0x171</size>
         <alignment>0x1</alignment>
         <input_file_ref idref="fl-11"/>
      </object_component>
      <object_component id="oc-ea">
         <name>.debug_abbrev</name>
         <load_address>0x5f7</load_address>
         <run_address>0x5f7</run_address>
         <size>0x62</size>
         <alignment>0x1</alignment>
         <input_file_ref idref="fl-12"/>
      </object_component>
      <object_component id="oc-ed">
         <name>.debug_abbrev</name>
         <load_address>0x659</load_address>
         <run_address>0x659</run_address>
         <size>0x23b</size>
         <alignment>0x1</alignment>
         <input_file_ref idref="fl-13"/>
      </object_component>
      <object_component id="oc-3b">
         <name>.debug_abbrev</name>
         <load_address>0x894</load_address>
         <run_address>0x894</run_address>
         <size>0xaf</size>
         <alignment>0x1</alignment>
         <input_file_ref idref="fl-22"/>
      </object_component>
      <object_component id="oc-c6">
         <name>.debug_abbrev</name>
         <load_address>0x943</load_address>
         <run_address>0x943</run_address>
         <size>0x186</size>
         <alignment>0x1</alignment>
         <input_file_ref idref="fl-24"/>
      </object_component>
      <object_component id="oc-8f">
         <name>.debug_abbrev</name>
         <load_address>0xac9</load_address>
         <run_address>0xac9</run_address>
         <size>0x39</size>
         <alignment>0x1</alignment>
         <input_file_ref idref="fl-25"/>
      </object_component>
      <object_component id="oc-6b">
         <name>.debug_abbrev</name>
         <load_address>0xb02</load_address>
         <run_address>0xb02</run_address>
         <size>0xc2</size>
         <alignment>0x1</alignment>
         <input_file_ref idref="fl-27"/>
      </object_component>
      <object_component id="oc-c0">
         <name>.debug_abbrev</name>
         <load_address>0xbc4</load_address>
         <run_address>0xbc4</run_address>
         <size>0xb3</size>
         <alignment>0x1</alignment>
         <input_file_ref idref="fl-2a"/>
      </object_component>
      <object_component id="oc-86">
         <name>.debug_abbrev</name>
         <load_address>0xc77</load_address>
         <run_address>0xc77</run_address>
         <size>0x27</size>
         <alignment>0x1</alignment>
         <input_file_ref idref="fl-92"/>
      </object_component>
      <object_component id="oc-81">
         <name>.debug_abbrev</name>
         <load_address>0xc9e</load_address>
         <run_address>0xc9e</run_address>
         <size>0x27</size>
         <alignment>0x1</alignment>
         <input_file_ref idref="fl-93"/>
      </object_component>
      <object_component id="oc-af">
         <name>.debug_abbrev</name>
         <load_address>0xcc5</load_address>
         <run_address>0xcc5</run_address>
         <size>0x27</size>
         <alignment>0x1</alignment>
         <input_file_ref idref="fl-96"/>
      </object_component>
      <object_component id="oc-136">
         <name>.debug_abbrev</name>
         <load_address>0xcec</load_address>
         <run_address>0xcec</run_address>
         <size>0xf</size>
         <alignment>0x0</alignment>
      </object_component>
      <object_component id="oc-95">
         <name>.debug_info</name>
         <load_address>0x0</load_address>
         <run_address>0x0</run_address>
         <size>0x32ce</size>
         <alignment>0x1</alignment>
         <input_file_ref idref="fl-1"/>
      </object_component>
      <object_component id="oc-19">
         <name>.debug_info</name>
         <load_address>0x32ce</load_address>
         <run_address>0x32ce</run_address>
         <size>0x80</size>
         <alignment>0x1</alignment>
         <input_file_ref idref="fl-2"/>
      </object_component>
      <object_component id="oc-36">
         <name>.debug_info</name>
         <load_address>0x334e</load_address>
         <run_address>0x334e</run_address>
         <size>0x10c7</size>
         <alignment>0x1</alignment>
         <input_file_ref idref="fl-3"/>
      </object_component>
      <object_component id="oc-db">
         <name>.debug_info</name>
         <load_address>0x4415</load_address>
         <run_address>0x4415</run_address>
         <size>0x731</size>
         <alignment>0x1</alignment>
         <input_file_ref idref="fl-11"/>
      </object_component>
      <object_component id="oc-d0">
         <name>.debug_info</name>
         <load_address>0x4b46</load_address>
         <run_address>0x4b46</run_address>
         <size>0x75</size>
         <alignment>0x1</alignment>
         <input_file_ref idref="fl-12"/>
      </object_component>
      <object_component id="oc-d6">
         <name>.debug_info</name>
         <load_address>0x4bbb</load_address>
         <run_address>0x4bbb</run_address>
         <size>0x2f4b</size>
         <alignment>0x1</alignment>
         <input_file_ref idref="fl-13"/>
      </object_component>
      <object_component id="oc-1b">
         <name>.debug_info</name>
         <load_address>0x7b06</load_address>
         <run_address>0x7b06</run_address>
         <size>0x423</size>
         <alignment>0x1</alignment>
         <input_file_ref idref="fl-22"/>
      </object_component>
      <object_component id="oc-a1">
         <name>.debug_info</name>
         <load_address>0x7f29</load_address>
         <run_address>0x7f29</run_address>
         <size>0x74a</size>
         <alignment>0x1</alignment>
         <input_file_ref idref="fl-24"/>
      </object_component>
      <object_component id="oc-74">
         <name>.debug_info</name>
         <load_address>0x8673</load_address>
         <run_address>0x8673</run_address>
         <size>0x46</size>
         <alignment>0x1</alignment>
         <input_file_ref idref="fl-25"/>
      </object_component>
      <object_component id="oc-4f">
         <name>.debug_info</name>
         <load_address>0x86b9</load_address>
         <run_address>0x86b9</run_address>
         <size>0x192</size>
         <alignment>0x1</alignment>
         <input_file_ref idref="fl-27"/>
      </object_component>
      <object_component id="oc-97">
         <name>.debug_info</name>
         <load_address>0x884b</load_address>
         <run_address>0x884b</run_address>
         <size>0xed</size>
         <alignment>0x1</alignment>
         <input_file_ref idref="fl-2a"/>
      </object_component>
      <object_component id="oc-60">
         <name>.debug_info</name>
         <load_address>0x8938</load_address>
         <run_address>0x8938</run_address>
         <size>0x192</size>
         <alignment>0x1</alignment>
         <input_file_ref idref="fl-92"/>
      </object_component>
      <object_component id="oc-5c">
         <name>.debug_info</name>
         <load_address>0x8aca</load_address>
         <run_address>0x8aca</run_address>
         <size>0x19c</size>
         <alignment>0x1</alignment>
         <input_file_ref idref="fl-93"/>
      </object_component>
      <object_component id="oc-84">
         <name>.debug_info</name>
         <load_address>0x8c66</load_address>
         <run_address>0x8c66</run_address>
         <size>0x194</size>
         <alignment>0x1</alignment>
         <input_file_ref idref="fl-96"/>
      </object_component>
      <object_component id="oc-135">
         <name>.debug_info</name>
         <load_address>0x8dfa</load_address>
         <run_address>0x8dfa</run_address>
         <size>0xa2</size>
         <alignment>0x0</alignment>
      </object_component>
      <object_component id="oc-92">
         <name>.debug_ranges</name>
         <load_address>0x0</load_address>
         <run_address>0x0</run_address>
         <size>0x48</size>
         <alignment>0x1</alignment>
         <input_file_ref idref="fl-1"/>
      </object_component>
      <object_component id="oc-32">
         <name>.debug_ranges</name>
         <load_address>0x48</load_address>
         <run_address>0x48</run_address>
         <size>0x18</size>
         <alignment>0x1</alignment>
         <input_file_ref idref="fl-2"/>
      </object_component>
      <object_component id="oc-38">
         <name>.debug_ranges</name>
         <load_address>0x60</load_address>
         <run_address>0x60</run_address>
         <size>0x38</size>
         <alignment>0x1</alignment>
         <input_file_ref idref="fl-3"/>
      </object_component>
      <object_component id="oc-dc">
         <name>.debug_ranges</name>
         <load_address>0x98</load_address>
         <run_address>0x98</run_address>
         <size>0x18</size>
         <alignment>0x1</alignment>
         <input_file_ref idref="fl-11"/>
      </object_component>
      <object_component id="oc-d5">
         <name>.debug_ranges</name>
         <load_address>0xb0</load_address>
         <run_address>0xb0</run_address>
         <size>0x168</size>
         <alignment>0x1</alignment>
         <input_file_ref idref="fl-13"/>
      </object_component>
      <object_component id="oc-3e">
         <name>.debug_ranges</name>
         <load_address>0x218</load_address>
         <run_address>0x218</run_address>
         <size>0x48</size>
         <alignment>0x1</alignment>
         <input_file_ref idref="fl-22"/>
      </object_component>
      <object_component id="oc-9f">
         <name>.debug_ranges</name>
         <load_address>0x260</load_address>
         <run_address>0x260</run_address>
         <size>0xa8</size>
         <alignment>0x1</alignment>
         <input_file_ref idref="fl-24"/>
      </object_component>
      <object_component id="oc-4e">
         <name>.debug_ranges</name>
         <load_address>0x308</load_address>
         <run_address>0x308</run_address>
         <size>0x18</size>
         <alignment>0x1</alignment>
         <input_file_ref idref="fl-27"/>
      </object_component>
      <object_component id="oc-99">
         <name>.debug_ranges</name>
         <load_address>0x320</load_address>
         <run_address>0x320</run_address>
         <size>0x18</size>
         <alignment>0x1</alignment>
         <input_file_ref idref="fl-2a"/>
      </object_component>
      <object_component id="oc-bf">
         <name>.debug_str</name>
         <load_address>0x0</load_address>
         <run_address>0x0</run_address>
         <size>0x20ea</size>
         <alignment>0x1</alignment>
         <input_file_ref idref="fl-1"/>
      </object_component>
      <object_component id="oc-3a">
         <name>.debug_str</name>
         <load_address>0x20ea</load_address>
         <run_address>0x20ea</run_address>
         <size>0x159</size>
         <alignment>0x1</alignment>
         <input_file_ref idref="fl-2"/>
      </object_component>
      <object_component id="oc-68">
         <name>.debug_str</name>
         <load_address>0x2243</load_address>
         <run_address>0x2243</run_address>
         <size>0xb1e</size>
         <alignment>0x1</alignment>
         <input_file_ref idref="fl-3"/>
      </object_component>
      <object_component id="oc-f0">
         <name>.debug_str</name>
         <load_address>0x2d61</load_address>
         <run_address>0x2d61</run_address>
         <size>0x63b</size>
         <alignment>0x1</alignment>
         <input_file_ref idref="fl-11"/>
      </object_component>
      <object_component id="oc-eb">
         <name>.debug_str</name>
         <load_address>0x339c</load_address>
         <run_address>0x339c</run_address>
         <size>0x177</size>
         <alignment>0x1</alignment>
         <input_file_ref idref="fl-12"/>
      </object_component>
      <object_component id="oc-ee">
         <name>.debug_str</name>
         <load_address>0x3513</load_address>
         <run_address>0x3513</run_address>
         <size>0x1c1d</size>
         <alignment>0x1</alignment>
         <input_file_ref idref="fl-13"/>
      </object_component>
      <object_component id="oc-3c">
         <name>.debug_str</name>
         <load_address>0x5130</load_address>
         <run_address>0x5130</run_address>
         <size>0x225</size>
         <alignment>0x1</alignment>
         <input_file_ref idref="fl-22"/>
      </object_component>
      <object_component id="oc-c7">
         <name>.debug_str</name>
         <load_address>0x5355</load_address>
         <run_address>0x5355</run_address>
         <size>0x32f</size>
         <alignment>0x1</alignment>
         <input_file_ref idref="fl-24"/>
      </object_component>
      <object_component id="oc-90">
         <name>.debug_str</name>
         <load_address>0x5684</load_address>
         <run_address>0x5684</run_address>
         <size>0xf5</size>
         <alignment>0x1</alignment>
         <input_file_ref idref="fl-25"/>
      </object_component>
      <object_component id="oc-6c">
         <name>.debug_str</name>
         <load_address>0x5779</load_address>
         <run_address>0x5779</run_address>
         <size>0x19b</size>
         <alignment>0x1</alignment>
         <input_file_ref idref="fl-27"/>
      </object_component>
      <object_component id="oc-c1">
         <name>.debug_str</name>
         <load_address>0x5914</load_address>
         <run_address>0x5914</run_address>
         <size>0x13f</size>
         <alignment>0x1</alignment>
         <input_file_ref idref="fl-2a"/>
      </object_component>
      <object_component id="oc-93">
         <name>.debug_frame</name>
         <load_address>0x0</load_address>
         <run_address>0x0</run_address>
         <size>0xc0</size>
         <alignment>0x4</alignment>
         <input_file_ref idref="fl-1"/>
      </object_component>
      <object_component id="oc-30">
         <name>.debug_frame</name>
         <load_address>0xc0</load_address>
         <run_address>0xc0</run_address>
         <size>0x30</size>
         <alignment>0x4</alignment>
         <input_file_ref idref="fl-2"/>
      </object_component>
      <object_component id="oc-37">
         <name>.debug_frame</name>
         <load_address>0xf0</load_address>
         <run_address>0xf0</run_address>
         <size>0x84</size>
         <alignment>0x4</alignment>
         <input_file_ref idref="fl-3"/>
      </object_component>
      <object_component id="oc-df">
         <name>.debug_frame</name>
         <load_address>0x174</load_address>
         <run_address>0x174</run_address>
         <size>0x4c</size>
         <alignment>0x4</alignment>
         <input_file_ref idref="fl-11"/>
      </object_component>
      <object_component id="oc-cf">
         <name>.debug_frame</name>
         <load_address>0x1c0</load_address>
         <run_address>0x1c0</run_address>
         <size>0x20</size>
         <alignment>0x4</alignment>
         <input_file_ref idref="fl-12"/>
      </object_component>
      <object_component id="oc-d3">
         <name>.debug_frame</name>
         <load_address>0x1e0</load_address>
         <run_address>0x1e0</run_address>
         <size>0x3e0</size>
         <alignment>0x4</alignment>
         <input_file_ref idref="fl-13"/>
      </object_component>
      <object_component id="oc-53">
         <name>.debug_frame</name>
         <load_address>0x5c0</load_address>
         <run_address>0x5c0</run_address>
         <size>0x90</size>
         <alignment>0x4</alignment>
         <input_file_ref idref="fl-22"/>
      </object_component>
      <object_component id="oc-a0">
         <name>.debug_frame</name>
         <load_address>0x650</load_address>
         <run_address>0x650</run_address>
         <size>0x100</size>
         <alignment>0x4</alignment>
         <input_file_ref idref="fl-24"/>
      </object_component>
      <object_component id="oc-75">
         <name>.debug_frame</name>
         <load_address>0x750</load_address>
         <run_address>0x750</run_address>
         <size>0x20</size>
         <alignment>0x4</alignment>
         <input_file_ref idref="fl-25"/>
      </object_component>
      <object_component id="oc-50">
         <name>.debug_frame</name>
         <load_address>0x770</load_address>
         <run_address>0x770</run_address>
         <size>0x38</size>
         <alignment>0x4</alignment>
         <input_file_ref idref="fl-27"/>
      </object_component>
      <object_component id="oc-98">
         <name>.debug_frame</name>
         <load_address>0x7a8</load_address>
         <run_address>0x7a8</run_address>
         <size>0x30</size>
         <alignment>0x4</alignment>
         <input_file_ref idref="fl-2a"/>
      </object_component>
      <object_component id="oc-94">
         <name>.debug_line</name>
         <load_address>0x0</load_address>
         <run_address>0x0</run_address>
         <size>0x4af</size>
         <alignment>0x1</alignment>
         <input_file_ref idref="fl-1"/>
      </object_component>
      <object_component id="oc-31">
         <name>.debug_line</name>
         <load_address>0x4af</load_address>
         <run_address>0x4af</run_address>
         <size>0xba</size>
         <alignment>0x1</alignment>
         <input_file_ref idref="fl-2"/>
      </object_component>
      <object_component id="oc-35">
         <name>.debug_line</name>
         <load_address>0x569</load_address>
         <run_address>0x569</run_address>
         <size>0x34e</size>
         <alignment>0x1</alignment>
         <input_file_ref idref="fl-3"/>
      </object_component>
      <object_component id="oc-dd">
         <name>.debug_line</name>
         <load_address>0x8b7</load_address>
         <run_address>0x8b7</run_address>
         <size>0x1f1</size>
         <alignment>0x1</alignment>
         <input_file_ref idref="fl-11"/>
      </object_component>
      <object_component id="oc-ce">
         <name>.debug_line</name>
         <load_address>0xaa8</load_address>
         <run_address>0xaa8</run_address>
         <size>0xe4</size>
         <alignment>0x1</alignment>
         <input_file_ref idref="fl-12"/>
      </object_component>
      <object_component id="oc-d4">
         <name>.debug_line</name>
         <load_address>0xb8c</load_address>
         <run_address>0xb8c</run_address>
         <size>0x15e8</size>
         <alignment>0x1</alignment>
         <input_file_ref idref="fl-13"/>
      </object_component>
      <object_component id="oc-3d">
         <name>.debug_line</name>
         <load_address>0x2174</load_address>
         <run_address>0x2174</run_address>
         <size>0x1fe</size>
         <alignment>0x1</alignment>
         <input_file_ref idref="fl-22"/>
      </object_component>
      <object_component id="oc-a2">
         <name>.debug_line</name>
         <load_address>0x2372</load_address>
         <run_address>0x2372</run_address>
         <size>0x4fb</size>
         <alignment>0x1</alignment>
         <input_file_ref idref="fl-24"/>
      </object_component>
      <object_component id="oc-73">
         <name>.debug_line</name>
         <load_address>0x286d</load_address>
         <run_address>0x286d</run_address>
         <size>0x3e</size>
         <alignment>0x1</alignment>
         <input_file_ref idref="fl-25"/>
      </object_component>
      <object_component id="oc-4d">
         <name>.debug_line</name>
         <load_address>0x28ab</load_address>
         <run_address>0x28ab</run_address>
         <size>0xf8</size>
         <alignment>0x1</alignment>
         <input_file_ref idref="fl-27"/>
      </object_component>
      <object_component id="oc-9a">
         <name>.debug_line</name>
         <load_address>0x29a3</load_address>
         <run_address>0x29a3</run_address>
         <size>0x6b</size>
         <alignment>0x1</alignment>
         <input_file_ref idref="fl-2a"/>
      </object_component>
      <object_component id="oc-62">
         <name>.debug_line</name>
         <load_address>0x2a0e</load_address>
         <run_address>0x2a0e</run_address>
         <size>0xe0</size>
         <alignment>0x1</alignment>
         <input_file_ref idref="fl-92"/>
      </object_component>
      <object_component id="oc-5e">
         <name>.debug_line</name>
         <load_address>0x2aee</load_address>
         <run_address>0x2aee</run_address>
         <size>0xb4</size>
         <alignment>0x1</alignment>
         <input_file_ref idref="fl-93"/>
      </object_component>
      <object_component id="oc-83">
         <name>.debug_line</name>
         <load_address>0x2ba2</load_address>
         <run_address>0x2ba2</run_address>
         <size>0xb9</size>
         <alignment>0x1</alignment>
         <input_file_ref idref="fl-96"/>
      </object_component>
      <object_component id="oc-61">
         <name>.debug_aranges</name>
         <load_address>0x0</load_address>
         <run_address>0x0</run_address>
         <size>0x20</size>
         <alignment>0x1</alignment>
         <input_file_ref idref="fl-92"/>
      </object_component>
      <object_component id="oc-5d">
         <name>.debug_aranges</name>
         <load_address>0x20</load_address>
         <run_address>0x20</run_address>
         <size>0x20</size>
         <alignment>0x1</alignment>
         <input_file_ref idref="fl-93"/>
      </object_component>
      <object_component id="oc-85">
         <name>.debug_aranges</name>
         <load_address>0x40</load_address>
         <run_address>0x40</run_address>
         <size>0x20</size>
         <alignment>0x1</alignment>
         <input_file_ref idref="fl-96"/>
      </object_component>
   </object_component_list>
   <logical_group_list>
      <logical_group id="lg-2" display="no" color="cyan">
         <name>.intvecs</name>
         <load_address>0x0</load_address>
         <run_address>0x0</run_address>
         <size>0xc0</size>
         <contents>
            <object_component_ref idref="oc-18"/>
         </contents>
      </logical_group>
      <logical_group id="lg-3" display="no" color="cyan">
         <name>.text</name>
         <load_address>0xc0</load_address>
         <run_address>0xc0</run_address>
         <size>0x468</size>
         <contents>
            <object_component_ref idref="oc-d7"/>
            <object_component_ref idref="oc-5f"/>
            <object_component_ref idref="oc-34"/>
            <object_component_ref idref="oc-bc"/>
            <object_component_ref idref="oc-da"/>
            <object_component_ref idref="oc-b7"/>
            <object_component_ref idref="oc-9d"/>
            <object_component_ref idref="oc-82"/>
            <object_component_ref idref="oc-33"/>
            <object_component_ref idref="oc-bb"/>
            <object_component_ref idref="oc-b9"/>
            <object_component_ref idref="oc-5b"/>
            <object_component_ref idref="oc-54"/>
            <object_component_ref idref="oc-91"/>
            <object_component_ref idref="oc-76"/>
            <object_component_ref idref="oc-d1"/>
            <object_component_ref idref="oc-b8"/>
            <object_component_ref idref="oc-4b"/>
            <object_component_ref idref="oc-cd"/>
            <object_component_ref idref="oc-2f"/>
            <object_component_ref idref="oc-72"/>
            <object_component_ref idref="oc-96"/>
         </contents>
      </logical_group>
      <logical_group id="lg-4" display="no" color="cyan">
         <name>.const</name>
         <run_address>0x0</run_address>
         <size>0x0</size>
         <contents>
         </contents>
      </logical_group>
      <logical_group id="lg-5" display="no" color="cyan">
         <name>.cinit</name>
         <load_address>0x548</load_address>
         <run_address>0x548</run_address>
         <size>0x18</size>
         <contents>
            <object_component_ref idref="oc-132"/>
            <object_component_ref idref="oc-130"/>
            <object_component_ref idref="oc-131"/>
         </contents>
      </logical_group>
      <logical_group id="lg-6" display="no" color="cyan">
         <name>.pinit</name>
         <run_address>0x0</run_address>
         <size>0x0</size>
         <contents>
         </contents>
      </logical_group>
      <logical_group id="lg-7" display="no" color="cyan">
         <name>.rodata</name>
         <load_address>0x528</load_address>
         <run_address>0x528</run_address>
         <size>0x20</size>
         <contents>
            <object_component_ref idref="oc-d9"/>
            <object_component_ref idref="oc-e0"/>
            <object_component_ref idref="oc-d8"/>
         </contents>
      </logical_group>
      <logical_group id="lg-8" display="no" color="cyan">
         <name>.ARM.exidx</name>
         <run_address>0x0</run_address>
         <size>0x0</size>
         <contents>
         </contents>
      </logical_group>
      <logical_group id="lg-9" display="no" color="cyan">
         <name>.init_array</name>
         <run_address>0x0</run_address>
         <size>0x0</size>
         <contents>
         </contents>
      </logical_group>
      <logical_group id="lg-a" display="no" color="cyan">
         <name>.binit</name>
         <load_address>0x0</load_address>
         <run_address>0x0</run_address>
         <size>0x0</size>
         <contents>
            <object_component_ref idref="oc-fa"/>
         </contents>
      </logical_group>
      <logical_group id="lg-b" display="no" color="cyan">
         <name>.TI.ramfunc</name>
         <run_address>0x0</run_address>
         <size>0x0</size>
         <contents>
         </contents>
      </logical_group>
      <logical_group id="lg-c" display="no" color="cyan">
         <name>.vtable</name>
         <run_address>0x0</run_address>
         <size>0x0</size>
         <contents>
         </contents>
      </logical_group>
      <logical_group id="lg-d" display="no" color="cyan">
         <name>.args</name>
         <run_address>0x0</run_address>
         <size>0x0</size>
         <contents>
         </contents>
      </logical_group>
      <logical_group id="lg-e" display="no" color="cyan">
         <name>.data</name>
         <run_address>0x0</run_address>
         <size>0x0</size>
         <contents>
         </contents>
      </logical_group>
      <logical_group id="lg-f" display="no" color="cyan">
         <name>.bss</name>
         <run_address>0x20200000</run_address>
         <size>0xae</size>
         <contents>
            <object_component_ref idref="oc-bd"/>
            <object_component_ref idref="oc-65"/>
            <object_component_ref idref="oc-63"/>
            <object_component_ref idref="oc-64"/>
            <object_component_ref idref="oc-66"/>
         </contents>
      </logical_group>
      <logical_group id="lg-10" display="no" color="cyan">
         <name>.sysmem</name>
         <run_address>0x0</run_address>
         <size>0x0</size>
         <contents>
         </contents>
      </logical_group>
      <logical_group id="lg-11" display="no" color="cyan">
         <name>.stack</name>
         <run_address>0x20207e00</run_address>
         <size>0x200</size>
         <contents>
            <object_component_ref idref="oc-1a"/>
            <object_component_ref idref="oc-134"/>
         </contents>
      </logical_group>
      <logical_group id="lg-12" display="no" color="cyan">
         <name>.BCRConfig</name>
         <run_address>0x0</run_address>
         <size>0x0</size>
         <contents>
         </contents>
      </logical_group>
      <logical_group id="lg-13" display="no" color="cyan">
         <name>.BSLConfig</name>
         <run_address>0x0</run_address>
         <size>0x0</size>
         <contents>
         </contents>
      </logical_group>
      <logical_group id="lg-f1" display="no" color="cyan">
         <name>.TI.noinit</name>
         <run_address>0x0</run_address>
         <size>0x0</size>
         <contents>
         </contents>
      </logical_group>
      <logical_group id="lg-f2" display="no" color="cyan">
         <name>.TI.persistent</name>
         <run_address>0x0</run_address>
         <size>0x0</size>
         <contents>
         </contents>
      </logical_group>
      <logical_group id="lg-f3" display="no" color="cyan">
         <name>.TI.local</name>
         <run_address>0x0</run_address>
         <size>0x0</size>
         <contents>
         </contents>
      </logical_group>
      <logical_group id="lg-f4" display="no" color="cyan">
         <name>.TI.onchip</name>
         <run_address>0x0</run_address>
         <size>0x0</size>
         <contents>
         </contents>
      </logical_group>
      <logical_group id="lg-f5" display="no" color="cyan">
         <name>.TI.offchip</name>
         <run_address>0x0</run_address>
         <size>0x0</size>
         <contents>
         </contents>
      </logical_group>
      <logical_group id="lg-f6" display="no" color="cyan">
         <name>__llvm_prf_cnts</name>
         <run_address>0x20200000</run_address>
         <size>0x0</size>
         <contents>
         </contents>
      </logical_group>
      <logical_group id="lg-f8" display="no" color="cyan">
         <name>__llvm_prf_bits</name>
         <run_address>0x20200000</run_address>
         <size>0x0</size>
         <contents>
         </contents>
      </logical_group>
      <logical_group id="lg-114" display="never" color="cyan">
         <name>.debug_loc</name>
         <load_address>0x0</load_address>
         <run_address>0x0</run_address>
         <size>0x20da</size>
         <contents>
            <object_component_ref idref="oc-ba"/>
            <object_component_ref idref="oc-de"/>
            <object_component_ref idref="oc-ec"/>
            <object_component_ref idref="oc-d2"/>
            <object_component_ref idref="oc-3f"/>
            <object_component_ref idref="oc-9e"/>
            <object_component_ref idref="oc-4c"/>
            <object_component_ref idref="oc-9c"/>
         </contents>
      </logical_group>
      <logical_group id="lg-116" display="never" color="cyan">
         <name>.debug_abbrev</name>
         <load_address>0x0</load_address>
         <run_address>0x0</run_address>
         <size>0xcfb</size>
         <contents>
            <object_component_ref idref="oc-be"/>
            <object_component_ref idref="oc-39"/>
            <object_component_ref idref="oc-67"/>
            <object_component_ref idref="oc-ef"/>
            <object_component_ref idref="oc-ea"/>
            <object_component_ref idref="oc-ed"/>
            <object_component_ref idref="oc-3b"/>
            <object_component_ref idref="oc-c6"/>
            <object_component_ref idref="oc-8f"/>
            <object_component_ref idref="oc-6b"/>
            <object_component_ref idref="oc-c0"/>
            <object_component_ref idref="oc-86"/>
            <object_component_ref idref="oc-81"/>
            <object_component_ref idref="oc-af"/>
            <object_component_ref idref="oc-136"/>
         </contents>
      </logical_group>
      <logical_group id="lg-118" display="never" color="cyan">
         <name>.debug_info</name>
         <load_address>0x0</load_address>
         <run_address>0x0</run_address>
         <size>0x8e9c</size>
         <contents>
            <object_component_ref idref="oc-95"/>
            <object_component_ref idref="oc-19"/>
            <object_component_ref idref="oc-36"/>
            <object_component_ref idref="oc-db"/>
            <object_component_ref idref="oc-d0"/>
            <object_component_ref idref="oc-d6"/>
            <object_component_ref idref="oc-1b"/>
            <object_component_ref idref="oc-a1"/>
            <object_component_ref idref="oc-74"/>
            <object_component_ref idref="oc-4f"/>
            <object_component_ref idref="oc-97"/>
            <object_component_ref idref="oc-60"/>
            <object_component_ref idref="oc-5c"/>
            <object_component_ref idref="oc-84"/>
            <object_component_ref idref="oc-135"/>
         </contents>
      </logical_group>
      <logical_group id="lg-11a" display="never" color="cyan">
         <name>.debug_ranges</name>
         <load_address>0x0</load_address>
         <run_address>0x0</run_address>
         <size>0x338</size>
         <contents>
            <object_component_ref idref="oc-92"/>
            <object_component_ref idref="oc-32"/>
            <object_component_ref idref="oc-38"/>
            <object_component_ref idref="oc-dc"/>
            <object_component_ref idref="oc-d5"/>
            <object_component_ref idref="oc-3e"/>
            <object_component_ref idref="oc-9f"/>
            <object_component_ref idref="oc-4e"/>
            <object_component_ref idref="oc-99"/>
         </contents>
      </logical_group>
      <logical_group id="lg-11c" display="never" color="cyan">
         <name>.debug_str</name>
         <load_address>0x0</load_address>
         <run_address>0x0</run_address>
         <size>0x5a53</size>
         <contents>
            <object_component_ref idref="oc-bf"/>
            <object_component_ref idref="oc-3a"/>
            <object_component_ref idref="oc-68"/>
            <object_component_ref idref="oc-f0"/>
            <object_component_ref idref="oc-eb"/>
            <object_component_ref idref="oc-ee"/>
            <object_component_ref idref="oc-3c"/>
            <object_component_ref idref="oc-c7"/>
            <object_component_ref idref="oc-90"/>
            <object_component_ref idref="oc-6c"/>
            <object_component_ref idref="oc-c1"/>
         </contents>
      </logical_group>
      <logical_group id="lg-11e" display="never" color="cyan">
         <name>.debug_frame</name>
         <load_address>0x0</load_address>
         <run_address>0x0</run_address>
         <size>0x7d8</size>
         <contents>
            <object_component_ref idref="oc-93"/>
            <object_component_ref idref="oc-30"/>
            <object_component_ref idref="oc-37"/>
            <object_component_ref idref="oc-df"/>
            <object_component_ref idref="oc-cf"/>
            <object_component_ref idref="oc-d3"/>
            <object_component_ref idref="oc-53"/>
            <object_component_ref idref="oc-a0"/>
            <object_component_ref idref="oc-75"/>
            <object_component_ref idref="oc-50"/>
            <object_component_ref idref="oc-98"/>
         </contents>
      </logical_group>
      <logical_group id="lg-120" display="never" color="cyan">
         <name>.debug_line</name>
         <load_address>0x0</load_address>
         <run_address>0x0</run_address>
         <size>0x2c5b</size>
         <contents>
            <object_component_ref idref="oc-94"/>
            <object_component_ref idref="oc-31"/>
            <object_component_ref idref="oc-35"/>
            <object_component_ref idref="oc-dd"/>
            <object_component_ref idref="oc-ce"/>
            <object_component_ref idref="oc-d4"/>
            <object_component_ref idref="oc-3d"/>
            <object_component_ref idref="oc-a2"/>
            <object_component_ref idref="oc-73"/>
            <object_component_ref idref="oc-4d"/>
            <object_component_ref idref="oc-9a"/>
            <object_component_ref idref="oc-62"/>
            <object_component_ref idref="oc-5e"/>
            <object_component_ref idref="oc-83"/>
         </contents>
      </logical_group>
      <logical_group id="lg-12a" display="never" color="cyan">
         <name>.debug_aranges</name>
         <load_address>0x0</load_address>
         <run_address>0x0</run_address>
         <size>0x60</size>
         <contents>
            <object_component_ref idref="oc-61"/>
            <object_component_ref idref="oc-5d"/>
            <object_component_ref idref="oc-85"/>
         </contents>
      </logical_group>
      <logical_group id="lg-133" display="no" color="cyan">
         <name>Veneer$$CMSE</name>
         <run_address>0x0</run_address>
         <size>0x0</size>
         <contents>
         </contents>
      </logical_group>
      <load_segment id="lg-139" display="no" color="cyan">
         <name>SEGMENT_0</name>
         <load_address>0x0</load_address>
         <run_address>0x0</run_address>
         <size>0x560</size>
         <flags>0x5</flags>
         <contents>
            <logical_group_ref idref="lg-2"/>
            <logical_group_ref idref="lg-3"/>
            <logical_group_ref idref="lg-7"/>
            <logical_group_ref idref="lg-5"/>
         </contents>
      </load_segment>
      <load_segment id="lg-13a" display="no" color="cyan">
         <name>SEGMENT_1</name>
         <run_address>0x20200000</run_address>
         <size>0xae</size>
         <flags>0x6</flags>
         <contents>
            <logical_group_ref idref="lg-f"/>
         </contents>
      </load_segment>
      <load_segment id="lg-13b" display="no" color="cyan">
         <name>SEGMENT_2</name>
         <run_address>0x20207e00</run_address>
         <size>0x200</size>
         <flags>0x6</flags>
         <contents>
            <logical_group_ref idref="lg-11"/>
         </contents>
      </load_segment>
   </logical_group_list>
   <placement_map>
      <memory_area display="yes" color="green">
         <name>FLASH</name>
         <page_id>0x0</page_id>
         <origin>0x0</origin>
         <length>0x20000</length>
         <used_space>0x560</used_space>
         <unused_space>0x1faa0</unused_space>
         <attributes>RX</attributes>
         <usage_details>
            <allocated_space>
               <start_address>0x0</start_address>
               <size>0x0</size>
               <logical_group_ref idref="lg-a"/>
            </allocated_space>
            <allocated_space>
               <start_address>0x0</start_address>
               <size>0xc0</size>
               <logical_group_ref idref="lg-2"/>
            </allocated_space>
            <allocated_space>
               <start_address>0xc0</start_address>
               <size>0x468</size>
               <logical_group_ref idref="lg-3"/>
            </allocated_space>
            <allocated_space>
               <start_address>0x528</start_address>
               <size>0x20</size>
               <logical_group_ref idref="lg-7"/>
            </allocated_space>
            <allocated_space>
               <start_address>0x548</start_address>
               <size>0x18</size>
               <logical_group_ref idref="lg-5"/>
            </allocated_space>
            <available_space>
               <start_address>0x560</start_address>
               <size>0x1faa0</size>
            </available_space>
         </usage_details>
      </memory_area>
      <memory_area display="yes" color="green">
         <name>SRAM</name>
         <page_id>0x0</page_id>
         <origin>0x20200000</origin>
         <length>0x8000</length>
         <used_space>0x2ae</used_space>
         <unused_space>0x7d52</unused_space>
         <attributes>RWX</attributes>
         <usage_details>
            <allocated_space>
               <start_address>0x20200000</start_address>
               <size>0x0</size>
               <logical_group_ref idref="lg-f6"/>
            </allocated_space>
            <allocated_space>
               <start_address>0x20200000</start_address>
               <size>0x0</size>
               <logical_group_ref idref="lg-f8"/>
            </allocated_space>
            <allocated_space>
               <start_address>0x20200000</start_address>
               <size>0xae</size>
               <logical_group_ref idref="lg-f"/>
            </allocated_space>
            <available_space>
               <start_address>0x202000ae</start_address>
               <size>0x7d52</size>
            </available_space>
            <allocated_space>
               <start_address>0x20207e00</start_address>
               <size>0x200</size>
               <logical_group_ref idref="lg-11"/>
            </allocated_space>
         </usage_details>
      </memory_area>
      <memory_area display="yes" color="green">
         <name>BCR_CONFIG</name>
         <page_id>0x0</page_id>
         <origin>0x41c00000</origin>
         <length>0x80</length>
         <used_space>0x0</used_space>
         <unused_space>0x80</unused_space>
         <attributes>R</attributes>
         <usage_details>
         </usage_details>
      </memory_area>
      <memory_area display="yes" color="green">
         <name>BSL_CONFIG</name>
         <page_id>0x0</page_id>
         <origin>0x41c00100</origin>
         <length>0x80</length>
         <used_space>0x0</used_space>
         <unused_space>0x80</unused_space>
         <attributes>R</attributes>
         <usage_details>
         </usage_details>
      </memory_area>
   </placement_map>
   <cptbl_list>
      <cptbl>
         <name>__TI_cinit_table</name>
         <cprec>
            <name>.bss</name>
            <load_address>0x548</load_address>
            <load_size>0x8</load_size>
            <run_address>0x20200000</run_address>
            <run_size>0xae</run_size>
            <compression>zero_init</compression>
         </cprec>
      </cptbl>
   </cptbl_list>
   <handler_table>
      <handler_table_name>__TI_handler_table</handler_table_name>
      <handler>
         <index>0x0</index>
         <name>__TI_zero_init</name>
      </handler>
   </handler_table>
   <symbol_table>
      <symbol id="sm-1">
         <name>__start___llvm_prf_cnts</name>
         <value>0x20200000</value>
      </symbol>
      <symbol id="sm-2">
         <name>__stop___llvm_prf_cnts</name>
         <value>0x20200000</value>
      </symbol>
      <symbol id="sm-3">
         <name>__start___llvm_prf_bits</name>
         <value>0x20200000</value>
      </symbol>
      <symbol id="sm-4">
         <name>__stop___llvm_prf_bits</name>
         <value>0x20200000</value>
      </symbol>
      <symbol id="sm-5">
         <name>__TI_CINIT_Base</name>
         <value>0x554</value>
      </symbol>
      <symbol id="sm-6">
         <name>__TI_CINIT_Limit</name>
         <value>0x55c</value>
      </symbol>
      <symbol id="sm-7">
         <name>__TI_CINIT_Warm</name>
         <value>0x55c</value>
      </symbol>
      <symbol id="sm-8">
         <name>__TI_Handler_Table_Base</name>
         <value>0x550</value>
      </symbol>
      <symbol id="sm-9">
         <name>__TI_Handler_Table_Limit</name>
         <value>0x554</value>
      </symbol>
      <symbol id="sm-a">
         <name>binit</name>
         <value>0xffffffff</value>
      </symbol>
      <symbol id="sm-b">
         <name>__binit__</name>
         <value>0xffffffff</value>
      </symbol>
      <symbol id="sm-c">
         <name>__STACK_SIZE</name>
         <value>0x200</value>
      </symbol>
      <symbol id="sm-d">
         <name>__STACK_END</name>
         <value>0x20208000</value>
      </symbol>
      <symbol id="sm-e">
         <name>__TI_pprof_out_hndl</name>
         <value>0xffffffff</value>
      </symbol>
      <symbol id="sm-f">
         <name>__TI_prof_data_start</name>
         <value>0xffffffff</value>
      </symbol>
      <symbol id="sm-10">
         <name>__TI_prof_data_size</name>
         <value>0xffffffff</value>
      </symbol>
      <symbol id="sm-52">
         <name>SYSCFG_DL_init</name>
         <value>0x481</value>
         <object_component_ref idref="oc-91"/>
      </symbol>
      <symbol id="sm-53">
         <name>SYSCFG_DL_initPower</name>
         <value>0x311</value>
         <object_component_ref idref="oc-b7"/>
      </symbol>
      <symbol id="sm-54">
         <name>SYSCFG_DL_GPIO_init</name>
         <value>0x4e1</value>
         <object_component_ref idref="oc-b8"/>
      </symbol>
      <symbol id="sm-55">
         <name>SYSCFG_DL_SYSCTL_init</name>
         <value>0x401</value>
         <object_component_ref idref="oc-b9"/>
      </symbol>
      <symbol id="sm-56">
         <name>SYSCFG_DL_TIMER_0_init</name>
         <value>0x3c9</value>
         <object_component_ref idref="oc-bb"/>
      </symbol>
      <symbol id="sm-57">
         <name>SYSCFG_DL_ADC12_0_init</name>
         <value>0x289</value>
         <object_component_ref idref="oc-bc"/>
      </symbol>
      <symbol id="sm-58">
         <name>gTIMER_0Backup</name>
         <value>0x20200000</value>
      </symbol>
      <symbol id="sm-63">
         <name>Default_Handler</name>
         <value>0x3c7</value>
         <object_component_ref idref="oc-33"/>
      </symbol>
      <symbol id="sm-64">
         <name>Reset_Handler</name>
         <value>0x51d</value>
         <object_component_ref idref="oc-2f"/>
      </symbol>
      <symbol id="sm-65">
         <name>interruptVectors</name>
         <value>0x0</value>
         <object_component_ref idref="oc-18"/>
      </symbol>
      <symbol id="sm-66">
         <name>NMI_Handler</name>
         <value>0x3c7</value>
         <object_component_ref idref="oc-33"/>
      </symbol>
      <symbol id="sm-67">
         <name>HardFault_Handler</name>
         <value>0x3c7</value>
         <object_component_ref idref="oc-33"/>
      </symbol>
      <symbol id="sm-68">
         <name>SVC_Handler</name>
         <value>0x3c7</value>
         <object_component_ref idref="oc-33"/>
      </symbol>
      <symbol id="sm-69">
         <name>PendSV_Handler</name>
         <value>0x3c7</value>
         <object_component_ref idref="oc-33"/>
      </symbol>
      <symbol id="sm-6a">
         <name>SysTick_Handler</name>
         <value>0x3c7</value>
         <object_component_ref idref="oc-33"/>
      </symbol>
      <symbol id="sm-6b">
         <name>GROUP0_IRQHandler</name>
         <value>0x3c7</value>
         <object_component_ref idref="oc-33"/>
      </symbol>
      <symbol id="sm-6c">
         <name>GROUP1_IRQHandler</name>
         <value>0x3c7</value>
         <object_component_ref idref="oc-33"/>
      </symbol>
      <symbol id="sm-6d">
         <name>TIMG8_IRQHandler</name>
         <value>0x3c7</value>
         <object_component_ref idref="oc-33"/>
      </symbol>
      <symbol id="sm-6e">
         <name>UART3_IRQHandler</name>
         <value>0x3c7</value>
         <object_component_ref idref="oc-33"/>
      </symbol>
      <symbol id="sm-6f">
         <name>ADC0_IRQHandler</name>
         <value>0x3c7</value>
         <object_component_ref idref="oc-33"/>
      </symbol>
      <symbol id="sm-70">
         <name>ADC1_IRQHandler</name>
         <value>0x3c7</value>
         <object_component_ref idref="oc-33"/>
      </symbol>
      <symbol id="sm-71">
         <name>CANFD0_IRQHandler</name>
         <value>0x3c7</value>
         <object_component_ref idref="oc-33"/>
      </symbol>
      <symbol id="sm-72">
         <name>DAC0_IRQHandler</name>
         <value>0x3c7</value>
         <object_component_ref idref="oc-33"/>
      </symbol>
      <symbol id="sm-73">
         <name>SPI0_IRQHandler</name>
         <value>0x3c7</value>
         <object_component_ref idref="oc-33"/>
      </symbol>
      <symbol id="sm-74">
         <name>SPI1_IRQHandler</name>
         <value>0x3c7</value>
         <object_component_ref idref="oc-33"/>
      </symbol>
      <symbol id="sm-75">
         <name>UART1_IRQHandler</name>
         <value>0x3c7</value>
         <object_component_ref idref="oc-33"/>
      </symbol>
      <symbol id="sm-76">
         <name>UART2_IRQHandler</name>
         <value>0x3c7</value>
         <object_component_ref idref="oc-33"/>
      </symbol>
      <symbol id="sm-77">
         <name>UART0_IRQHandler</name>
         <value>0x3c7</value>
         <object_component_ref idref="oc-33"/>
      </symbol>
      <symbol id="sm-78">
         <name>TIMG0_IRQHandler</name>
         <value>0x3c7</value>
         <object_component_ref idref="oc-33"/>
      </symbol>
      <symbol id="sm-79">
         <name>TIMA0_IRQHandler</name>
         <value>0x3c7</value>
         <object_component_ref idref="oc-33"/>
      </symbol>
      <symbol id="sm-7a">
         <name>TIMA1_IRQHandler</name>
         <value>0x3c7</value>
         <object_component_ref idref="oc-33"/>
      </symbol>
      <symbol id="sm-7b">
         <name>TIMG7_IRQHandler</name>
         <value>0x3c7</value>
         <object_component_ref idref="oc-33"/>
      </symbol>
      <symbol id="sm-7c">
         <name>TIMG12_IRQHandler</name>
         <value>0x3c7</value>
         <object_component_ref idref="oc-33"/>
      </symbol>
      <symbol id="sm-7d">
         <name>I2C0_IRQHandler</name>
         <value>0x3c7</value>
         <object_component_ref idref="oc-33"/>
      </symbol>
      <symbol id="sm-7e">
         <name>I2C1_IRQHandler</name>
         <value>0x3c7</value>
         <object_component_ref idref="oc-33"/>
      </symbol>
      <symbol id="sm-7f">
         <name>AES_IRQHandler</name>
         <value>0x3c7</value>
         <object_component_ref idref="oc-33"/>
      </symbol>
      <symbol id="sm-80">
         <name>RTC_IRQHandler</name>
         <value>0x3c7</value>
         <object_component_ref idref="oc-33"/>
      </symbol>
      <symbol id="sm-81">
         <name>DMA_IRQHandler</name>
         <value>0x3c7</value>
         <object_component_ref idref="oc-33"/>
      </symbol>
      <symbol id="sm-8e">
         <name>fGain</name>
         <value>0x202000a4</value>
      </symbol>
      <symbol id="sm-8f">
         <name>scale_factor</name>
         <value>0x202000a8</value>
      </symbol>
      <symbol id="sm-90">
         <name>u16ADCvalue</name>
         <value>0x202000ac</value>
      </symbol>
      <symbol id="sm-91">
         <name>main</name>
         <value>0x4a5</value>
         <object_component_ref idref="oc-76"/>
      </symbol>
      <symbol id="sm-92">
         <name>TIMG6_IRQHandler</name>
         <value>0x235</value>
         <object_component_ref idref="oc-34"/>
      </symbol>
      <symbol id="sm-93">
         <name>V</name>
         <value>0x202000a0</value>
      </symbol>
      <symbol id="sm-94">
         <name>__TI_ATRegion0_src_addr</name>
         <value>0x0</value>
      </symbol>
      <symbol id="sm-95">
         <name>__TI_ATRegion0_trg_addr</name>
         <value>0x0</value>
      </symbol>
      <symbol id="sm-96">
         <name>__TI_ATRegion0_region_sz</name>
         <value>0x0</value>
      </symbol>
      <symbol id="sm-97">
         <name>__TI_ATRegion1_src_addr</name>
         <value>0x0</value>
      </symbol>
      <symbol id="sm-98">
         <name>__TI_ATRegion1_trg_addr</name>
         <value>0x0</value>
      </symbol>
      <symbol id="sm-99">
         <name>__TI_ATRegion1_region_sz</name>
         <value>0x0</value>
      </symbol>
      <symbol id="sm-9a">
         <name>__TI_ATRegion2_src_addr</name>
         <value>0x0</value>
      </symbol>
      <symbol id="sm-9b">
         <name>__TI_ATRegion2_trg_addr</name>
         <value>0x0</value>
      </symbol>
      <symbol id="sm-9c">
         <name>__TI_ATRegion2_region_sz</name>
         <value>0x0</value>
      </symbol>
      <symbol id="sm-a7">
         <name>DL_ADC12_setClockConfig</name>
         <value>0x2d1</value>
         <object_component_ref idref="oc-da"/>
      </symbol>
      <symbol id="sm-b0">
         <name>DL_Common_delayCycles</name>
         <value>0x513</value>
         <object_component_ref idref="oc-cd"/>
      </symbol>
      <symbol id="sm-c0">
         <name>DL_Timer_setClockConfig</name>
         <value>0x4c5</value>
         <object_component_ref idref="oc-d1"/>
      </symbol>
      <symbol id="sm-c1">
         <name>DL_Timer_initTimerMode</name>
         <value>0xc1</value>
         <object_component_ref idref="oc-d7"/>
      </symbol>
      <symbol id="sm-cc">
         <name>_c_int00_noargs</name>
         <value>0x459</value>
         <object_component_ref idref="oc-54"/>
      </symbol>
      <symbol id="sm-cd">
         <name>__stack</name>
         <value>0x20207e00</value>
         <object_component_ref idref="oc-1a"/>
      </symbol>
      <symbol id="sm-d9">
         <name>__TI_auto_init_nobinit_nopinit</name>
         <value>0x351</value>
         <object_component_ref idref="oc-9d"/>
      </symbol>
      <symbol id="sm-e1">
         <name>_system_pre_init</name>
         <value>0x521</value>
         <object_component_ref idref="oc-72"/>
      </symbol>
      <symbol id="sm-ec">
         <name>__TI_zero_init_nomemset</name>
         <value>0x4fd</value>
         <object_component_ref idref="oc-4b"/>
      </symbol>
      <symbol id="sm-f8">
         <name>abort</name>
         <value>0x525</value>
         <object_component_ref idref="oc-96"/>
      </symbol>
      <symbol id="sm-f9">
         <name>C$$EXIT</name>
         <value>0x524</value>
         <object_component_ref idref="oc-96"/>
      </symbol>
      <symbol id="sm-101">
         <name>__aeabi_fmul</name>
         <value>0x1a9</value>
         <object_component_ref idref="oc-5f"/>
      </symbol>
      <symbol id="sm-102">
         <name>__mulsf3</name>
         <value>0x1a9</value>
         <object_component_ref idref="oc-5f"/>
      </symbol>
      <symbol id="sm-108">
         <name>__aeabi_ui2f</name>
         <value>0x431</value>
         <object_component_ref idref="oc-5b"/>
      </symbol>
      <symbol id="sm-109">
         <name>__floatunsisf</name>
         <value>0x431</value>
         <object_component_ref idref="oc-5b"/>
      </symbol>
      <symbol id="sm-10f">
         <name>__muldsi3</name>
         <value>0x38d</value>
         <object_component_ref idref="oc-82"/>
      </symbol>
      <symbol id="sm-110">
         <name>__TI_static_base__</name>
         <value>0x0</value>
      </symbol>
      <symbol id="sm-112">
         <name>__mpu_init</name>
         <value>0x0</value>
      </symbol>
      <symbol id="sm-113">
         <name>_system_post_cinit</name>
         <value>0x0</value>
      </symbol>
   </symbol_table>
   <title>Link successful</title>
</link_info>
