Address,Name,Size,Type,Value,Bytes,Gain,Offset,Maximum,Minimum
Show,Black,White,2000,System Status,uint16_t,Bin,0b00000000_01110111,2,,,,
Show,Black,White,2001,Control Register,uint16_t,Bin,0b00000000_00000000,2,,,,
Show,White,Red,2002,Fault Status,uint16_t,Bin,0b00000000_00000000,2,,,,
Show,White,Green,2003,Enable PWM,uint16_t,Hex,0x0000,2,,,,
Show,White,Green,2004,Vref Target,q15,Dec,0,2,930.46,,,
Show,Black,White,2005,Vrms,q15,Dec,0,2,428.42,,,
Show,Black,White,2006,Phase Sequence,float32_t,Dec,0,4,,,,
Show,0,0,2008,DAC Select,uint16_t,Hex,0x0000,2,,,,
Show,Black,White,2009,Period,uint16_t,Hex,0x0000,2,,,,
Show,Black,White,2010,ADC LPF Vin1 ,float32_t,Dec,0,4,,,,
Show,Black,White,2012,ADC LPF Vin2 ,float32_t,Dec,0,4,,,,
Show,Black,White,2014,ADC LPF Vin3 ,float32_t,Dec,0,4,,,,
Show,Black,White,2016,ADC LPF VPFC ,float32_t,Dec,0,4,,,,
Show,Black,White,2018,ADC LPF Iin1 ,float32_t,Dec,0,4,,,,
Show,Black,White,2020,ADC LPF Iin2 ,float32_t,Dec,0,4,,,,
Show,Black,White,2022,ADC LPF Iin3 ,float32_t,Dec,0,4,,,,
Show,Black,White,2024,Burst Count,uint32_t,Hex,0x00000000,4,,,,
Show,Black,White,2026,Vref Output,float32_t,Dec,0,4,,,,
Show,Black,White,2028,V-Loop Kp,float32_t,Dec,0.5235,4,,,,
Show,Black,White,2030,V-Loop Ki,float32_t,Dec,0.00012,4,,,,
Show,Black,White,2032,V-Loop Out,float32_t,Dec,0,4,,,,
Show,Black,White,2034,ID-Loop Kp,float32_t,Dec,0.647,4,,,,
Show,Black,White,2036,ID-Loop Ki,float32_t,Dec,0.0013,4,,,,
Show,Black,White,2038,ID-Loop Out,float32_t,Dec,0,4,,,,
Show,Black,White,2040,IQ-Loop Kp,float32_t,Dec,0.647,4,,,,
Show,Black,White,2042,IQ-Loop Ki,float32_t,Dec,0.0013,4,,,,
Show,Black,White,2044,IQ-Loop Out,float32_t,Dec,0,4,,,,
Show,Black,White,2046,C2000ware Version,uint32_t,Dec,403,4,,,,
Show,Black,White,2048,Sysconfig Version,uint32_t,Dec,116,4,,,,
Show,Black,White,2050,Software Version,uint32_t,Dec,10061526,4,,,,
