<?xml version="1.0" encoding="ISO-8859-1" ?>
<link_info>
   <banner>TI ARM Clang Linker PC v3.2.2.LTS</banner>
   <copyright>Copyright (c) 1996-2018 Texas Instruments Incorporated</copyright>
   <link_time>0x685e2fe6</link_time>
   <link_errors>0x0</link_errors>
   <output_file>C:\Users\roger_lin\Desktop\wpcd\G3507_WAVE_GEMERATE\Debug\G3507_WAVE_GEMERATE.out</output_file>
   <entry_point>
      <name>_c_int00_noargs</name>
      <address>0x45d</address>
   </entry_point>
   <input_file_list>
      <input_file id="fl-1">
         <path>C:\Users\roger_lin\Desktop\wpcd\G3507_WAVE_GEMERATE\Debug\.\</path>
         <kind>object</kind>
         <file>ti_msp_dl_config.o</file>
         <name>ti_msp_dl_config.o</name>
      </input_file>
      <input_file id="fl-2">
         <path>C:\Users\roger_lin\Desktop\wpcd\G3507_WAVE_GEMERATE\Debug\.\</path>
         <kind>object</kind>
         <file>startup_mspm0g350x_ticlang.o</file>
         <name>startup_mspm0g350x_ticlang.o</name>
      </input_file>
      <input_file id="fl-3">
         <path>C:\Users\roger_lin\Desktop\wpcd\G3507_WAVE_GEMERATE\Debug\.\</path>
         <kind>object</kind>
         <file>main.o</file>
         <name>main.o</name>
      </input_file>
      <input_file id="fl-10">
         <path>C:\Users\roger_lin\Desktop\wpcd\G3507_WAVE_GEMERATE\Debug\</path>
         <kind>object</kind>
         <file>&lt;internal&gt;</file>
         <name>&lt;internal&gt;</name>
      </input_file>
      <input_file id="fl-11">
         <path>C:\ti\mspm0_sdk_2_02_00_05\source\ti\driverlib\lib\ticlang\m0p\mspm0g1x0x_g3x0x\</path>
         <kind>archive</kind>
         <file>driverlib.a</file>
         <name>dl_common.o</name>
      </input_file>
      <input_file id="fl-12">
         <path>C:\ti\mspm0_sdk_2_02_00_05\source\ti\driverlib\lib\ticlang\m0p\mspm0g1x0x_g3x0x\</path>
         <kind>archive</kind>
         <file>driverlib.a</file>
         <name>dl_dac12.o</name>
      </input_file>
      <input_file id="fl-21">
         <path>C:\ti\ccs1280\ccs\tools\compiler\ti-cgt-armllvm_3.2.2.LTS\lib\armv6m-ti-none-eabi\c\</path>
         <kind>archive</kind>
         <file>libc.a</file>
         <name>boot_cortex_m.c.obj</name>
      </input_file>
      <input_file id="fl-22">
         <path>C:\ti\ccs1280\ccs\tools\compiler\ti-cgt-armllvm_3.2.2.LTS\lib\armv6m-ti-none-eabi\c\</path>
         <kind>archive</kind>
         <file>libc.a</file>
         <name>mathacl_init.c.obj</name>
      </input_file>
      <input_file id="fl-23">
         <path>C:\ti\ccs1280\ccs\tools\compiler\ti-cgt-armllvm_3.2.2.LTS\lib\armv6m-ti-none-eabi\c\</path>
         <kind>archive</kind>
         <file>libc.a</file>
         <name>autoinit.c.obj</name>
      </input_file>
      <input_file id="fl-24">
         <path>C:\ti\ccs1280\ccs\tools\compiler\ti-cgt-armllvm_3.2.2.LTS\lib\armv6m-ti-none-eabi\c\</path>
         <kind>archive</kind>
         <file>libc.a</file>
         <name>pre_init.c.obj</name>
      </input_file>
      <input_file id="fl-25">
         <path>C:\ti\ccs1280\ccs\tools\compiler\ti-cgt-armllvm_3.2.2.LTS\lib\armv6m-ti-none-eabi\c\</path>
         <kind>archive</kind>
         <file>libc.a</file>
         <name>cpy_tbl.c.obj</name>
      </input_file>
      <input_file id="fl-26">
         <path>C:\ti\ccs1280\ccs\tools\compiler\ti-cgt-armllvm_3.2.2.LTS\lib\armv6m-ti-none-eabi\c\</path>
         <kind>archive</kind>
         <file>libc.a</file>
         <name>copy_zero_init.c.obj</name>
      </input_file>
      <input_file id="fl-27">
         <path>C:\ti\ccs1280\ccs\tools\compiler\ti-cgt-armllvm_3.2.2.LTS\lib\armv6m-ti-none-eabi\c\</path>
         <kind>archive</kind>
         <file>libc.a</file>
         <name>copy_decompress_none.c.obj</name>
      </input_file>
      <input_file id="fl-28">
         <path>C:\ti\ccs1280\ccs\tools\compiler\ti-cgt-armllvm_3.2.2.LTS\lib\armv6m-ti-none-eabi\c\</path>
         <kind>archive</kind>
         <file>libc.a</file>
         <name>copy_decompress_lzss.c.obj</name>
      </input_file>
      <input_file id="fl-29">
         <path>C:\ti\ccs1280\ccs\tools\compiler\ti-cgt-armllvm_3.2.2.LTS\lib\armv6m-ti-none-eabi\c\</path>
         <kind>archive</kind>
         <file>libc.a</file>
         <name>exit.c.obj</name>
      </input_file>
      <input_file id="fl-2a">
         <path>C:\ti\ccs1280\ccs\tools\compiler\ti-cgt-armllvm_3.2.2.LTS\lib\armv6m-ti-none-eabi\c\</path>
         <kind>archive</kind>
         <file>libc.a</file>
         <name>_lock.c.obj</name>
      </input_file>
      <input_file id="fl-2b">
         <path>C:\ti\ccs1280\ccs\tools\compiler\ti-cgt-armllvm_3.2.2.LTS\lib\armv6m-ti-none-eabi\c\</path>
         <kind>archive</kind>
         <file>libc.a</file>
         <name>args_main.c.obj</name>
      </input_file>
      <input_file id="fl-91">
         <path>C:\ti\ccs1280\ccs\tools\compiler\ti-cgt-armllvm_3.2.2.LTS\lib\clang\15.0.7\lib\armv6m-ti-none-eabi\</path>
         <kind>archive</kind>
         <file>libclang_rt.builtins.a</file>
         <name>aeabi_memcpy.S.obj</name>
      </input_file>
      <input_file id="fl-92">
         <path>C:\ti\ccs1280\ccs\tools\compiler\ti-cgt-armllvm_3.2.2.LTS\lib\clang\15.0.7\lib\armv6m-ti-none-eabi\</path>
         <kind>archive</kind>
         <file>libclang_rt.builtins.a</file>
         <name>aeabi_memset.S.obj</name>
      </input_file>
      <input_file id="fl-93">
         <path>C:\ti\ccs1280\ccs\tools\compiler\ti-cgt-armllvm_3.2.2.LTS\lib\armv6m-ti-none-eabi\c\</path>
         <kind>archive</kind>
         <file>libc.a</file>
         <name>memcpy16.S.obj</name>
      </input_file>
      <input_file id="fl-94">
         <path>C:\ti\ccs1280\ccs\tools\compiler\ti-cgt-armllvm_3.2.2.LTS\lib\armv6m-ti-none-eabi\c\</path>
         <kind>archive</kind>
         <file>libc.a</file>
         <name>memset16.S.obj</name>
      </input_file>
   </input_file_list>
   <object_component_list>
      <object_component id="oc-18">
         <name>.intvecs</name>
         <load_address>0x0</load_address>
         <readonly>true</readonly>
         <run_address>0x0</run_address>
         <size>0xc0</size>
         <alignment>0x4</alignment>
         <input_file_ref idref="fl-2"/>
      </object_component>
      <object_component id="oc-63">
         <name>.text.main</name>
         <load_address>0xc0</load_address>
         <readonly>true</readonly>
         <executable>true</executable>
         <run_address>0xc0</run_address>
         <size>0x264</size>
         <alignment>0x4</alignment>
         <input_file_ref idref="fl-3"/>
      </object_component>
      <object_component id="oc-be">
         <name>.text.DL_DAC12_init</name>
         <load_address>0x324</load_address>
         <readonly>true</readonly>
         <executable>true</executable>
         <run_address>0x324</run_address>
         <size>0x88</size>
         <alignment>0x4</alignment>
         <input_file_ref idref="fl-12"/>
      </object_component>
      <object_component id="oc-a8">
         <name>.text.SYSCFG_DL_SYSCTL_init</name>
         <load_address>0x3ac</load_address>
         <readonly>true</readonly>
         <executable>true</executable>
         <run_address>0x3ac</run_address>
         <size>0x40</size>
         <alignment>0x4</alignment>
         <input_file_ref idref="fl-1"/>
      </object_component>
      <object_component id="oc-8d">
         <name>.text:__TI_auto_init_nobinit_nopinit</name>
         <load_address>0x3ec</load_address>
         <readonly>true</readonly>
         <executable>true</executable>
         <run_address>0x3ec</run_address>
         <size>0x3c</size>
         <alignment>0x4</alignment>
         <input_file_ref idref="fl-23"/>
      </object_component>
      <object_component id="oc-a6">
         <name>.text.SYSCFG_DL_initPower</name>
         <load_address>0x428</load_address>
         <readonly>true</readonly>
         <executable>true</executable>
         <run_address>0x428</run_address>
         <size>0x34</size>
         <alignment>0x4</alignment>
         <input_file_ref idref="fl-1"/>
      </object_component>
      <object_component id="oc-4f">
         <name>.text:_c_int00_noargs</name>
         <load_address>0x45c</load_address>
         <readonly>true</readonly>
         <executable>true</executable>
         <run_address>0x45c</run_address>
         <size>0x28</size>
         <alignment>0x4</alignment>
         <input_file_ref idref="fl-21"/>
      </object_component>
      <object_component id="oc-aa">
         <name>.text.SYSCFG_DL_DAC12_init</name>
         <load_address>0x484</load_address>
         <readonly>true</readonly>
         <executable>true</executable>
         <run_address>0x484</run_address>
         <size>0x24</size>
         <alignment>0x4</alignment>
         <input_file_ref idref="fl-1"/>
      </object_component>
      <object_component id="oc-a7">
         <name>.text.SYSCFG_DL_GPIO_init</name>
         <load_address>0x4a8</load_address>
         <readonly>true</readonly>
         <executable>true</executable>
         <run_address>0x4a8</run_address>
         <size>0x24</size>
         <alignment>0x4</alignment>
         <input_file_ref idref="fl-1"/>
      </object_component>
      <object_component id="oc-46">
         <name>.text:decompress:ZI:__TI_zero_init_nomemset</name>
         <load_address>0x4cc</load_address>
         <readonly>true</readonly>
         <executable>true</executable>
         <run_address>0x4cc</run_address>
         <size>0x16</size>
         <alignment>0x2</alignment>
         <input_file_ref idref="fl-26"/>
      </object_component>
      <object_component id="oc-7d">
         <name>.text.SYSCFG_DL_init</name>
         <load_address>0x4e2</load_address>
         <readonly>true</readonly>
         <executable>true</executable>
         <run_address>0x4e2</run_address>
         <size>0x14</size>
         <alignment>0x2</alignment>
         <input_file_ref idref="fl-1"/>
      </object_component>
      <object_component id="oc-ba">
         <name>.text.DL_Common_delayCycles</name>
         <load_address>0x4f6</load_address>
         <readonly>true</readonly>
         <executable>true</executable>
         <run_address>0x4f6</run_address>
         <size>0xa</size>
         <alignment>0x2</alignment>
         <input_file_ref idref="fl-11"/>
      </object_component>
      <object_component id="oc-2f">
         <name>.text.Reset_Handler</name>
         <load_address>0x500</load_address>
         <readonly>true</readonly>
         <executable>true</executable>
         <run_address>0x500</run_address>
         <size>0x4</size>
         <alignment>0x2</alignment>
         <input_file_ref idref="fl-2"/>
      </object_component>
      <object_component id="oc-5f">
         <name>.text._system_pre_init</name>
         <load_address>0x504</load_address>
         <readonly>true</readonly>
         <executable>true</executable>
         <run_address>0x504</run_address>
         <size>0x4</size>
         <alignment>0x2</alignment>
         <input_file_ref idref="fl-24"/>
      </object_component>
      <object_component id="oc-86">
         <name>.text:abort</name>
         <load_address>0x508</load_address>
         <readonly>true</readonly>
         <executable>true</executable>
         <run_address>0x508</run_address>
         <size>0x4</size>
         <alignment>0x2</alignment>
         <input_file_ref idref="fl-29"/>
      </object_component>
      <object_component id="oc-33">
         <name>.text.Default_Handler</name>
         <load_address>0x50c</load_address>
         <readonly>true</readonly>
         <executable>true</executable>
         <run_address>0x50c</run_address>
         <size>0x2</size>
         <alignment>0x2</alignment>
         <input_file_ref idref="fl-2"/>
      </object_component>
      <object_component id="oc-114">
         <name>.cinit..bss.load</name>
         <load_address>0x530</load_address>
         <readonly>true</readonly>
         <run_address>0x530</run_address>
         <size>0x8</size>
         <alignment>0x4</alignment>
      </object_component>
      <object_component id="oc-112">
         <name>__TI_handler_table</name>
         <load_address>0x538</load_address>
         <readonly>true</readonly>
         <run_address>0x538</run_address>
         <size>0x4</size>
         <alignment>0x4</alignment>
      </object_component>
      <object_component id="oc-113">
         <name>__TI_cinit_table</name>
         <load_address>0x53c</load_address>
         <readonly>true</readonly>
         <run_address>0x53c</run_address>
         <size>0x8</size>
         <alignment>0x4</alignment>
      </object_component>
      <object_component id="oc-c4">
         <name>.rodata.gDAC12Config</name>
         <load_address>0x510</load_address>
         <readonly>true</readonly>
         <run_address>0x510</run_address>
         <size>0x20</size>
         <alignment>0x4</alignment>
         <input_file_ref idref="fl-1"/>
      </object_component>
      <object_component id="oc-dc">
         <name>.binit</name>
         <load_address>0x0</load_address>
         <readonly>true</readonly>
         <run_address>0x0</run_address>
         <size>0x0</size>
         <alignment>0x4</alignment>
      </object_component>
      <object_component id="oc-83">
         <name>.common:DAC_value</name>
         <uninitialized>true</uninitialized>
         <readwrite>true</readwrite>
         <run_address>0x20200100</run_address>
         <size>0x4</size>
         <alignment>0x4</alignment>
      </object_component>
      <object_component id="oc-82">
         <name>.common:triangle_wave</name>
         <uninitialized>true</uninitialized>
         <readwrite>true</readwrite>
         <run_address>0x20200000</run_address>
         <size>0x100</size>
         <alignment>0x2</alignment>
      </object_component>
      <object_component id="oc-1a">
         <name>.stack</name>
         <uninitialized>true</uninitialized>
         <readwrite>true</readwrite>
         <run_address>0x20207e00</run_address>
         <size>0x4</size>
         <alignment>0x4</alignment>
         <input_file_ref idref="fl-21"/>
      </object_component>
      <object_component id="oc-116">
         <name>.stack</name>
         <uninitialized>true</uninitialized>
         <readwrite>true</readwrite>
         <run_address>0x20207e00</run_address>
         <size>0x0</size>
         <alignment>0x8</alignment>
      </object_component>
      <object_component id="oc-a9">
         <name>.debug_loc</name>
         <load_address>0x0</load_address>
         <run_address>0x0</run_address>
         <size>0x36</size>
         <alignment>0x1</alignment>
         <input_file_ref idref="fl-1"/>
      </object_component>
      <object_component id="oc-64">
         <name>.debug_loc</name>
         <load_address>0x36</load_address>
         <run_address>0x36</run_address>
         <size>0x98</size>
         <alignment>0x1</alignment>
         <input_file_ref idref="fl-3"/>
      </object_component>
      <object_component id="oc-d0">
         <name>.debug_loc</name>
         <load_address>0xce</load_address>
         <run_address>0xce</run_address>
         <size>0x13</size>
         <alignment>0x1</alignment>
         <input_file_ref idref="fl-11"/>
      </object_component>
      <object_component id="oc-bf">
         <name>.debug_loc</name>
         <load_address>0xe1</load_address>
         <run_address>0xe1</run_address>
         <size>0x3a0</size>
         <alignment>0x1</alignment>
         <input_file_ref idref="fl-12"/>
      </object_component>
      <object_component id="oc-3a">
         <name>.debug_loc</name>
         <load_address>0x481</load_address>
         <run_address>0x481</run_address>
         <size>0xd8</size>
         <alignment>0x1</alignment>
         <input_file_ref idref="fl-21"/>
      </object_component>
      <object_component id="oc-92">
         <name>.debug_loc</name>
         <load_address>0x559</load_address>
         <run_address>0x559</run_address>
         <size>0x480</size>
         <alignment>0x1</alignment>
         <input_file_ref idref="fl-23"/>
      </object_component>
      <object_component id="oc-48">
         <name>.debug_loc</name>
         <load_address>0x9d9</load_address>
         <run_address>0x9d9</run_address>
         <size>0x16c</size>
         <alignment>0x1</alignment>
         <input_file_ref idref="fl-26"/>
      </object_component>
      <object_component id="oc-8c">
         <name>.debug_loc</name>
         <load_address>0xb45</load_address>
         <run_address>0xb45</run_address>
         <size>0x26</size>
         <alignment>0x1</alignment>
         <input_file_ref idref="fl-29"/>
      </object_component>
      <object_component id="oc-ab">
         <name>.debug_abbrev</name>
         <load_address>0x0</load_address>
         <run_address>0x0</run_address>
         <size>0x1f0</size>
         <alignment>0x1</alignment>
         <input_file_ref idref="fl-1"/>
      </object_component>
      <object_component id="oc-34">
         <name>.debug_abbrev</name>
         <load_address>0x1f0</load_address>
         <run_address>0x1f0</run_address>
         <size>0x6d</size>
         <alignment>0x1</alignment>
         <input_file_ref idref="fl-2"/>
      </object_component>
      <object_component id="oc-84">
         <name>.debug_abbrev</name>
         <load_address>0x25d</load_address>
         <run_address>0x25d</run_address>
         <size>0x1b5</size>
         <alignment>0x1</alignment>
         <input_file_ref idref="fl-3"/>
      </object_component>
      <object_component id="oc-ce">
         <name>.debug_abbrev</name>
         <load_address>0x412</load_address>
         <run_address>0x412</run_address>
         <size>0x62</size>
         <alignment>0x1</alignment>
         <input_file_ref idref="fl-11"/>
      </object_component>
      <object_component id="oc-d1">
         <name>.debug_abbrev</name>
         <load_address>0x474</load_address>
         <run_address>0x474</run_address>
         <size>0x227</size>
         <alignment>0x1</alignment>
         <input_file_ref idref="fl-12"/>
      </object_component>
      <object_component id="oc-36">
         <name>.debug_abbrev</name>
         <load_address>0x69b</load_address>
         <run_address>0x69b</run_address>
         <size>0xaf</size>
         <alignment>0x1</alignment>
         <input_file_ref idref="fl-21"/>
      </object_component>
      <object_component id="oc-b3">
         <name>.debug_abbrev</name>
         <load_address>0x74a</load_address>
         <run_address>0x74a</run_address>
         <size>0x186</size>
         <alignment>0x1</alignment>
         <input_file_ref idref="fl-23"/>
      </object_component>
      <object_component id="oc-7b">
         <name>.debug_abbrev</name>
         <load_address>0x8d0</load_address>
         <run_address>0x8d0</run_address>
         <size>0x39</size>
         <alignment>0x1</alignment>
         <input_file_ref idref="fl-24"/>
      </object_component>
      <object_component id="oc-58">
         <name>.debug_abbrev</name>
         <load_address>0x909</load_address>
         <run_address>0x909</run_address>
         <size>0xc2</size>
         <alignment>0x1</alignment>
         <input_file_ref idref="fl-26"/>
      </object_component>
      <object_component id="oc-ad">
         <name>.debug_abbrev</name>
         <load_address>0x9cb</load_address>
         <run_address>0x9cb</run_address>
         <size>0xb3</size>
         <alignment>0x1</alignment>
         <input_file_ref idref="fl-29"/>
      </object_component>
      <object_component id="oc-118">
         <name>.debug_abbrev</name>
         <load_address>0xa7e</load_address>
         <run_address>0xa7e</run_address>
         <size>0xf</size>
         <alignment>0x0</alignment>
      </object_component>
      <object_component id="oc-7e">
         <name>.debug_info</name>
         <load_address>0x0</load_address>
         <run_address>0x0</run_address>
         <size>0x2638</size>
         <alignment>0x1</alignment>
         <input_file_ref idref="fl-1"/>
      </object_component>
      <object_component id="oc-19">
         <name>.debug_info</name>
         <load_address>0x2638</load_address>
         <run_address>0x2638</run_address>
         <size>0x80</size>
         <alignment>0x1</alignment>
         <input_file_ref idref="fl-2"/>
      </object_component>
      <object_component id="oc-65">
         <name>.debug_info</name>
         <load_address>0x26b8</load_address>
         <run_address>0x26b8</run_address>
         <size>0x599</size>
         <alignment>0x1</alignment>
         <input_file_ref idref="fl-3"/>
      </object_component>
      <object_component id="oc-bd">
         <name>.debug_info</name>
         <load_address>0x2c51</load_address>
         <run_address>0x2c51</run_address>
         <size>0x75</size>
         <alignment>0x1</alignment>
         <input_file_ref idref="fl-11"/>
      </object_component>
      <object_component id="oc-c0">
         <name>.debug_info</name>
         <load_address>0x2cc6</load_address>
         <run_address>0x2cc6</run_address>
         <size>0xada</size>
         <alignment>0x1</alignment>
         <input_file_ref idref="fl-12"/>
      </object_component>
      <object_component id="oc-1b">
         <name>.debug_info</name>
         <load_address>0x37a0</load_address>
         <run_address>0x37a0</run_address>
         <size>0x423</size>
         <alignment>0x1</alignment>
         <input_file_ref idref="fl-21"/>
      </object_component>
      <object_component id="oc-8f">
         <name>.debug_info</name>
         <load_address>0x3bc3</load_address>
         <run_address>0x3bc3</run_address>
         <size>0x74a</size>
         <alignment>0x1</alignment>
         <input_file_ref idref="fl-23"/>
      </object_component>
      <object_component id="oc-62">
         <name>.debug_info</name>
         <load_address>0x430d</load_address>
         <run_address>0x430d</run_address>
         <size>0x46</size>
         <alignment>0x1</alignment>
         <input_file_ref idref="fl-24"/>
      </object_component>
      <object_component id="oc-4b">
         <name>.debug_info</name>
         <load_address>0x4353</load_address>
         <run_address>0x4353</run_address>
         <size>0x192</size>
         <alignment>0x1</alignment>
         <input_file_ref idref="fl-26"/>
      </object_component>
      <object_component id="oc-87">
         <name>.debug_info</name>
         <load_address>0x44e5</load_address>
         <run_address>0x44e5</run_address>
         <size>0xed</size>
         <alignment>0x1</alignment>
         <input_file_ref idref="fl-29"/>
      </object_component>
      <object_component id="oc-117">
         <name>.debug_info</name>
         <load_address>0x45d2</load_address>
         <run_address>0x45d2</run_address>
         <size>0xad</size>
         <alignment>0x0</alignment>
      </object_component>
      <object_component id="oc-7f">
         <name>.debug_ranges</name>
         <load_address>0x0</load_address>
         <run_address>0x0</run_address>
         <size>0x30</size>
         <alignment>0x1</alignment>
         <input_file_ref idref="fl-1"/>
      </object_component>
      <object_component id="oc-31">
         <name>.debug_ranges</name>
         <load_address>0x30</load_address>
         <run_address>0x30</run_address>
         <size>0x18</size>
         <alignment>0x1</alignment>
         <input_file_ref idref="fl-2"/>
      </object_component>
      <object_component id="oc-66">
         <name>.debug_ranges</name>
         <load_address>0x48</load_address>
         <run_address>0x48</run_address>
         <size>0x68</size>
         <alignment>0x1</alignment>
         <input_file_ref idref="fl-3"/>
      </object_component>
      <object_component id="oc-c1">
         <name>.debug_ranges</name>
         <load_address>0xb0</load_address>
         <run_address>0xb0</run_address>
         <size>0x138</size>
         <alignment>0x1</alignment>
         <input_file_ref idref="fl-12"/>
      </object_component>
      <object_component id="oc-39">
         <name>.debug_ranges</name>
         <load_address>0x1e8</load_address>
         <run_address>0x1e8</run_address>
         <size>0x48</size>
         <alignment>0x1</alignment>
         <input_file_ref idref="fl-21"/>
      </object_component>
      <object_component id="oc-90">
         <name>.debug_ranges</name>
         <load_address>0x230</load_address>
         <run_address>0x230</run_address>
         <size>0xa8</size>
         <alignment>0x1</alignment>
         <input_file_ref idref="fl-23"/>
      </object_component>
      <object_component id="oc-49">
         <name>.debug_ranges</name>
         <load_address>0x2d8</load_address>
         <run_address>0x2d8</run_address>
         <size>0x18</size>
         <alignment>0x1</alignment>
         <input_file_ref idref="fl-26"/>
      </object_component>
      <object_component id="oc-88">
         <name>.debug_ranges</name>
         <load_address>0x2f0</load_address>
         <run_address>0x2f0</run_address>
         <size>0x18</size>
         <alignment>0x1</alignment>
         <input_file_ref idref="fl-29"/>
      </object_component>
      <object_component id="oc-ac">
         <name>.debug_str</name>
         <load_address>0x0</load_address>
         <run_address>0x0</run_address>
         <size>0x1946</size>
         <alignment>0x1</alignment>
         <input_file_ref idref="fl-1"/>
      </object_component>
      <object_component id="oc-35">
         <name>.debug_str</name>
         <load_address>0x1946</load_address>
         <run_address>0x1946</run_address>
         <size>0x164</size>
         <alignment>0x1</alignment>
         <input_file_ref idref="fl-2"/>
      </object_component>
      <object_component id="oc-85">
         <name>.debug_str</name>
         <load_address>0x1aaa</load_address>
         <run_address>0x1aaa</run_address>
         <size>0x2fc</size>
         <alignment>0x1</alignment>
         <input_file_ref idref="fl-3"/>
      </object_component>
      <object_component id="oc-cf">
         <name>.debug_str</name>
         <load_address>0x1da6</load_address>
         <run_address>0x1da6</run_address>
         <size>0x177</size>
         <alignment>0x1</alignment>
         <input_file_ref idref="fl-11"/>
      </object_component>
      <object_component id="oc-d2">
         <name>.debug_str</name>
         <load_address>0x1f1d</load_address>
         <run_address>0x1f1d</run_address>
         <size>0xa48</size>
         <alignment>0x1</alignment>
         <input_file_ref idref="fl-12"/>
      </object_component>
      <object_component id="oc-37">
         <name>.debug_str</name>
         <load_address>0x2965</load_address>
         <run_address>0x2965</run_address>
         <size>0x225</size>
         <alignment>0x1</alignment>
         <input_file_ref idref="fl-21"/>
      </object_component>
      <object_component id="oc-b4">
         <name>.debug_str</name>
         <load_address>0x2b8a</load_address>
         <run_address>0x2b8a</run_address>
         <size>0x32f</size>
         <alignment>0x1</alignment>
         <input_file_ref idref="fl-23"/>
      </object_component>
      <object_component id="oc-7c">
         <name>.debug_str</name>
         <load_address>0x2eb9</load_address>
         <run_address>0x2eb9</run_address>
         <size>0xf5</size>
         <alignment>0x1</alignment>
         <input_file_ref idref="fl-24"/>
      </object_component>
      <object_component id="oc-59">
         <name>.debug_str</name>
         <load_address>0x2fae</load_address>
         <run_address>0x2fae</run_address>
         <size>0x19b</size>
         <alignment>0x1</alignment>
         <input_file_ref idref="fl-26"/>
      </object_component>
      <object_component id="oc-ae">
         <name>.debug_str</name>
         <load_address>0x3149</load_address>
         <run_address>0x3149</run_address>
         <size>0x13f</size>
         <alignment>0x1</alignment>
         <input_file_ref idref="fl-29"/>
      </object_component>
      <object_component id="oc-80">
         <name>.debug_frame</name>
         <load_address>0x0</load_address>
         <run_address>0x0</run_address>
         <size>0x78</size>
         <alignment>0x4</alignment>
         <input_file_ref idref="fl-1"/>
      </object_component>
      <object_component id="oc-32">
         <name>.debug_frame</name>
         <load_address>0x78</load_address>
         <run_address>0x78</run_address>
         <size>0x30</size>
         <alignment>0x4</alignment>
         <input_file_ref idref="fl-2"/>
      </object_component>
      <object_component id="oc-68">
         <name>.debug_frame</name>
         <load_address>0xa8</load_address>
         <run_address>0xa8</run_address>
         <size>0x60</size>
         <alignment>0x4</alignment>
         <input_file_ref idref="fl-3"/>
      </object_component>
      <object_component id="oc-bb">
         <name>.debug_frame</name>
         <load_address>0x108</load_address>
         <run_address>0x108</run_address>
         <size>0x20</size>
         <alignment>0x4</alignment>
         <input_file_ref idref="fl-11"/>
      </object_component>
      <object_component id="oc-c3">
         <name>.debug_frame</name>
         <load_address>0x128</load_address>
         <run_address>0x128</run_address>
         <size>0xa8</size>
         <alignment>0x4</alignment>
         <input_file_ref idref="fl-12"/>
      </object_component>
      <object_component id="oc-4e">
         <name>.debug_frame</name>
         <load_address>0x1d0</load_address>
         <run_address>0x1d0</run_address>
         <size>0x90</size>
         <alignment>0x4</alignment>
         <input_file_ref idref="fl-21"/>
      </object_component>
      <object_component id="oc-91">
         <name>.debug_frame</name>
         <load_address>0x260</load_address>
         <run_address>0x260</run_address>
         <size>0x100</size>
         <alignment>0x4</alignment>
         <input_file_ref idref="fl-23"/>
      </object_component>
      <object_component id="oc-60">
         <name>.debug_frame</name>
         <load_address>0x360</load_address>
         <run_address>0x360</run_address>
         <size>0x20</size>
         <alignment>0x4</alignment>
         <input_file_ref idref="fl-24"/>
      </object_component>
      <object_component id="oc-47">
         <name>.debug_frame</name>
         <load_address>0x380</load_address>
         <run_address>0x380</run_address>
         <size>0x38</size>
         <alignment>0x4</alignment>
         <input_file_ref idref="fl-26"/>
      </object_component>
      <object_component id="oc-8a">
         <name>.debug_frame</name>
         <load_address>0x3b8</load_address>
         <run_address>0x3b8</run_address>
         <size>0x30</size>
         <alignment>0x4</alignment>
         <input_file_ref idref="fl-29"/>
      </object_component>
      <object_component id="oc-81">
         <name>.debug_line</name>
         <load_address>0x0</load_address>
         <run_address>0x0</run_address>
         <size>0x3d8</size>
         <alignment>0x1</alignment>
         <input_file_ref idref="fl-1"/>
      </object_component>
      <object_component id="oc-30">
         <name>.debug_line</name>
         <load_address>0x3d8</load_address>
         <run_address>0x3d8</run_address>
         <size>0xba</size>
         <alignment>0x1</alignment>
         <input_file_ref idref="fl-2"/>
      </object_component>
      <object_component id="oc-67">
         <name>.debug_line</name>
         <load_address>0x492</load_address>
         <run_address>0x492</run_address>
         <size>0x5ab</size>
         <alignment>0x1</alignment>
         <input_file_ref idref="fl-3"/>
      </object_component>
      <object_component id="oc-bc">
         <name>.debug_line</name>
         <load_address>0xa3d</load_address>
         <run_address>0xa3d</run_address>
         <size>0xe4</size>
         <alignment>0x1</alignment>
         <input_file_ref idref="fl-11"/>
      </object_component>
      <object_component id="oc-c2">
         <name>.debug_line</name>
         <load_address>0xb21</load_address>
         <run_address>0xb21</run_address>
         <size>0x472</size>
         <alignment>0x1</alignment>
         <input_file_ref idref="fl-12"/>
      </object_component>
      <object_component id="oc-38">
         <name>.debug_line</name>
         <load_address>0xf93</load_address>
         <run_address>0xf93</run_address>
         <size>0x1fe</size>
         <alignment>0x1</alignment>
         <input_file_ref idref="fl-21"/>
      </object_component>
      <object_component id="oc-8e">
         <name>.debug_line</name>
         <load_address>0x1191</load_address>
         <run_address>0x1191</run_address>
         <size>0x4fb</size>
         <alignment>0x1</alignment>
         <input_file_ref idref="fl-23"/>
      </object_component>
      <object_component id="oc-61">
         <name>.debug_line</name>
         <load_address>0x168c</load_address>
         <run_address>0x168c</run_address>
         <size>0x3e</size>
         <alignment>0x1</alignment>
         <input_file_ref idref="fl-24"/>
      </object_component>
      <object_component id="oc-4a">
         <name>.debug_line</name>
         <load_address>0x16ca</load_address>
         <run_address>0x16ca</run_address>
         <size>0xf8</size>
         <alignment>0x1</alignment>
         <input_file_ref idref="fl-26"/>
      </object_component>
      <object_component id="oc-89">
         <name>.debug_line</name>
         <load_address>0x17c2</load_address>
         <run_address>0x17c2</run_address>
         <size>0x6b</size>
         <alignment>0x1</alignment>
         <input_file_ref idref="fl-29"/>
      </object_component>
   </object_component_list>
   <logical_group_list>
      <logical_group id="lg-2" display="no" color="cyan">
         <name>.intvecs</name>
         <load_address>0x0</load_address>
         <run_address>0x0</run_address>
         <size>0xc0</size>
         <contents>
            <object_component_ref idref="oc-18"/>
         </contents>
      </logical_group>
      <logical_group id="lg-3" display="no" color="cyan">
         <name>.text</name>
         <load_address>0xc0</load_address>
         <run_address>0xc0</run_address>
         <size>0x450</size>
         <contents>
            <object_component_ref idref="oc-63"/>
            <object_component_ref idref="oc-be"/>
            <object_component_ref idref="oc-a8"/>
            <object_component_ref idref="oc-8d"/>
            <object_component_ref idref="oc-a6"/>
            <object_component_ref idref="oc-4f"/>
            <object_component_ref idref="oc-aa"/>
            <object_component_ref idref="oc-a7"/>
            <object_component_ref idref="oc-46"/>
            <object_component_ref idref="oc-7d"/>
            <object_component_ref idref="oc-ba"/>
            <object_component_ref idref="oc-2f"/>
            <object_component_ref idref="oc-5f"/>
            <object_component_ref idref="oc-86"/>
            <object_component_ref idref="oc-33"/>
         </contents>
      </logical_group>
      <logical_group id="lg-4" display="no" color="cyan">
         <name>.const</name>
         <run_address>0x0</run_address>
         <size>0x0</size>
         <contents>
         </contents>
      </logical_group>
      <logical_group id="lg-5" display="no" color="cyan">
         <name>.cinit</name>
         <load_address>0x530</load_address>
         <run_address>0x530</run_address>
         <size>0x18</size>
         <contents>
            <object_component_ref idref="oc-114"/>
            <object_component_ref idref="oc-112"/>
            <object_component_ref idref="oc-113"/>
         </contents>
      </logical_group>
      <logical_group id="lg-6" display="no" color="cyan">
         <name>.pinit</name>
         <run_address>0x0</run_address>
         <size>0x0</size>
         <contents>
         </contents>
      </logical_group>
      <logical_group id="lg-7" display="no" color="cyan">
         <name>.rodata</name>
         <load_address>0x510</load_address>
         <run_address>0x510</run_address>
         <size>0x20</size>
         <contents>
            <object_component_ref idref="oc-c4"/>
         </contents>
      </logical_group>
      <logical_group id="lg-8" display="no" color="cyan">
         <name>.ARM.exidx</name>
         <run_address>0x0</run_address>
         <size>0x0</size>
         <contents>
         </contents>
      </logical_group>
      <logical_group id="lg-9" display="no" color="cyan">
         <name>.init_array</name>
         <run_address>0x0</run_address>
         <size>0x0</size>
         <contents>
         </contents>
      </logical_group>
      <logical_group id="lg-a" display="no" color="cyan">
         <name>.binit</name>
         <load_address>0x0</load_address>
         <run_address>0x0</run_address>
         <size>0x0</size>
         <contents>
            <object_component_ref idref="oc-dc"/>
         </contents>
      </logical_group>
      <logical_group id="lg-b" display="no" color="cyan">
         <name>.TI.ramfunc</name>
         <run_address>0x0</run_address>
         <size>0x0</size>
         <contents>
         </contents>
      </logical_group>
      <logical_group id="lg-c" display="no" color="cyan">
         <name>.vtable</name>
         <run_address>0x0</run_address>
         <size>0x0</size>
         <contents>
         </contents>
      </logical_group>
      <logical_group id="lg-d" display="no" color="cyan">
         <name>.args</name>
         <run_address>0x0</run_address>
         <size>0x0</size>
         <contents>
         </contents>
      </logical_group>
      <logical_group id="lg-e" display="no" color="cyan">
         <name>.data</name>
         <run_address>0x0</run_address>
         <size>0x0</size>
         <contents>
         </contents>
      </logical_group>
      <logical_group id="lg-f" display="no" color="cyan">
         <name>.bss</name>
         <run_address>0x20200000</run_address>
         <size>0x104</size>
         <contents>
            <object_component_ref idref="oc-83"/>
            <object_component_ref idref="oc-82"/>
         </contents>
      </logical_group>
      <logical_group id="lg-10" display="no" color="cyan">
         <name>.sysmem</name>
         <run_address>0x0</run_address>
         <size>0x0</size>
         <contents>
         </contents>
      </logical_group>
      <logical_group id="lg-11" display="no" color="cyan">
         <name>.stack</name>
         <run_address>0x20207e00</run_address>
         <size>0x200</size>
         <contents>
            <object_component_ref idref="oc-1a"/>
            <object_component_ref idref="oc-116"/>
         </contents>
      </logical_group>
      <logical_group id="lg-12" display="no" color="cyan">
         <name>.BCRConfig</name>
         <run_address>0x0</run_address>
         <size>0x0</size>
         <contents>
         </contents>
      </logical_group>
      <logical_group id="lg-13" display="no" color="cyan">
         <name>.BSLConfig</name>
         <run_address>0x0</run_address>
         <size>0x0</size>
         <contents>
         </contents>
      </logical_group>
      <logical_group id="lg-d3" display="no" color="cyan">
         <name>.TI.noinit</name>
         <run_address>0x0</run_address>
         <size>0x0</size>
         <contents>
         </contents>
      </logical_group>
      <logical_group id="lg-d4" display="no" color="cyan">
         <name>.TI.persistent</name>
         <run_address>0x0</run_address>
         <size>0x0</size>
         <contents>
         </contents>
      </logical_group>
      <logical_group id="lg-d5" display="no" color="cyan">
         <name>.TI.local</name>
         <run_address>0x0</run_address>
         <size>0x0</size>
         <contents>
         </contents>
      </logical_group>
      <logical_group id="lg-d6" display="no" color="cyan">
         <name>.TI.onchip</name>
         <run_address>0x0</run_address>
         <size>0x0</size>
         <contents>
         </contents>
      </logical_group>
      <logical_group id="lg-d7" display="no" color="cyan">
         <name>.TI.offchip</name>
         <run_address>0x0</run_address>
         <size>0x0</size>
         <contents>
         </contents>
      </logical_group>
      <logical_group id="lg-d8" display="no" color="cyan">
         <name>__llvm_prf_cnts</name>
         <run_address>0x20200000</run_address>
         <size>0x0</size>
         <contents>
         </contents>
      </logical_group>
      <logical_group id="lg-da" display="no" color="cyan">
         <name>__llvm_prf_bits</name>
         <run_address>0x20200000</run_address>
         <size>0x0</size>
         <contents>
         </contents>
      </logical_group>
      <logical_group id="lg-f6" display="never" color="cyan">
         <name>.debug_loc</name>
         <load_address>0x0</load_address>
         <run_address>0x0</run_address>
         <size>0xb6b</size>
         <contents>
            <object_component_ref idref="oc-a9"/>
            <object_component_ref idref="oc-64"/>
            <object_component_ref idref="oc-d0"/>
            <object_component_ref idref="oc-bf"/>
            <object_component_ref idref="oc-3a"/>
            <object_component_ref idref="oc-92"/>
            <object_component_ref idref="oc-48"/>
            <object_component_ref idref="oc-8c"/>
         </contents>
      </logical_group>
      <logical_group id="lg-f8" display="never" color="cyan">
         <name>.debug_abbrev</name>
         <load_address>0x0</load_address>
         <run_address>0x0</run_address>
         <size>0xa8d</size>
         <contents>
            <object_component_ref idref="oc-ab"/>
            <object_component_ref idref="oc-34"/>
            <object_component_ref idref="oc-84"/>
            <object_component_ref idref="oc-ce"/>
            <object_component_ref idref="oc-d1"/>
            <object_component_ref idref="oc-36"/>
            <object_component_ref idref="oc-b3"/>
            <object_component_ref idref="oc-7b"/>
            <object_component_ref idref="oc-58"/>
            <object_component_ref idref="oc-ad"/>
            <object_component_ref idref="oc-118"/>
         </contents>
      </logical_group>
      <logical_group id="lg-fa" display="never" color="cyan">
         <name>.debug_info</name>
         <load_address>0x0</load_address>
         <run_address>0x0</run_address>
         <size>0x467f</size>
         <contents>
            <object_component_ref idref="oc-7e"/>
            <object_component_ref idref="oc-19"/>
            <object_component_ref idref="oc-65"/>
            <object_component_ref idref="oc-bd"/>
            <object_component_ref idref="oc-c0"/>
            <object_component_ref idref="oc-1b"/>
            <object_component_ref idref="oc-8f"/>
            <object_component_ref idref="oc-62"/>
            <object_component_ref idref="oc-4b"/>
            <object_component_ref idref="oc-87"/>
            <object_component_ref idref="oc-117"/>
         </contents>
      </logical_group>
      <logical_group id="lg-fc" display="never" color="cyan">
         <name>.debug_ranges</name>
         <load_address>0x0</load_address>
         <run_address>0x0</run_address>
         <size>0x308</size>
         <contents>
            <object_component_ref idref="oc-7f"/>
            <object_component_ref idref="oc-31"/>
            <object_component_ref idref="oc-66"/>
            <object_component_ref idref="oc-c1"/>
            <object_component_ref idref="oc-39"/>
            <object_component_ref idref="oc-90"/>
            <object_component_ref idref="oc-49"/>
            <object_component_ref idref="oc-88"/>
         </contents>
      </logical_group>
      <logical_group id="lg-fe" display="never" color="cyan">
         <name>.debug_str</name>
         <load_address>0x0</load_address>
         <run_address>0x0</run_address>
         <size>0x3288</size>
         <contents>
            <object_component_ref idref="oc-ac"/>
            <object_component_ref idref="oc-35"/>
            <object_component_ref idref="oc-85"/>
            <object_component_ref idref="oc-cf"/>
            <object_component_ref idref="oc-d2"/>
            <object_component_ref idref="oc-37"/>
            <object_component_ref idref="oc-b4"/>
            <object_component_ref idref="oc-7c"/>
            <object_component_ref idref="oc-59"/>
            <object_component_ref idref="oc-ae"/>
         </contents>
      </logical_group>
      <logical_group id="lg-100" display="never" color="cyan">
         <name>.debug_frame</name>
         <load_address>0x0</load_address>
         <run_address>0x0</run_address>
         <size>0x3e8</size>
         <contents>
            <object_component_ref idref="oc-80"/>
            <object_component_ref idref="oc-32"/>
            <object_component_ref idref="oc-68"/>
            <object_component_ref idref="oc-bb"/>
            <object_component_ref idref="oc-c3"/>
            <object_component_ref idref="oc-4e"/>
            <object_component_ref idref="oc-91"/>
            <object_component_ref idref="oc-60"/>
            <object_component_ref idref="oc-47"/>
            <object_component_ref idref="oc-8a"/>
         </contents>
      </logical_group>
      <logical_group id="lg-102" display="never" color="cyan">
         <name>.debug_line</name>
         <load_address>0x0</load_address>
         <run_address>0x0</run_address>
         <size>0x182d</size>
         <contents>
            <object_component_ref idref="oc-81"/>
            <object_component_ref idref="oc-30"/>
            <object_component_ref idref="oc-67"/>
            <object_component_ref idref="oc-bc"/>
            <object_component_ref idref="oc-c2"/>
            <object_component_ref idref="oc-38"/>
            <object_component_ref idref="oc-8e"/>
            <object_component_ref idref="oc-61"/>
            <object_component_ref idref="oc-4a"/>
            <object_component_ref idref="oc-89"/>
         </contents>
      </logical_group>
      <logical_group id="lg-115" display="no" color="cyan">
         <name>Veneer$$CMSE</name>
         <run_address>0x0</run_address>
         <size>0x0</size>
         <contents>
         </contents>
      </logical_group>
      <load_segment id="lg-11b" display="no" color="cyan">
         <name>SEGMENT_0</name>
         <load_address>0x0</load_address>
         <run_address>0x0</run_address>
         <size>0x548</size>
         <flags>0x5</flags>
         <contents>
            <logical_group_ref idref="lg-2"/>
            <logical_group_ref idref="lg-3"/>
            <logical_group_ref idref="lg-7"/>
            <logical_group_ref idref="lg-5"/>
         </contents>
      </load_segment>
      <load_segment id="lg-11c" display="no" color="cyan">
         <name>SEGMENT_1</name>
         <run_address>0x20200000</run_address>
         <size>0x104</size>
         <flags>0x6</flags>
         <contents>
            <logical_group_ref idref="lg-f"/>
         </contents>
      </load_segment>
      <load_segment id="lg-11d" display="no" color="cyan">
         <name>SEGMENT_2</name>
         <run_address>0x20207e00</run_address>
         <size>0x200</size>
         <flags>0x6</flags>
         <contents>
            <logical_group_ref idref="lg-11"/>
         </contents>
      </load_segment>
   </logical_group_list>
   <placement_map>
      <memory_area display="yes" color="green">
         <name>FLASH</name>
         <page_id>0x0</page_id>
         <origin>0x0</origin>
         <length>0x20000</length>
         <used_space>0x548</used_space>
         <unused_space>0x1fab8</unused_space>
         <attributes>RX</attributes>
         <usage_details>
            <allocated_space>
               <start_address>0x0</start_address>
               <size>0x0</size>
               <logical_group_ref idref="lg-a"/>
            </allocated_space>
            <allocated_space>
               <start_address>0x0</start_address>
               <size>0xc0</size>
               <logical_group_ref idref="lg-2"/>
            </allocated_space>
            <allocated_space>
               <start_address>0xc0</start_address>
               <size>0x450</size>
               <logical_group_ref idref="lg-3"/>
            </allocated_space>
            <allocated_space>
               <start_address>0x510</start_address>
               <size>0x20</size>
               <logical_group_ref idref="lg-7"/>
            </allocated_space>
            <allocated_space>
               <start_address>0x530</start_address>
               <size>0x18</size>
               <logical_group_ref idref="lg-5"/>
            </allocated_space>
            <available_space>
               <start_address>0x548</start_address>
               <size>0x1fab8</size>
            </available_space>
         </usage_details>
      </memory_area>
      <memory_area display="yes" color="green">
         <name>SRAM</name>
         <page_id>0x0</page_id>
         <origin>0x20200000</origin>
         <length>0x8000</length>
         <used_space>0x304</used_space>
         <unused_space>0x7cfc</unused_space>
         <attributes>RWX</attributes>
         <usage_details>
            <allocated_space>
               <start_address>0x20200000</start_address>
               <size>0x0</size>
               <logical_group_ref idref="lg-d8"/>
            </allocated_space>
            <allocated_space>
               <start_address>0x20200000</start_address>
               <size>0x0</size>
               <logical_group_ref idref="lg-da"/>
            </allocated_space>
            <allocated_space>
               <start_address>0x20200000</start_address>
               <size>0x104</size>
               <logical_group_ref idref="lg-f"/>
            </allocated_space>
            <available_space>
               <start_address>0x20200104</start_address>
               <size>0x7cfc</size>
            </available_space>
            <allocated_space>
               <start_address>0x20207e00</start_address>
               <size>0x200</size>
               <logical_group_ref idref="lg-11"/>
            </allocated_space>
         </usage_details>
      </memory_area>
      <memory_area display="yes" color="green">
         <name>BCR_CONFIG</name>
         <page_id>0x0</page_id>
         <origin>0x41c00000</origin>
         <length>0x80</length>
         <used_space>0x0</used_space>
         <unused_space>0x80</unused_space>
         <attributes>R</attributes>
         <usage_details>
         </usage_details>
      </memory_area>
      <memory_area display="yes" color="green">
         <name>BSL_CONFIG</name>
         <page_id>0x0</page_id>
         <origin>0x41c00100</origin>
         <length>0x80</length>
         <used_space>0x0</used_space>
         <unused_space>0x80</unused_space>
         <attributes>R</attributes>
         <usage_details>
         </usage_details>
      </memory_area>
   </placement_map>
   <cptbl_list>
      <cptbl>
         <name>__TI_cinit_table</name>
         <cprec>
            <name>.bss</name>
            <load_address>0x530</load_address>
            <load_size>0x8</load_size>
            <run_address>0x20200000</run_address>
            <run_size>0x104</run_size>
            <compression>zero_init</compression>
         </cprec>
      </cptbl>
   </cptbl_list>
   <handler_table>
      <handler_table_name>__TI_handler_table</handler_table_name>
      <handler>
         <index>0x0</index>
         <name>__TI_zero_init</name>
      </handler>
   </handler_table>
   <symbol_table>
      <symbol id="sm-1">
         <name>__start___llvm_prf_cnts</name>
         <value>0x20200000</value>
      </symbol>
      <symbol id="sm-2">
         <name>__stop___llvm_prf_cnts</name>
         <value>0x20200000</value>
      </symbol>
      <symbol id="sm-3">
         <name>__start___llvm_prf_bits</name>
         <value>0x20200000</value>
      </symbol>
      <symbol id="sm-4">
         <name>__stop___llvm_prf_bits</name>
         <value>0x20200000</value>
      </symbol>
      <symbol id="sm-5">
         <name>__TI_CINIT_Base</name>
         <value>0x53c</value>
      </symbol>
      <symbol id="sm-6">
         <name>__TI_CINIT_Limit</name>
         <value>0x544</value>
      </symbol>
      <symbol id="sm-7">
         <name>__TI_CINIT_Warm</name>
         <value>0x544</value>
      </symbol>
      <symbol id="sm-8">
         <name>__TI_Handler_Table_Base</name>
         <value>0x538</value>
      </symbol>
      <symbol id="sm-9">
         <name>__TI_Handler_Table_Limit</name>
         <value>0x53c</value>
      </symbol>
      <symbol id="sm-a">
         <name>binit</name>
         <value>0xffffffff</value>
      </symbol>
      <symbol id="sm-b">
         <name>__binit__</name>
         <value>0xffffffff</value>
      </symbol>
      <symbol id="sm-c">
         <name>__STACK_SIZE</name>
         <value>0x200</value>
      </symbol>
      <symbol id="sm-d">
         <name>__STACK_END</name>
         <value>0x20208000</value>
      </symbol>
      <symbol id="sm-e">
         <name>__TI_pprof_out_hndl</name>
         <value>0xffffffff</value>
      </symbol>
      <symbol id="sm-f">
         <name>__TI_prof_data_start</name>
         <value>0xffffffff</value>
      </symbol>
      <symbol id="sm-10">
         <name>__TI_prof_data_size</name>
         <value>0xffffffff</value>
      </symbol>
      <symbol id="sm-49">
         <name>SYSCFG_DL_init</name>
         <value>0x4e3</value>
         <object_component_ref idref="oc-7d"/>
      </symbol>
      <symbol id="sm-4a">
         <name>SYSCFG_DL_initPower</name>
         <value>0x429</value>
         <object_component_ref idref="oc-a6"/>
      </symbol>
      <symbol id="sm-4b">
         <name>SYSCFG_DL_GPIO_init</name>
         <value>0x4a9</value>
         <object_component_ref idref="oc-a7"/>
      </symbol>
      <symbol id="sm-4c">
         <name>SYSCFG_DL_SYSCTL_init</name>
         <value>0x3ad</value>
         <object_component_ref idref="oc-a8"/>
      </symbol>
      <symbol id="sm-4d">
         <name>SYSCFG_DL_DAC12_init</name>
         <value>0x485</value>
         <object_component_ref idref="oc-aa"/>
      </symbol>
      <symbol id="sm-58">
         <name>Default_Handler</name>
         <value>0x50d</value>
         <object_component_ref idref="oc-33"/>
      </symbol>
      <symbol id="sm-59">
         <name>Reset_Handler</name>
         <value>0x501</value>
         <object_component_ref idref="oc-2f"/>
      </symbol>
      <symbol id="sm-5a">
         <name>interruptVectors</name>
         <value>0x0</value>
         <object_component_ref idref="oc-18"/>
      </symbol>
      <symbol id="sm-5b">
         <name>NMI_Handler</name>
         <value>0x50d</value>
         <object_component_ref idref="oc-33"/>
      </symbol>
      <symbol id="sm-5c">
         <name>HardFault_Handler</name>
         <value>0x50d</value>
         <object_component_ref idref="oc-33"/>
      </symbol>
      <symbol id="sm-5d">
         <name>SVC_Handler</name>
         <value>0x50d</value>
         <object_component_ref idref="oc-33"/>
      </symbol>
      <symbol id="sm-5e">
         <name>PendSV_Handler</name>
         <value>0x50d</value>
         <object_component_ref idref="oc-33"/>
      </symbol>
      <symbol id="sm-5f">
         <name>SysTick_Handler</name>
         <value>0x50d</value>
         <object_component_ref idref="oc-33"/>
      </symbol>
      <symbol id="sm-60">
         <name>GROUP0_IRQHandler</name>
         <value>0x50d</value>
         <object_component_ref idref="oc-33"/>
      </symbol>
      <symbol id="sm-61">
         <name>GROUP1_IRQHandler</name>
         <value>0x50d</value>
         <object_component_ref idref="oc-33"/>
      </symbol>
      <symbol id="sm-62">
         <name>TIMG8_IRQHandler</name>
         <value>0x50d</value>
         <object_component_ref idref="oc-33"/>
      </symbol>
      <symbol id="sm-63">
         <name>UART3_IRQHandler</name>
         <value>0x50d</value>
         <object_component_ref idref="oc-33"/>
      </symbol>
      <symbol id="sm-64">
         <name>ADC0_IRQHandler</name>
         <value>0x50d</value>
         <object_component_ref idref="oc-33"/>
      </symbol>
      <symbol id="sm-65">
         <name>ADC1_IRQHandler</name>
         <value>0x50d</value>
         <object_component_ref idref="oc-33"/>
      </symbol>
      <symbol id="sm-66">
         <name>CANFD0_IRQHandler</name>
         <value>0x50d</value>
         <object_component_ref idref="oc-33"/>
      </symbol>
      <symbol id="sm-67">
         <name>DAC0_IRQHandler</name>
         <value>0x50d</value>
         <object_component_ref idref="oc-33"/>
      </symbol>
      <symbol id="sm-68">
         <name>SPI0_IRQHandler</name>
         <value>0x50d</value>
         <object_component_ref idref="oc-33"/>
      </symbol>
      <symbol id="sm-69">
         <name>SPI1_IRQHandler</name>
         <value>0x50d</value>
         <object_component_ref idref="oc-33"/>
      </symbol>
      <symbol id="sm-6a">
         <name>UART1_IRQHandler</name>
         <value>0x50d</value>
         <object_component_ref idref="oc-33"/>
      </symbol>
      <symbol id="sm-6b">
         <name>UART2_IRQHandler</name>
         <value>0x50d</value>
         <object_component_ref idref="oc-33"/>
      </symbol>
      <symbol id="sm-6c">
         <name>UART0_IRQHandler</name>
         <value>0x50d</value>
         <object_component_ref idref="oc-33"/>
      </symbol>
      <symbol id="sm-6d">
         <name>TIMG0_IRQHandler</name>
         <value>0x50d</value>
         <object_component_ref idref="oc-33"/>
      </symbol>
      <symbol id="sm-6e">
         <name>TIMG6_IRQHandler</name>
         <value>0x50d</value>
         <object_component_ref idref="oc-33"/>
      </symbol>
      <symbol id="sm-6f">
         <name>TIMA0_IRQHandler</name>
         <value>0x50d</value>
         <object_component_ref idref="oc-33"/>
      </symbol>
      <symbol id="sm-70">
         <name>TIMA1_IRQHandler</name>
         <value>0x50d</value>
         <object_component_ref idref="oc-33"/>
      </symbol>
      <symbol id="sm-71">
         <name>TIMG7_IRQHandler</name>
         <value>0x50d</value>
         <object_component_ref idref="oc-33"/>
      </symbol>
      <symbol id="sm-72">
         <name>TIMG12_IRQHandler</name>
         <value>0x50d</value>
         <object_component_ref idref="oc-33"/>
      </symbol>
      <symbol id="sm-73">
         <name>I2C0_IRQHandler</name>
         <value>0x50d</value>
         <object_component_ref idref="oc-33"/>
      </symbol>
      <symbol id="sm-74">
         <name>I2C1_IRQHandler</name>
         <value>0x50d</value>
         <object_component_ref idref="oc-33"/>
      </symbol>
      <symbol id="sm-75">
         <name>AES_IRQHandler</name>
         <value>0x50d</value>
         <object_component_ref idref="oc-33"/>
      </symbol>
      <symbol id="sm-76">
         <name>RTC_IRQHandler</name>
         <value>0x50d</value>
         <object_component_ref idref="oc-33"/>
      </symbol>
      <symbol id="sm-77">
         <name>DMA_IRQHandler</name>
         <value>0x50d</value>
         <object_component_ref idref="oc-33"/>
      </symbol>
      <symbol id="sm-82">
         <name>DAC_value</name>
         <value>0x20200100</value>
      </symbol>
      <symbol id="sm-83">
         <name>triangle_wave</name>
         <value>0x20200000</value>
      </symbol>
      <symbol id="sm-84">
         <name>main</name>
         <value>0xc1</value>
         <object_component_ref idref="oc-63"/>
      </symbol>
      <symbol id="sm-85">
         <name>__TI_ATRegion0_src_addr</name>
         <value>0x0</value>
      </symbol>
      <symbol id="sm-86">
         <name>__TI_ATRegion0_trg_addr</name>
         <value>0x0</value>
      </symbol>
      <symbol id="sm-87">
         <name>__TI_ATRegion0_region_sz</name>
         <value>0x0</value>
      </symbol>
      <symbol id="sm-88">
         <name>__TI_ATRegion1_src_addr</name>
         <value>0x0</value>
      </symbol>
      <symbol id="sm-89">
         <name>__TI_ATRegion1_trg_addr</name>
         <value>0x0</value>
      </symbol>
      <symbol id="sm-8a">
         <name>__TI_ATRegion1_region_sz</name>
         <value>0x0</value>
      </symbol>
      <symbol id="sm-8b">
         <name>__TI_ATRegion2_src_addr</name>
         <value>0x0</value>
      </symbol>
      <symbol id="sm-8c">
         <name>__TI_ATRegion2_trg_addr</name>
         <value>0x0</value>
      </symbol>
      <symbol id="sm-8d">
         <name>__TI_ATRegion2_region_sz</name>
         <value>0x0</value>
      </symbol>
      <symbol id="sm-96">
         <name>DL_Common_delayCycles</name>
         <value>0x4f7</value>
         <object_component_ref idref="oc-ba"/>
      </symbol>
      <symbol id="sm-a1">
         <name>DL_DAC12_init</name>
         <value>0x325</value>
         <object_component_ref idref="oc-be"/>
      </symbol>
      <symbol id="sm-ac">
         <name>_c_int00_noargs</name>
         <value>0x45d</value>
         <object_component_ref idref="oc-4f"/>
      </symbol>
      <symbol id="sm-ad">
         <name>__stack</name>
         <value>0x20207e00</value>
         <object_component_ref idref="oc-1a"/>
      </symbol>
      <symbol id="sm-b9">
         <name>__TI_auto_init_nobinit_nopinit</name>
         <value>0x3ed</value>
         <object_component_ref idref="oc-8d"/>
      </symbol>
      <symbol id="sm-c1">
         <name>_system_pre_init</name>
         <value>0x505</value>
         <object_component_ref idref="oc-5f"/>
      </symbol>
      <symbol id="sm-cc">
         <name>__TI_zero_init_nomemset</name>
         <value>0x4cd</value>
         <object_component_ref idref="oc-46"/>
      </symbol>
      <symbol id="sm-d8">
         <name>abort</name>
         <value>0x509</value>
         <object_component_ref idref="oc-86"/>
      </symbol>
      <symbol id="sm-d9">
         <name>C$$EXIT</name>
         <value>0x508</value>
         <object_component_ref idref="oc-86"/>
      </symbol>
      <symbol id="sm-dc">
         <name>__TI_static_base__</name>
         <value>0x0</value>
      </symbol>
      <symbol id="sm-de">
         <name>__mpu_init</name>
         <value>0x0</value>
      </symbol>
      <symbol id="sm-df">
         <name>_system_post_cinit</name>
         <value>0x0</value>
      </symbol>
   </symbol_table>
   <title>Link successful</title>
</link_info>
